file_id,md5Checksum,name,processed_at_london
1zns5fRiaerxVHDDhtLh1c3ha8vZBOE8c,64c1f58a984f023bc87a4e383f9cd180,[exporttegus@gmail.com] 2026-02-26T13-59 Boletin Estadistico Comercialización TESTTESTTEST 26-02-2026.pdf,2026-02-26T09:42:00.112210+00:00
1GOokuNN3anFoxvrtAUq1jULJDEi1-FRF,1c2c0ae8f6dade88198b46f211a5264f,2026-02-25T13-59 [exporttegus@gmail.com] Boletín Estadístico IHCAFE al 25 de Febrero de 2026.pdf,2026-02-26T09:42:00.112210+00:00
1r8lBXFcIsBudpIwwp_5tUW63d6BxNNH7,d728f2cf4f9cd7e62b3650d760001a18,2026-02-23T14-04 [exporttegus@gmail.com] Boletín Estadístico IHCAFE al 23 de Febrero de 2026.pdf,2026-02-26T09:42:00.112210+00:00
1R07K0AYetQ75wqSDApHc9O9GsTFjTSzm,cdd4ba7043ae2d47e220e30d1e22684c,[exporttegus@gmail.com] 2026-02-23T14-04 Boletin Estadistico Comercialización 23-02-2026.pdf,2026-02-26T09:42:00.112210+00:00
1i7oAN0V5ptKkxvfnTt6fGLAG0zhSRv_f,d240f4565497f48f46ed1d1f218e570b,[exporttegus@gmail.com] 2026-02-25T13-59 Boletin Estadistico Comercialización 25-02-2026.pdf,2026-02-26T09:42:00.112210+00:00
1M41iibuTX-LV0Z1JkKuh70CgniO_FXQm,6a3f3eb1b12865101a9cf561b3f64c6e,2026-02-24T14-12 [exporttegus@gmail.com] Boletín Estadístico IHCAFE al 24 de Febrero de 2026.pdf,2026-02-26T09:42:00.112210+00:00
1JDTn12dCn9q9DxJx3MOUtEMIxf-pwEf_,d97321c8b27ef8a1214b8a7e5ab0b03f,[exporttegus@gmail.com] 2026-02-26T12-59 Boletin Estadistico Comercialización TESTTESTTEST 26-02-2026.pdf,2026-02-26T09:42:00.112210+00:00
1jneQMHyXp0Ne_SMFmNShQgWIi_PvS4qx,0f705dd62e461ed2369c6403a9a5d730,[exporttegus@gmail.com] 2026-02-24T14-12 Boletin Estadistico Comercialización 24-02-2026.pdf,2026-02-26T09:42:00.112210+00:00
19yffvHhFROn0193Z1HTsM6fVHQZKVUSy,f3277a1733a24df4fcbbbf5035e08566,[exporttegus@gmail.com] 2026-02-20T14-08 Boletin Estadistico Comercialización 20-02-2026.pdf,2026-02-26T09:42:00.112210+00:00
14TFzWRNhsdlOHSKYmLWWdhaqwxbigxnA,288ef69ec1e414ee3f8d73af80efecd8,2026-02-19T14-16 [exporttegus@gmail.com] Boletín Estadístico IHCAFE al 19 de Febrero de 2026.pdf,2026-02-26T09:42:00.112210+00:00
1nWYK_io2EPNood47eCwEan9tJL3cTnTU,31c8d86453525ba8569b3351c69d41ed,[exporttegus@gmail.com] 2026-02-19T14-16 Boletin Estadistico Comercialización 19-02-2026.pdf,2026-02-26T09:42:00.112210+00:00
1W0xcvO8wFqcEtgs2F7F1uCB4NZne04Rj,6af902b4b034b15a96e0f308045bd783,[exporttegus@gmail.com] 2026-02-17T14-10 Boletin Estadistico Comercialización 17-02-2026.pdf,2026-02-26T09:42:00.112210+00:00
1nS2PI88qy3ALmJnOlMA2UBp9ILsKN3Kh,1ee00c529eba6d264d32a83e3236da8f,2026-02-18T14-06 [exporttegus@gmail.com] Boletín Estadístico IHCAFE al 18 de Febrero de 2026.pdf,2026-02-26T09:42:00.112210+00:00
1LPwmBtcS72r339jD_uR63jl7S9JHevvV,4ec5624822a50b16faa8875212fb2687,[exporttegus@gmail.com] 2026-02-18T14-06 Boletin Estadistico Comercialización 18-02-2026.pdf,2026-02-26T09:42:00.112210+00:00
19TmecFvYI57do3rrg1q_udA0D6PPoZdc,8277f856f87e62c61748e7954de06f2f,2026-02-20T14-08 [exporttegus@gmail.com] Boletín Estadístico IHCAFE al 20 de Febrero de 2026.pdf,2026-02-26T09:42:00.112210+00:00
1Y-x3r9VUlm7Iu-RWl2eClwbOmsO5zfVG,ae04289f0cfb6d5659ecc24a85ca7bf5,[exporttegus@gmail.com] 2026-02-16T13-57 Boletin Estadistico Comercialización 16-02-2026.pdf,2026-02-26T09:42:00.112210+00:00
1C4K8DbXKU_H0j2ZyTCHxm11bzC8FGdIZ,8034fb292d26d5623b534af978e3514c,2026-02-17T14-10 [exporttegus@gmail.com] Boletín Estadístico IHCAFE al 17 de Febrero de 2026.pdf,2026-02-26T09:42:00.112210+00:00
1tQLjqUkHKHvggBxj_tPmD9FDhnOQ3eM1,914c0aeb3b8213850f998a2ccee7bb79,[exporttegus@gmail.com] 2026-02-13T14-05 Boletin Estadistico Comercialización 13-02-2026.pdf,2026-02-26T09:42:00.112210+00:00
1Z67dzf_SdP69KbI79pUUTqS91ZHBA64q,8d3598b882964f19e3531f6ec51942f8,[exporttegus@gmail.com] 2026-02-12T14-03 Boletin Estadistico Comercialización 12-02-2026.pdf,2026-02-26T09:42:00.112210+00:00
1gj-8AAxKL8VL9hrHIvnQZVeqvABnWtGq,27ca4d5b873a4ef4619b8c6640dc7897,2026-02-13T14-05 [exporttegus@gmail.com] Boletín Estadístico IHCAFE al 13 de Febrero de 2026.pdf,2026-02-26T09:42:00.112210+00:00
1HkylAekLoMMS_-Mg1MyhPW714wYbLI5i,5a2b810c8437dcac7f9651b68c77bc52,2026-02-12T14-03 [exporttegus@gmail.com] Boletín Estadístico IHCAFE al 12 de Febrero de 2026.pdf,2026-02-26T09:42:00.112210+00:00
1_hSBywbiTOOHCmHQrwkohiMVLCN8P-mr,5c347b1eced0b105c2a6472c8d21d14a,2026-02-16T13-57 [exporttegus@gmail.com] Boletín Estadístico IHCAFE al 16 de Febrero de 2026.pdf,2026-02-26T09:42:00.112210+00:00
17cc1F-Rd7f1-mxGm-rA2Za9Dmjbd9gYN,35e9349ad9040aad8e11c6cbc85d0cd3,[exporttegus@gmail.com] 2026-02-11T14-05 Boletin Estadistico Comercialización 11-02-2026.pdf,2026-02-26T09:42:00.112210+00:00
1xCkY5fvWoQ-laijA3YarV2hPkUYWzfLw,fefb99a95185337d10dafbc2745a84d9,2026-02-11T14-05 [exporttegus@gmail.com] Boletín Estadístico IHCAFE al 11 de Febrero de 2026.pdf,2026-02-26T09:42:00.112210+00:00
1Ssz6ofkXmrxKHYgQ83y-A9bFkFb0GQY0,bf7ae30b42188cdf337b9e7445a22f57,[exporttegus@gmail.com] 2026-02-10T14-08 Boletin Estadistico Comercialización 10-02-2026.pdf,2026-02-26T09:42:00.112210+00:00
1vO8lHTMzYYYH-twejQ4fIG_hA0Kxn6en,b6e731263cd09884e461eaf136c54106,[exporttegus@gmail.com] 2026-02-09T14-04 Boletin Estadistico Comercialización 09-02-2026.pdf,2026-02-26T09:42:00.112210+00:00
1df6F-KuPkTgYP4Ch4AipuAxWO4FQD3te,d488879ddeeacf99e0ed771ec0caf3ab,2026-02-10T14-08 [exporttegus@gmail.com] Boletín Estadístico IHCAFE al 10 de Febrero de 2026.pdf,2026-02-26T09:42:00.112210+00:00
1Nu3FD9Of_Gl_-uMNH3PrWqtb2BkM_dwS,212477ac226c06d4b707455d7c163c6f,2026-01-26T09-00 [exporttegus@gmail.com] Boletín Estadístico IHCAFE al 26 de Enero de 2026.pdf,2026-02-26T09:42:00.112210+00:00
1JnisTMtlTub9QCrAEFOt1qZ7go_VeFs9,ebde1a4a9b99ef08daa8d6c722e7761f,[exporttegus@gmail.com] 2026-01-26T09-00 Boletin Estadistico Comercialización 26-01-2026.pdf,2026-02-26T09:42:00.112210+00:00
1FPN9UKPGzkH18rlANqZgWcDZGxiBJi1X,27abfd0dea64d39aa8f89bace657d75f,[exporttegus@gmail.com] 2026-01-19T09-00 Boletin Estadistico Comercialización 19-01-2026.pdf,2026-02-26T09:42:00.112210+00:00
1W6Rp9zUZgo6Y1NBSXtBlG0ONHjpfLOhz,0e4ebf7663b56db22ee4c8b483a415e1,2026-02-09T14-04 [exporttegus@gmail.com] Boletín Estadístico IHCAFE al 09 de Febrero de 2026.pdf,2026-02-26T09:42:00.112210+00:00
1aPtYjhMlMFh7ZKsO0xYneQuK2dUOG4Mt,95697b56fb17c0a1db78c234b2f89a73,2026-01-19T09-00 [exporttegus@gmail.com] Boletín Estadístico IHCAFE al 19 de Enero de 2026.pdf,2026-02-26T09:42:00.112210+00:00
10Bv2NQmPQO6Xwj4UzJCcqnF_lsf3K1PG,4b51caa76dbeb59bc4c3d26a39d29bab,2026-01-15T09-00 [exporttegus@gmail.com] Boletín Estadístico IHCAFE al 15 de Enero de 2026.pdf,2026-02-26T09:42:00.112210+00:00
1WrW-gsuUXuz9hNZ_MNvP4pwjoROoAgl2,fb88235f9384c47d687282506fa4cac5,[exporttegus@gmail.com] 2026-01-13T09-00 Boletin Estadistico Comercialización 13-01-2026.pdf,2026-02-26T09:42:00.112210+00:00
1U9lm01XRfBLyDld2GF4RvhEzrsjMnH9D,c3a5f27b4a16a6b92aa3e43136cb0c59,[exporttegus@gmail.com] 2026-01-15T09-00 Boletin Estadistico Comercialización 15-01-2026.pdf,2026-02-26T09:42:00.112210+00:00
1QPS0LKDKaWFAR1QF7kNne8yaAhVmtios,360d9de6713bb03682bf1ebfc65e8b3d,[exporttegus@gmail.com] 2026-01-12T09-00 Boletin Estadistico Comercialización 12-01-2026.pdf,2026-02-26T09:42:00.112210+00:00
16wZ2kjDJFkaLiqIf7f87Lr2YBtQzpERF,2ff98bf7194ae8728d64fe3e7b3da79b,2026-01-13T09-00 [exporttegus@gmail.com] Boletín Estadístico IHCAFE al 13 de Enero de 2026.pdf,2026-02-26T09:42:00.112210+00:00
1pudsEQFXTVB8fMFmuPSVTYtAngH231Jb,00e535bb10321a146cdf31fd5840d7c1,2026-01-12T09-00 [exporttegus@gmail.com] Boletín Estadístico IHCAFE al 12 de Enero de 2026.pdf,2026-02-26T09:42:00.112210+00:00
1hA-127R5E79EJJKBXTBi0ZwBFf3Yzngm,c4712022d8f549b658f708eb58476b3a,[exporttegus@gmail.com] 2026-01-09T14-16 Boletin Estadistico Comercialización 09-01-2026.pdf,2026-02-26T09:42:00.112210+00:00
1mP37VvM8bDlyaxQSLFTHemX4_Ou_xEd6,8854e57fb23db33b89918a7506e69eb6,2026-01-09T14-16 [exporttegus@gmail.com] Boletín Estadístico IHCAFE al 09 de Enero de 2026.pdf,2026-02-26T09:42:00.112210+00:00
1_DtiN2OiH8EeOp4KvpNmPHAJwUwnGUDb,8a5bcc0d39b6bc6df39a95c6ea5255f8,[exporttegus@gmail.com] 2025-12-31T13-42 Boletin Estadistico Comercialización 31-12-2025.pdf,2026-02-26T09:42:00.112210+00:00
1z_D3VxIlxsAxM3FyzKDBYVNSyqPsVlYC,6af7b9780641fc9539a5a0430eca9e5f,[exporttegus@gmail.com] 2026-01-05T14-00 Boletin Estadistico Comercialización 05-01-2026.pdf,2026-02-26T09:42:00.112210+00:00
1z2nQ4CX7uUCBkBLoAZHc6YtLfSfidGI7,99f40100a83e31ed9e5fae8ea738d7d1,[exporttegus@gmail.com] 2025-12-30T14-17 Boletin Estadistico Comercialización 30-12-2025.pdf,2026-02-26T09:42:00.112210+00:00
1hwoM7iWo5Ngm2FKwx9Kuu7iqsK9Y_2ib,11b11d26ecc42cd689fcaa47c8f57e06,2025-12-31T13-42 [exporttegus@gmail.com] Boletín Estadístico IHCAFE al 31 de Diciembre de 2025.pdf,2026-02-26T09:42:00.112210+00:00
1NhU8hFQA-O2DiLlwVJP7fKM2sS_tD9_j,0962ed4c365f3d31b7a7eff21b24383f,2026-01-05T14-00 [exporttegus@gmail.com] Boletín Estadístico IHCAFE al 05 de Enero de 2026.pdf,2026-02-26T09:42:00.112210+00:00
1PdJ7NcJv4a2-kTDjjUlq9QwfwQk6tuSS,983ac3571f255ca73833b9def701a7c5,2025-12-30T14-17 [exporttegus@gmail.com] Boletín Estadístico IHCAFE al 30 de Diciembre de 2025.pdf,2026-02-26T09:42:00.112210+00:00
1jFG6NxZJAg5XQZlgVLPx0o3SUOkk7Fg9,85d20595f2433039f82621f10ce769ec,[exporttegus@gmail.com] 2025-12-29T14-04 Boletin Estadistico Comercialización 29-12-2025.pdf,2026-02-26T09:42:00.112210+00:00
1rDZGCph-zYEmpbnb36cSMuzKbbHdmCCV,da274420425222f4619c6ba3fa505bd0,2025-12-29T14-04 [exporttegus@gmail.com] Boletín Estadístico IHCAFE al 29 de Diciembre de 2025.pdf,2026-02-26T09:42:00.112210+00:00
17x9YowgTWAQ_od4_Lm7GASxR1MYurohR,01a32eac2634951e468ebc301c503237,[exporttegus@gmail.com] 2025-12-24T16-26 Boletin Estadistico Comercialización 24-12-2025.pdf,2026-02-26T09:42:00.112210+00:00
1u-taWz-l7GJBTSSceONLz3Ql1msYbcqF,ce89192b4229dda7a38b812c0304349b,[exporttegus@gmail.com] 2025-12-22T14-00 Boletin Estadistico Comercialización 22-12-2025.pdf,2026-02-26T09:42:00.112210+00:00
1gDsQljAKjSamaLTZ0Eho6umvQDTa4gM3,df265e572bed86fda0dc9ae3ee9830e6,2025-12-24T16-26 [exporttegus@gmail.com] Boletín Estadístico IHCAFE al 24 de Diciembre de 2025.pdf,2026-02-26T09:42:00.112210+00:00
1tpkL7NVxMbevCjIzRUtuSC4VaVhgpPJt,3eb54a4f2929dc8759d790bfae431ee0,2025-12-22T14-00 [exporttegus@gmail.com] Boletín Estadístico IHCAFE al 22 de Diciembre de 2025.pdf,2026-02-26T09:42:00.112210+00:00
1TZmot7iD-kEUtQZ2VihJJC1kTDOSoyHE,c604f9a1da1f95bd50e31be9fcae60fa,[exporttegus@gmail.com] 2025-12-19T13-59 Boletin Estadistico Comercialización 19-12-2025.pdf,2026-02-26T09:42:00.112210+00:00
11HzCA9N_3eF9mk9qAfopj64cP6_vs3al,32f49b8fc8e6e9752e07ded594bf9930,2025-12-19T13-59 [exporttegus@gmail.com] Boletín Estadístico IHCAFE al 19 de Diciembre de 2025.pdf,2026-02-26T09:42:00.112210+00:00
1ZgOLcAVBdcYfNlR3h52hJXy11xi0ZGXM,7b860f06631fc1079f5fc8416f21873a,[exporttegus@gmail.com] 2025-12-16T14-09 Boletin Estadistico Comercialización 16-12-2025.pdf,2026-02-26T09:42:00.112210+00:00
1gnIso_KOxQYbU-NpMtknRRDSX8wkq2np,caef7b7e55b1e0cea9df8cd99c114b43,[exporttegus@gmail.com] 2025-12-18T14-16 Boletin Estadistico Comercialización 18-12-2025.pdf,2026-02-26T09:42:00.112210+00:00
1FZjv60sG5v_Reg-bFzIHv9YKddRiUSYa,8cb8cdf55a2605466af69b8b0f22e9e1,2025-12-18T14-16 [exporttegus@gmail.com] Boletín Estadístico IHCAFE al 18 de Diciembre de 2025.pdf,2026-02-26T09:42:00.112210+00:00
1CS1uNzBDlwMtoXdL6---eIyUVotye76U,d496f6abee2adcfaf7f596b4be53ba0c,[exporttegus@gmail.com] 2025-12-17T14-08 Boletin Estadistico Comercialización 17-12-2025.pdf,2026-02-26T09:42:00.112210+00:00
1LzqLhTmpzNAprVDOQ99oDt9hG7jdU9Oe,3cb73e95335a97285e56de383c252abd,2025-12-16T14-09 [exporttegus@gmail.com] Boletín Estadístico IHCAFE al 16 de Diciembre de 2025.pdf,2026-02-26T09:42:00.112210+00:00
1mnS0CPncAs3e02iPuQcPZ9Tk7WuS186w,ff110befa4742f64dcca2012e3c103fa,[exporttegus@gmail.com] 2025-12-15T14-39 Boletin Estadistico Comercialización 15-12-2025.pdf,2026-02-26T09:42:00.112210+00:00
1WEoEaIi5rWfNXnWwaxTMtWlPlgwS9s2V,e609fb657b68417c1ac0fd8e71fee2b6,2025-12-17T14-08 [exporttegus@gmail.com] Boletín Estadístico IHCAFE al 17 de Diciembre de 2025.pdf,2026-02-26T09:42:00.112210+00:00
1tSFevb_zrJjfbvzNFuKJiZJNDzCddDwf,6769a53529580e4ee6d3f0749bf142f3,2025-12-15T14-39 [exporttegus@gmail.com] Boletín Estadístico IHCAFE al 15 de Diciembre de 2025.pdf,2026-02-26T09:42:00.112210+00:00
1_2K4fnm7p3kSXZZgyN7cMDxXDtIDs7CV,11c141e7b881f4addcf04f9aa4785c4f,[exporttegus@gmail.com] 2025-12-12T14-51 Boletin Estadistico Comercialización 12-12-2025.pdf,2026-02-26T09:42:00.112210+00:00
17GpB6OD94cpNPqGQIgjCKuodzdrpRJ46,0f7c42aef3c77d2f529dd2892bba8601,2025-12-10T14-39 [exporttegus@gmail.com] Boletín Estadístico IHCAFE al 10 de Diciembre de 2025.pdf,2026-02-26T09:42:00.112210+00:00
1Nx5n8t6mjHgZj_npLAAYrCGk-Ec3k45f,6ca59ddaaaef934fd76d9a15aad587f9,[exporttegus@gmail.com] 2025-12-10T14-39 Boletin Estadistico Comercialización 10-12-2025.pdf,2026-02-26T09:42:00.112210+00:00
11oWNyqUmbi2yC-7BAR2fxYFIRtozmLdl,2ca758deecce24ab9928d0588ce26495,2025-12-12T14-51 [exporttegus@gmail.com] Boletín Estadístico IHCAFE al 12 de Diciembre de 2025.pdf,2026-02-26T09:42:00.112210+00:00
1pdBKCjnuy7p_ut3OguYd9qDFmGDAipvt,1ad459941f4501f0e17f01c14c6802d2,[exporttegus@gmail.com] 2025-12-08T14-14 Boletin Estadistico Comercialización 08-12-2025.pdf,2026-02-26T09:42:00.112210+00:00
1iYGeEirJZcRPuEn2RhaDLlo9wXZwylb5,f42ad0da018fb83aa7f3475a1fb40dc2,[exporttegus@gmail.com] 2025-12-05T14-10 Boletin Estadistico Comercialización 05-12-2025.pdf,2026-02-26T09:42:00.112210+00:00
16m0_DbxF0mWCt2TaWo6FBOTMUKgfQmco,1aa26ab56e2014a6256ef4091311466e,2025-12-08T14-14 [exporttegus@gmail.com] Boletín Estadístico IHCAFE al 08 de Diciembre de 2025.pdf,2026-02-26T09:42:00.112210+00:00
1V1bqlIu__IhHtsu_vVMI0YrDbiIyEx-1,bff4f1ca159d7647be9860cbe7652384,2025-12-05T14-10 [exporttegus@gmail.com] Boletín Estadístico IHCAFE al 05 de Diciembre de 2025.pdf,2026-02-26T09:42:00.112210+00:00
17hw07yXPyIZTiIyE7cDIgAoKm93iwtIN,1be7dd5a54532d65f5c855a426c1e7c9,2025-12-03T15-11 [exporttegus@gmail.com] Boletín Estadístico IHCAFE al 03 de Diciembre de 2025.pdf,2026-02-26T09:42:00.112210+00:00
1TRhnbzllKr-lptwOUea_giSRIbwXRzbL,b8f78d27558904c87342f3e4134f2d1e,[exporttegus@gmail.com] 2025-12-03T15-11 Boletin Estadistico Comercialización 03-12-2025.pdf,2026-02-26T09:42:00.112210+00:00
10JCFzn8Xl3s6txjYfbpjpnwOPsh_FdQV,e5adb4bac83784dd499a6f58bad7f5d3,[exporttegus@gmail.com] 2025-11-28T14-13 Boletin Estadistico Comercialización 28-11-2025.pdf,2026-02-26T09:42:00.112210+00:00
16lNWwGWNLCkRsnQrMMLzLqNxLkKAmkoe,b8902e93bb5d54986e810571a18053d8,[exporttegus@gmail.com] 2025-12-02T14-09 Boletin Estadistico Comercialización 02-12-2025.pdf,2026-02-26T09:42:00.112210+00:00
1oWe3j8djsjh86NvEk6RhUyhsnZM4iQ5p,6b021decad003d21f88b7670b716d5e2,[exporttegus@gmail.com] 2025-11-27T15-46 Boletin Estadistico Comercialización 27-11-2025.pdf,2026-02-26T09:42:00.112210+00:00
1G4ww7Uv9loZR0LJKdD0sTpgjqrEWf3NQ,53570d0d33593ab55e6af161453722fa,2025-12-02T14-09 [exporttegus@gmail.com] Boletín Estadístico IHCAFE al 02 de Diciembre de 2025.pdf,2026-02-26T09:42:00.112210+00:00
1pBgbdeN5lbIsBKbeiLFItAiBFj9B0vrd,47272dc922b6f9e9e9dd478c7794c3b3,2025-11-28T14-13 [exporttegus@gmail.com] Boletín Estadístico IHCAFE al 28 de Noviembre de 2025.pdf,2026-02-26T09:42:00.112210+00:00
1e17OlEaQ_jcFK58il5qb9cr9BMWyh2cO,3d721880f09384978174d52aead68fae,2025-11-27T15-46 [exporttegus@gmail.com] Boletín Estadístico IHCAFE al 27 de Noviembre de 2025.pdf,2026-02-26T09:42:00.112210+00:00
1MjYSyFwS6rX0g0VlMSmBN3CCDuK7_yj3,e66acb45f07183ddd8577dc494a9b567,[exporttegus@gmail.com] 2025-11-26T14-13 Boletin Estadistico Comercialización 26-11-2025.pdf,2026-02-26T09:42:00.112210+00:00
1FJfLzKTODpGftECKfCW-dddyrkZIkq80,1cdf4b4dba16a6d6858687079a57bfec,2025-11-26T14-13 [exporttegus@gmail.com] Boletín Estadístico IHCAFE al 26 de Noviembre de 2025.pdf,2026-02-26T09:42:00.112210+00:00
1LMLgJQfFqa5nSawXiLLqdB0JdlaM_j2F,21f6dccba96cec990bb5866db475bcfe,2025-11-25T14-26 [exporttegus@gmail.com] Boletín Estadístico IHCAFE al 25 de Noviembre de 2025.pdf,2026-02-26T09:42:00.112210+00:00
17JRf_ztOE-yL3NxGEwmlseBOnrKZLor-,caf1b7d4b9a4866826fd9f6bf3c4571b,[exporttegus@gmail.com] 2025-11-25T14-26 Boletin Estadistico Comercialización 25-11-2025.pdf,2026-02-26T09:42:00.112210+00:00
1nud_qBDAOvH93KRHCTOTzMkS5658wKVW,84042e8107d28b04f79efd3439943943,[exporttegus@gmail.com] 2025-11-24T14-18 Boletin Estadistico Comercialización 24-11-2025.pdf,2026-02-26T09:42:00.112210+00:00
1DXkon5EiYjqiRtrHJmyM75u00KYypKfB,892a73ebd430618dee32b281045dae15,[exporttegus@gmail.com] 2025-11-18T14-00 Boletin Estadistico Comercialización 18-11-2025.pdf,2026-02-26T09:42:00.112210+00:00
1e32USw5gSorDuGjuv5NC1WMI8Ib5d-Bk,ab07ea603b19c116d243902bd1f0c706,[exporttegus@gmail.com] 2025-11-19T14-33 Boletin Estadistico Comercialización 19-11-2025.pdf,2026-02-26T09:42:00.112210+00:00
1NZGa2btjKcrjCQuhXCOTbMk-_0wfiUTs,79e5623c9e93421aa303571dfdd84298,2025-11-24T14-18 [exporttegus@gmail.com] Boletín Estadístico IHCAFE al 24 de Noviembre de 2025.pdf,2026-02-26T09:42:00.112210+00:00
1jMNKgwmjYhdg3yyuZl4zwTbYwcy6YLhE,4bcc99f241bfb8b49c5d2a1ce2bbd50a,2025-11-18T14-00 [exporttegus@gmail.com] Boletín Estadístico IHCAFE al 18 de Noviembre de 2025.pdf,2026-02-26T09:42:00.112210+00:00
1B0tbUaktj1B5asyKPWSOBiuMZxt8fp9g,eb1e1076ca916cf9716cd2a07d7272e7,2025-11-19T14-33 [exporttegus@gmail.com] Boletín Estadístico IHCAFE al 19 de Noviembre de 2025.pdf,2026-02-26T09:42:00.112210+00:00
1XY9yKVti4soTMW-i2mJVkdR8HbdFSqPV,d825d695eab7415e59e80882338b0aa9,[exporttegus@gmail.com] 2025-11-17T14-28 Boletin Estadistico Comercialización 17-11-2025.pdf,2026-02-26T09:42:00.112210+00:00
1egUCphXjF8JHQRbZGGxQx3YIn3TsfEmv,e58629079006b9877c0224de83fdb826,2025-11-17T14-28 [exporttegus@gmail.com] Boletín Estadístico IHCAFE al 17 de Noviembre de 2025.pdf,2026-02-26T09:42:00.112210+00:00
1RpHGaXEclpRGSKM01R9CD_6syUbJUmfJ,272f196006977d8831d6742243de5874,[exporttegus@gmail.com] 2025-11-12T14-25 Boletin Estadistico Comercialización 12-11-2025.pdf,2026-02-26T09:42:00.112210+00:00
1ZHAncuUR-55KmkF7OB1gUbtKvDHQ6tzS,468d7c67f61f7bad8efd844ea09baf10,2025-11-12T14-25 [exporttegus@gmail.com] Boletín Estadístico IHCAFE al 12 de Noviembre de 2025.pdf,2026-02-26T09:42:00.112210+00:00
1rKCgkaxndQ1z_2pk8pT7PjTty2NISueC,97662f9b2ef02d678bf6651ed95011e1,[exporttegus@gmail.com] 2025-11-11T14-18 Boletin Estadistico Comercialización 11-11-2025.pdf,2026-02-26T09:42:00.112210+00:00
1scQob74jeWpB4KU3zzKEugTULnxyBPDs,3b74c36effa5a81f725abf6ef90d1a05,[exporttegus@gmail.com] 2025-11-14T14-11 Boletin Estadistico Comercialización 14-11-2025.pdf,2026-02-26T09:42:00.112210+00:00
1GHoxmUonV1l95K6G4f7uQ1VhoB67KfGZ,a007fcd164035b5a6e849937cdda3c0d,2025-11-11T14-18 [exporttegus@gmail.com] Boletín Estadístico IHCAFE al 11 de Noviembre de 2025.pdf,2026-02-26T09:42:00.112210+00:00
1Lla0C0EF_jZ-KFKozwsCbUzbNKl3CBQm,7b204cdf2181c81001f805bda1d5a707,2025-11-14T14-11 [exporttegus@gmail.com] Boletín Estadístico IHCAFE al 14 de Noviembre de 2025.pdf,2026-02-26T09:42:00.112210+00:00
1C5af6oIzlGN1cDPFBPEXGlGq-h5SZ2nx,2ca50f3f1eae1e19d3a66be553391c75,[exporttegus@gmail.com] 2025-11-06T14-08 Boletin Estadistico Comercialización 06-11-2025.pdf,2026-02-26T09:42:00.112210+00:00
1MJo4Pmpn6n3V5VztvR3OsKFee2i7YGmY,544b6eee995790791ccee8650dbdebeb,[exporttegus@gmail.com] 2025-11-10T14-14 Boletin Estadistico Comercialización 10-11-2025.pdf,2026-02-26T09:42:00.112210+00:00
1LkXesO_QTSpgJxMkFy5rRtOr5T7Rs1S5,c6f3374a608e4bc1ea084429db65cba6,2025-11-06T14-08 [exporttegus@gmail.com] Boletín Estadístico IHCAFE al 06 de Noviembre de 2025.pdf,2026-02-26T09:42:00.112210+00:00
1RtnYvgM0LiiTYgcuHu03RY--ek6m1ue4,19c4dac83fa16489901e7597a9d1a056,2025-11-07T14-05 [exporttegus@gmail.com] Boletín Estadístico IHCAFE al 07 de Noviembre de 2025.pdf,2026-02-26T09:42:00.112210+00:00
1UBo0U6eaqUgWbrADsJFxcA9C5uY8Jfxg,330201b868c00f2d35e52fe1a52d6e1a,2025-11-10T14-14 [exporttegus@gmail.com] Boletín Estadístico IHCAFE al 10 de Noviembre de 2025.pdf,2026-02-26T09:42:00.112210+00:00
1jx6CyBzgTYUO2wpVnEP2u2gFDqn4BD5V,9fc6d67e69449e58addcd539ef64db46,[exporttegus@gmail.com] 2025-11-07T14-05 Boletin Estadistico Comercialización 07-11-2025.pdf,2026-02-26T09:42:00.112210+00:00
1IOTi9Xr2YJIhq9i_vYeBuJG49kCmGyJd,bdec5249d96474e5439ec69d06ecfbd6,[exporttegus@gmail.com] 2025-11-05T14-28 Boletin Estadistico Comercialización 05-11-2025.pdf,2026-02-26T09:42:00.112210+00:00
1fOmyC4QNaKoe4QvRnSDVVE3bo_c7zeTb,04d922ca30e05969e59288b79c4e8489,2025-11-05T14-28 [exporttegus@gmail.com] Boletín Estadístico IHCAFE al 05 de Noviembre de 2025.pdf,2026-02-26T09:42:00.112210+00:00
1GXk4sCoW-IeFAlGlvN_rOqHy-i2Em9s9,d176708ef753260498340ae87a3b9cf9,[exporttegus@gmail.com] 2025-11-03T15-50 Boletin Estadistico Comercialización 03-11-2025.pdf,2026-02-26T09:42:00.112210+00:00
1leU28sP2VODK24R9AMsHGqcHG4HmRQhN,71d28b07dc28b19eeab59696a1c46c93,[exporttegus@gmail.com] 2025-11-04T14-34 Boletin Estadistico Comercialización 04-11-2025.pdf,2026-02-26T09:42:00.112210+00:00
1U00aiXNz0cZWKsxccQULvjsid2G8Wg7s,8fa3c4a68f0d04bca0ba5b20b0110254,[exporttegus@gmail.com] 2025-09-30T14-57 Boletin Estadistico Comercialización 29-09-2025 PRELIMINAR.pdf,2026-02-26T09:42:00.112210+00:00
1K9mgTvSozkFqmP3US0YDH66wbRWSGWEE,0b551006aeb53f1018bba8074543ff10,2025-11-03T15-50 [exporttegus@gmail.com] Boletín Estadístico IHCAFE al 03 de Noviembre de 2025.pdf,2026-02-26T09:42:00.112210+00:00
1PDJWa9YpBGjW-Iaa3Gn6bGz0zAhqusjp,13a9ba267dca580f5e3762ade8fd3126,2025-11-04T14-34 [exporttegus@gmail.com] Boletín Estadístico IHCAFE al 04 de Noviembre de 2025.pdf,2026-02-26T09:42:00.112210+00:00
1Wq8jPpSDM0tNeeiESFbyKNxrZSWGy-5b,d304a6ebac2910996c7b8d30dcd2d086,2025-09-30T14-57 [exporttegus@gmail.com] Boletín Estadístico IHCAFE al 30 de Septiembre de 2025.pdf,2026-02-26T09:42:00.112210+00:00
1NXEgQHKkedjjL2dSaSiAyz9zCAgq75Rj,30f944f26e26dfb81e7ebf9daab82fa3,[exporttegus@gmail.com] 2025-09-29T14-57 Boletin Estadistico Comercialización 29-09-2025.pdf,2026-02-26T09:42:00.112210+00:00
1-TQxLfnlA2QtJSKHIOT9oqPsBbE6qVLE,48b4b79c739ffe3b0b4976b5cfa76072,2025-09-29T14-57 [exporttegus@gmail.com] Boletín Estadístico IHCAFE al 29 de Septiembre de 2025.pdf,2026-02-26T09:42:00.112210+00:00
1hICnkDyi_fbfwpwhKPpo7_tk3uQ6H5Gt,a4feb5cbc32706baf03740f19a6120df,[exporttegus@gmail.com] 2025-09-25T14-57 Boletin Estadistico Comercialización 25-09-2025.pdf,2026-02-26T09:42:00.112210+00:00
171EtaBjuAtftX06McWk0_Ztuv8cCWVML,967e4981ab19badcd2c4bae21a3113fe,[exporttegus@gmail.com] 2025-09-26T14-57 Boletin Estadistico Comercialización 26-09-2025.pdf,2026-02-26T09:42:00.112210+00:00
1LGxTe0Ni9dMnpFeIkDo5gXkrpmUTBZXH,b2beaba7cd6e3ec015aec97d118208ff,[exporttegus@gmail.com] 2025-09-24T14-57 Boletin Estadistico Comercialización 24-09-2025.pdf,2026-02-26T09:42:00.112210+00:00
1tJwv4p-6ea8ZZKyLozDz4YPgVG9us1Vv,1ec9d1fbc65541f056699020d198350f,2025-09-26T14-57 [exporttegus@gmail.com] Boletín Estadístico IHCAFE al 26 de Septiembre de 2025.pdf,2026-02-26T09:42:00.112210+00:00
1qy_-VmydNfVszunqQ_oZLvrur4FdHdr_,f9710f63718a6ab45d25a118636f2660,2025-09-25T14-57 [exporttegus@gmail.com] Boletín Estadístico IHCAFE al 25 de Septiembre de 2025.pdf,2026-02-26T09:42:00.112210+00:00
1_scuJbMV-QyfdKMS4Rh3e0dl1S3dwVS_,e0fd8fb1c5a65bbdc0e7b79913a9c0bb,2025-09-23T14-57 [exporttegus@gmail.com] Boletín Estadístico IHCAFE al 23 de Septiembre de 2025.pdf,2026-02-26T09:42:00.112210+00:00
1GIkQ9YN5cMGByYSiCqQ74o_7Po5KRxRs,35a5d5c779940d1ffdb05e042909b904,[exporttegus@gmail.com] 2025-09-23T14-57 Boletin Estadistico Comercialización 23-09-2025.pdf,2026-02-26T09:42:00.112210+00:00
1O1WuDeqrS6xCxxMG9TsuaFP0kKIUc5tw,a86a0a878fb5b459d6b3122133de66a4,2025-09-24T14-57 [exporttegus@gmail.com] Boletín Estadístico IHCAFE al 24 de Septiembre de 2025.pdf,2026-02-26T09:42:00.112210+00:00
1X2rREID1NGsbwwM0Mnkxkdp7YUCsodeU,3d43c47f9e36ee731490a448664d1223,2025-09-22T14-57 [exporttegus@gmail.com] Boletín Estadístico IHCAFE al 22 de Septiembre de 2025.pdf,2026-02-26T09:42:00.112210+00:00
1rJRY0Kv5W437sZOnOSdTFh3dPsndtRSB,0ae0f0ead13413048cad76ff91c1e96b,[exporttegus@gmail.com] 2025-09-22T14-57 Boletin Estadistico Comercialización 22-09-2025.pdf,2026-02-26T09:42:00.112210+00:00
16WQkIR0S0k5GKhb5NNsVhPzYSXdbNP6R,217b52d433594ac1069b22f32b6fadad,[exporttegus@gmail.com] 2025-09-19T14-57 Boletin Estadistico Comercialización 19-09-2025.pdf,2026-02-26T09:42:00.112210+00:00
18ZNg1BigiMqz0r9UgCVVR9v2sqyc3WWt,2257d5f88a629a7cb66853119d0d970a,[exporttegus@gmail.com] 2025-09-18T14-57 Boletin Estadistico Comercialización 18-09-2025.pdf,2026-02-26T09:42:00.112210+00:00
11QOln0IIEEGcUZnR5ZftwmCDSfGjn1c6,ecf5e279798914ca0e60d7b970629418,2025-09-19T14-57 [exporttegus@gmail.com] Boletín Estadístico IHCAFE al 19 de Septiembre de 2025.pdf,2026-02-26T09:42:00.112210+00:00
16AxiOmpHQBbhgWW3yJWvbJxt6AAKe_pU,19abe8456fab6eeebda03adec1054aa7,[exporttegus@gmail.com] 2025-09-17T14-57 Boletin Estadistico Comercialización 17-09-2025.pdf,2026-02-26T09:42:00.112210+00:00
1vbXO-qgkKMfz3Ow9CIWdTaehfEfnmYCJ,5524055976fbb66fe94f7daef4a04114,2025-09-18T14-57 [exporttegus@gmail.com] Boletín Estadístico IHCAFE al 18 de Septiembre de 2025.pdf,2026-02-26T09:42:00.112210+00:00
1Y0b_PadVhIdSd8rPzUK4M89B33Kae26L,40235628746c7d80aa2264e09c3d3627,2025-09-17T14-57 [exporttegus@gmail.com] Boletín Estadístico IHCAFE al 17 de Septiembre de 2025.pdf,2026-02-26T09:42:00.112210+00:00
1RlMCdT2KFMl1HmItQHJX7EM8vzqhtJQ-,822fbca892da743bfe015ecb7e3ccaa0,[exporttegus@gmail.com] 2025-09-16T14-57 Boletin Estadistico Comercialización 16-09-2025.pdf,2026-02-26T09:42:00.112210+00:00
1UaNW2yBel5YrhnHQQMUBivvM2ZqTi0la,e8ecf41419ad967fe035515c9a0ce824,2025-09-16T14-57 [exporttegus@gmail.com] Boletín Estadístico IHCAFE al 16 de Septiembre de 2025.pdf,2026-02-26T09:42:00.112210+00:00
10kywe4t29CxXFpYaxaO3AuUqc590ZTDY,144d950db5ac727ed0c43b9b2addf117,[exporttegus@gmail.com] 2025-09-12T14-57 Boletin Estadistico Comercialización 12-09-2025.pdf,2026-02-26T09:42:00.112210+00:00
1dh6XCrd_I2DWb6MSPiyFaSU8Vk_BdO2K,ec245247b68a8aaba61b78dc6fc63307,2025-09-10T14-57 [exporttegus@gmail.com] Boletín Estadístico IHCAFE al 10 de Septiembre de 2025.pdf,2026-02-26T09:42:00.112210+00:00
15YBjhHChGhTcDjaRkpYi8fO_iSW2e9_v,e063dd997d0c526f58fca903d5d6a9e6,2025-09-09T14-57 [exporttegus@gmail.com] Boletín Estadístico IHCAFE al 09 de Septiembre de 2025.pdf,2026-02-26T09:42:00.112210+00:00
1Kj2Bex9sNkXHdDuCwZrEk0AHfWFAbWiu,7822f09e16c0a244a826195b9e299c4c,[exporttegus@gmail.com] 2025-09-10T14-57 Boletin Estadistico Comercialización 10-09-2025.pdf,2026-02-26T09:42:00.112210+00:00
10HIxYYQ7vvvdUBhfqnf4m0NWbVZP_y1-,ec14f5de2de835b5c53adbcfc022a1ab,2025-09-12T14-57 [exporttegus@gmail.com] Boletín Estadístico IHCAFE al 12 de Septiembre de 2025.pdf,2026-02-26T09:42:00.112210+00:00
1NLDh547gJoWd3eifWLweUwudvID-nQ2z,00df6617caebb61948799f7e7975a191,[exporttegus@gmail.com] 2025-09-09T14-57 Boletin Estadistico Comercialización 09-09-2025.pdf,2026-02-26T09:42:00.112210+00:00
1t2umqPayiC8Gt2asUyRA8qupP5RstNlo,2a9951a3a60e30c0024eb8b6f0bab1d9,2025-09-08T14-57 [exporttegus@gmail.com] Boletín Estadístico IHCAFE al 08 de Septiembre de 2025.pdf,2026-02-26T09:42:00.112210+00:00
1wHS-qJ7peYmbV1dMFoKRWlreTNX3Mhv1,59825d5a495a287d30d58cecc30829e2,[exporttegus@gmail.com] 2025-09-05T14-57 Boletin Estadistico Comercialización 05-09-2025.pdf,2026-02-26T09:42:00.112210+00:00
1JQhOLUgmtFwVGvG5DTJDGirKse1WNEMO,1c9fc32011ab711e5cd5dbbfc8045790,[exporttegus@gmail.com] 2025-09-03T14-57 Boletin Estadistico Comercialización 03-09-2025.pdf,2026-02-26T09:42:00.112210+00:00
15qqmT9bA5_u3P9XwPJJeQlE_JTA7foBA,ec4c7df5a2d65589fa85af74c2f1e731,[exporttegus@gmail.com] 2025-09-08T14-57 Boletin Estadistico Comercialización 08-09-2025.pdf,2026-02-26T09:42:00.112210+00:00
1t2exVi3ro8-95C0350WSII3bXs_TdMxZ,ca6835829fb419d450b0bfda0a237f22,2025-09-05T14-57 [exporttegus@gmail.com] Boletín Estadístico IHCAFE al 05 de Septiembre de 2025.pdf,2026-02-26T09:42:00.112210+00:00
1c8Qm8YFLw6YhJ3BCxPhy_qcrIx1Q0Z7O,87b602fe4b5e82485b862e40163028df,[exporttegus@gmail.com] 2025-09-04T14-57 Boletin Estadistico Comercialización 04-09-2025.pdf,2026-02-26T09:42:00.112210+00:00
1DUPfCqzyKT3_O16t-QfNEr0ihS4DkYYz,df667f2a46f8a3381736b0473453d5fa,2025-09-04T14-57 [exporttegus@gmail.com] Boletín Estadístico IHCAFE al 04 de Septiembre de 2025.pdf,2026-02-26T09:42:00.112210+00:00
1Vylvbv73uIjIay0PSFmPPaE3rSr2Jiuo,f81897293fdf594ca8ff17563d9e0e53,2025-09-03T14-57 [exporttegus@gmail.com] Boletín Estadístico IHCAFE al 03 de Septiembre de 2025.pdf,2026-02-26T09:42:00.112210+00:00
16a6bezF1wW3RV88arf-niy2-RqAO2e3v,d83bc85c7ff80af48a13d822f7e9cba3,[exporttegus@gmail.com] 2025-09-01T14-57 Boletin Estadistico Comercialización 01-09-2025.pdf,2026-02-26T09:42:00.112210+00:00
1VEXF8T-koXbFiNGvcRxxUqyIaVZb20W0,8a55609bedf7859ee889306330b90f2a,2025-09-02T14-57 [exporttegus@gmail.com] Boletín Estadístico IHCAFE al 02 de Septiembre de 2025.pdf,2026-02-26T09:42:00.112210+00:00
1_Xwe0muhF2dH75cS_sBjg4h-dAXAWZZl,32bfa9d3cc2eb7f5e9b7d40b9f257a1a,[exporttegus@gmail.com] 2025-09-02T14-57 Boletin Estadistico Comercialización 02-09-2025.pdf,2026-02-26T09:42:00.112210+00:00
1Urf5401fyIPYsF6qYshnIRm9o-aejfqu,5c1a05318d1a8c68fecc2b35d8c5a06b,2025-08-29T14-57 [exporttegus@gmail.com] Boletín Estadístico IHCAFE al 29 de Agosto de 2025.pdf,2026-02-26T09:42:00.112210+00:00
15aQLR5mHmLMKJxnVrGFu5uTAyWaTt5pE,802a12969670771d06ad53915d05e2b1,2025-09-01T14-57 [exporttegus@gmail.com] Boletín Estadístico IHCAFE al 01 de Septiembre de 2025.pdf,2026-02-26T09:42:00.112210+00:00
1hxKdG3U4-qNMT2fefXxhhw8uLCIp33HO,293a8abb9034882df2d244b93671b3c7,[exporttegus@gmail.com] 2025-08-29T14-57 Boletin Estadistico Comercialización 29-08-2025.pdf,2026-02-26T09:42:00.112210+00:00
1bwHkrFDdiu567fA-tjJjsrDOTNqAbf36,ceb4e118ce15b3cb91c797514303a0ab,[exporttegus@gmail.com] 2025-08-28T15-00 Boletin Estadistico Comercialización 28-08-2025.pdf,2026-02-26T09:42:00.112210+00:00
1q0EZuzLBXQMoWo8oSxLCgnyYkWCmeqWt,3ac6285c2ba346c9d4ad3baa076bde05,[exporttegus@gmail.com] 2025-08-27T14-57 Boletin Estadistico Comercialización 27-08-2025.pdf,2026-02-26T09:42:00.112210+00:00
1BA27y-3556iHWBFKCn497FmqEl42K83i,d505443f79c7d1a19392870016d534c1,2025-08-28T15-00 [exporttegus@gmail.com] Boletín Estadístico IHCAFE al 28 de Agosto de 2025.pdf,2026-02-26T09:42:00.112210+00:00
1urloJloUazIPLskd8Bj3-fOYPZdPKFjs,f7bb0839df86e62e1d1d078167db0051,2025-08-27T14-57 [exporttegus@gmail.com] Boletín Estadístico IHCAFE al 27 de Agosto de 2025.pdf,2026-02-26T09:42:00.112210+00:00
1-JETc5LiKJyveHcEDq2AmCy2PRCeF8s4,e296eaeb32661216ee9228badfb19201,2025-08-26T14-57 [exporttegus@gmail.com] Boletín Estadístico IHCAFE al 26 de Agosto de 2025.pdf,2026-02-26T09:42:00.112210+00:00
1G86FuRtqly-TVXbfiAxf57yaIZFn93Kp,a0014dfc80d9a206e2c05ade2e3f6b60,[exporttegus@gmail.com] 2025-08-25T14-58 Boletin Estadistico Comercialización 25-08-2025.pdf,2026-02-26T09:42:00.112210+00:00
198FbrrlXen92SHM1os8noiugrY6-1Nyr,7456ac6de97fc900f6ba49a915c9860d,[exporttegus@gmail.com] 2025-08-26T14-57 Boletin Estadistico Comercialización 26-08-2025.pdf,2026-02-26T09:42:00.112210+00:00
1lezW3WFY6CB2glcAJniZXOc973l8y78-,539d0720d40f999d3018826beecad9cb,2025-08-25T14-58 [exporttegus@gmail.com] Boletín Estadístico IHCAFE al 25 de Agosto de 2025.pdf,2026-02-26T09:42:00.112210+00:00
1J2FzM9qfkECmTRyjlSseDOO5FCBuWgX5,d7dd6b321a45db65d59b3d389d6beb2d,[exporttegus@gmail.com] 2025-08-22T14-57 Boletin Estadistico Comercialización 22-08-2025.pdf,2026-02-26T09:42:00.112210+00:00
1NCcZL3gBGsHNT_Ru87V0ZnXUqfwCofDj,086231ff62c1a2d2aa1a4781ae04f1b6,2025-08-22T14-57 [exporttegus@gmail.com] Boletín Estadístico IHCAFE al 22 de Agosto de 2025.pdf,2026-02-26T09:42:00.112210+00:00
1YYYzWEfgdlMLhJv4NGxA7NCgy4n649d_,e10876ac36a3b6262f35fc04fd545425,[exporttegus@gmail.com] 2025-08-21T14-57 Boletin Estadistico Comercialización 21-08-2025.pdf,2026-02-26T09:42:00.112210+00:00
1OsBtQtLV0TZquEC3aCsAr8omoO1JzFHC,381c3db8b7f930248c3ab130d1408379,2025-08-21T14-57 [exporttegus@gmail.com] Boletín Estadístico IHCAFE al 21 de Agosto de 2025.pdf,2026-02-26T09:42:00.112210+00:00
1wsmDoKMrCB-uKkjAnHWwHFZNuJ9oMO-N,485af5cecf6c0e12a0aa03d217431cf3,[exporttegus@gmail.com] 2025-08-19T14-57 Boletin Estadistico Comercialización 19-08-2025.pdf,2026-02-26T09:42:00.112210+00:00
1s8k7GsVA_x1rCUVMiFpj7XDGQ4jLpIF7,2062113eddf738e93564b4e31c49eebe,[exporttegus@gmail.com] 2025-08-20T14-57 Boletin Estadistico Comercialización 20-08-2025.pdf,2026-02-26T09:42:00.112210+00:00
1oFkGR_D_-oPqWJ5kPbZ1n_ErIJOmu7al,19b30d0caa657c609d38f0c87927d4f5,2025-08-20T14-57 [exporttegus@gmail.com] Boletín Estadístico IHCAFE al 20 de Agosto de 2025.pdf,2026-02-26T09:42:00.112210+00:00
1S2sVRKo_kABKc5kqJDrsY7uv-dd_moql,0a08d344356c3737e2e8f221bc885312,[exporttegus@gmail.com] 2025-08-18T14-57 Boletin Estadistico Comercialización 18-08-2025.pdf,2026-02-26T09:42:00.112210+00:00
1wE39PHA76ObSZR8WJz2idE9n7_cpQyHR,929db283c193c94f3f490f63490da7c4,2025-08-19T14-57 [exporttegus@gmail.com] Boletín Estadístico IHCAFE al 19 de Agosto de 2025.pdf,2026-02-26T09:42:00.112210+00:00
1m-NXbXKqMZbx68obppqL13O5feZOvfEa,87b1b6a00ac4643543f69dd10ae04b16,2025-08-18T14-57 [exporttegus@gmail.com] Boletín Estadístico IHCAFE al 18 de Agosto de 2025.pdf,2026-02-26T09:42:00.112210+00:00
1ZyWciaxk3wGf22jX-1o6rCXP_IIXVRVR,710fbb58d8604e8a49291dd9e7c4ce0e,[exporttegus@gmail.com] 2025-08-15T14-57 Boletin Estadistico Comercialización 15-08-2025.pdf,2026-02-26T09:42:00.112210+00:00
1fU0__g2xW7Pbw1OePe9QLG9ihiIm7hvH,5e7323d63abd7f9edd4b18b420010b7f,2025-08-15T14-57 [exporttegus@gmail.com] Boletín Estadístico IHCAFE al 15 de Agosto de 2025.pdf,2026-02-26T09:42:00.112210+00:00
1zryOhhUBcLO_lIKAll4QzRPGIQogHAjz,b14538d6e88fbf2e2aae6005cbe6a948,[exporttegus@gmail.com] 2025-08-14T14-57 Boletin Estadistico Comercialización 14-08-2025.pdf,2026-02-26T09:42:00.112210+00:00
18smyCnJrFHHNnnKftDFGM8LJrx2f-jxC,d905246c028e2d5eea85b93b49132ea8,2025-08-14T14-57 [exporttegus@gmail.com] Boletín Estadístico IHCAFE al 14 de Agosto de 2025.pdf,2026-02-26T09:42:00.112210+00:00
1MCLvYakaV2qlMGWd1evz6LuCl9gftHmR,e02758f834fee67e5ece3ed082e8154a,[exporttegus@gmail.com] 2025-08-13T14-57 Boletin Estadistico Comercialización 13-08-2025.pdf,2026-02-26T09:42:00.112210+00:00
1If_vI2NMxjBwCx6-HEvzGAS8RSkBdYP-,4b004b7893e4f956d681245a40aadfb9,2025-08-13T14-57 [exporttegus@gmail.com] Boletín Estadístico IHCAFE al 12 de Agosto de 2025.pdf,2026-02-26T09:42:00.112210+00:00
1qIJcqIJT6H-c8Hiw-ZQIo5s-O_BfLXhN,487bc6d9a260d9dd5a94d9fdb2083048,[exporttegus@gmail.com] 2025-08-12T14-57 Boletin Estadistico Comercialización 12-08-2025.pdf,2026-02-26T09:42:00.112210+00:00
1vZImoiCHPFOO2UfMTk3AouZch4CRCPeq,2f8375235f13d65e13ca5025a404bbcd,2025-08-12T14-57 [exporttegus@gmail.com] Boletín Estadístico IHCAFE al 12 de Agosto de 2025.pdf,2026-02-26T09:42:00.112210+00:00
15i_v3vfrVKAmyBegTnmDUP0ntXiNK_dV,59605b616dd08e88d83af47e27f3cc1d,[exporttegus@gmail.com] 2025-08-08T14-57 Boletin Estadistico Comercialización 08-08-2025.pdf,2026-02-26T09:42:00.112210+00:00
17p6W1dX7SUXZAFjnMEUaiWFubPVDxPr3,544488a2c0f0de3050065f8cae4fb64b,[exporttegus@gmail.com] 2025-08-11T14-57 Boletin Estadistico Comercialización 11-08-2025.pdf,2026-02-26T09:42:00.112210+00:00
1EYeEMzjNjQO5aZo_JgBETQMkPRrpY5LZ,c3330df0e92f8c9c0f9a2659ef0649f1,2025-08-11T14-57 [exporttegus@gmail.com] Boletín Estadístico IHCAFE al 11 de Agosto de 2025.pdf,2026-02-26T09:42:00.112210+00:00
11-ryeDjsVRqY_6ZC231DMOkTQyHV0DIX,324b1c67738c8b434df25c206d0657a9,2025-08-08T14-57 [exporttegus@gmail.com] Boletín Estadístico IHCAFE al 08 de Agosto de 2025.pdf,2026-02-26T09:42:00.112210+00:00
16RbyUm8u6SVR73uZ40FtXL1p9UtmeP-A,18fcba784deac05c0aae337d90bbfaf5,[exporttegus@gmail.com] 2025-08-07T14-57 Boletin Estadistico Comercialización 07-08-2025.pdf,2026-02-26T09:42:00.112210+00:00
1L3rdVO9gw3QV8y_mGjUuCIkyRek6iMBf,7ec5e9538de13bc59d93d8d2f69e215b,2025-08-07T14-57 [exporttegus@gmail.com] Boletín Estadístico IHCAFE al 07 de Agosto de 2025.pdf,2026-02-26T09:42:00.112210+00:00
1IxccAso0PY_3obGVyU7fXrcTd6Ovr6XG,a29dab1625806216b714c4ebbee235af,[exporttegus@gmail.com] 2025-08-06T14-57 Boletin Estadistico Comercialización 06-08-2025.pdf,2026-02-26T09:42:00.112210+00:00
1er0Tvu6iTFm-3305xCCYNEyezjTrRIkA,4509374cf9a2bc7973e111a6e01afd32,2025-08-06T14-57 [exporttegus@gmail.com] Boletín Estadístico IHCAFE al 06 de Agosto de 2025.pdf,2026-02-26T09:42:00.112210+00:00
1sQVPi4l12je3g2VGSLZBtzMmpGBStN-5,62813ef5b09f39e4606f8fd018531f43,[exporttegus@gmail.com] 2025-08-05T14-57 Boletin Estadistico Comercialización 05-08-2025.pdf,2026-02-26T09:42:00.112210+00:00
1_LnxJH03YjR5TN5OmnVLR2W5NsA_UeVG,697b250cd88ba8eef578d24e044151a1,[exporttegus@gmail.com] 2025-08-04T14-57 Boletin Estadistico Comercialización 04-08-2025.pdf,2026-02-26T09:42:00.112210+00:00
1bD1OACBsU2RueU3ItXhfAJP5M1Wl9UcD,35b51c653935af5c356cac0976ab74b6,2025-08-05T14-57 [exporttegus@gmail.com] Boletín Estadístico IHCAFE al 05 de Agosto de 2025.pdf,2026-02-26T09:42:00.112210+00:00
10DiSBFsuaj4F6VAUqtlVG0EOuIhJ3Mfn,b6a8ee7e57b44e44a05ce976d64864dd,[exporttegus@gmail.com] 2025-08-01T14-57 Boletin Estadistico Comercialización 01-08-2025.pdf,2026-02-26T09:42:00.112210+00:00
1uFpOG95poxXDUqy7HPBbiE0Xvm8IuFsB,7dfbd6a1949fbd8a7e98fababeb84955,2025-08-04T14-57 [exporttegus@gmail.com] Boletín Estadístico IHCAFE al 04 de Agosto de 2025.pdf,2026-02-26T09:42:00.112210+00:00
1gNCFtx_gAaQCFjCiNb3GUxKpc8AFJvMe,831597388962b5eb7134d6bc3923ddca,2025-08-01T14-57 [exporttegus@gmail.com] Boletín Estadístico IHCAFE al 01 de Agosto de 2025.pdf,2026-02-26T09:42:00.112210+00:00
1k2kzpj_Xg9V0G4410zdC74ZYdfPvbF-H,bd0940c771632a54fb0415d70b432c8b,2025-07-31T14-57 [exporttegus@gmail.com] Boletín Estadístico IHCAFE al 31 de Julio de 2025.pdf,2026-02-26T09:42:00.112210+00:00
1_WLEOaCOXsAiwzwEoJY2V_KnoNAkr6fD,c178112e7108d92471404a0d7545da67,[exporttegus@gmail.com] 2025-07-31T14-57 Boletin Estadistico Comercialización 31-07-2025.pdf,2026-02-26T09:42:00.112210+00:00
1nGC4-jCiFy4hQK3qVOfFJ94afiSy3PPK,a511743d53ebb27f05f9ed57c4cd6f1e,[exporttegus@gmail.com] 2025-07-29T14-57 Boletin Estadistico Comercialización 29-07-2025.pdf,2026-02-26T09:42:00.112210+00:00
1NyliXxcAIuSvGrPyIJmY9_6XgJ3V2AHj,99a30ace3efbe405c7c3a9a09740ea35,2025-07-29T14-57 [exporttegus@gmail.com] Boletín Estadístico IHCAFE al 29 de Julio de 2025.pdf,2026-02-26T09:42:00.112210+00:00
1xQtlKOBB1tYNzej5fJizt5NST0HpIF12,8a253186fa896e2a462e463ea550c213,[exporttegus@gmail.com] 2025-07-30T14-57 Boletin Estadistico Comercialización 30-07-2025.pdf,2026-02-26T09:42:00.112210+00:00
1yYjn9_eb0hF3veQ2u0PkY88c1n8BDibR,4c590f65ffddce63133b6c58f5680b15,2025-07-30T14-57 [exporttegus@gmail.com] Boletín Estadístico IHCAFE al 30 de Julio de 2025.pdf,2026-02-26T09:42:00.112210+00:00
1OCMJWnce83nUCmGqTEWjr-HXZ5nsmIO1,9a8f6238377891f532748b849a1192f1,[exporttegus@gmail.com] 2025-07-28T14-57 Boletin Estadistico Comercialización 28-07-2025.pdf,2026-02-26T09:42:00.112210+00:00
1eDTewQt-fMrcxJZUpT9zZWcnRz4R6tx_,f44ef53304f616da7dc70b329648380c,[exporttegus@gmail.com] 2025-07-25T14-57 Boletin Estadistico Comercialización 25-07-2025.pdf,2026-02-26T09:42:00.112210+00:00
1OBUXOpSyUuUxYkY9FHa6PHrIgzpc8ioi,1035169d5120fcc556c7bff5e5627f18,2025-07-25T14-57 [exporttegus@gmail.com] Boletín Estadístico IHCAFE al 25 de Julio de 2025.pdf,2026-02-26T09:42:00.112210+00:00
1h4wQMabphedFlF6KhOr39wWdT7UnyDRs,ff2adaefe722d43aa535639e4258f3ff,2025-07-28T14-57 [exporttegus@gmail.com] Boletín Estadístico IHCAFE al 28 de Julio de 2025.pdf,2026-02-26T09:42:00.112210+00:00
1RM8Gfb14iJMaJP45bKtjLfDacswlpNF_,58372015b36e08a5da985e06b462502d,[exporttegus@gmail.com] 2025-07-24T14-57 Boletin Estadistico Comercialización 24-07-2025.pdf,2026-02-26T09:42:00.112210+00:00
1uXGWmonF5XNXt2TmDCGwz1b5szCzji9t,a707c9e40fad0b4f4da62b4391c4e878,2025-07-24T14-57 [exporttegus@gmail.com] Boletín Estadístico IHCAFE al 24 de Julio de 2025.pdf,2026-02-26T09:42:00.112210+00:00
1UTaxa-o8OTlJTpLP7j4cWYzLTuG9v24Y,69fd3da6d9ba8c3385fb8c886cb0bc23,[exporttegus@gmail.com] 2025-07-23T14-57 Boletin Estadistico Comercialización 23-07-2025.pdf,2026-02-26T09:42:00.112210+00:00
13F2X0a6p1Boa75aeVbJqeFgUe-r5xKXU,0c6c0ebf289cc803608eea0f2e537540,2025-07-23T14-57 [exporttegus@gmail.com] Boletín Estadístico IHCAFE al 23 de Julio de 2025.pdf,2026-02-26T09:42:00.112210+00:00
19KCW3qhTy6QzeaE0g0-2WknfgEr1DJiR,a412e12303bca317489ace11b3ce1032,[exporttegus@gmail.com] 2025-07-22T14-57 Boletin Estadistico Comercialización 22-07-2025.pdf,2026-02-26T09:42:00.112210+00:00
1MwXEY2QFW-Sl3P5hofkXkmo4YRXcCCW-,235c2a373db6e60f36ca8f7f0e5cc9cc,[exporttegus@gmail.com] 2025-07-21T14-57 Boletin Estadistico Comercialización 21-07-2025.pdf,2026-02-26T09:42:00.112210+00:00
1mN8HWy8lHEk5TYmgKdDgOtpDgrvOWaVN,ffc3ba99e467c1a715ef08c74f888d0c,2025-07-22T14-57 [exporttegus@gmail.com] Boletín Estadístico IHCAFE al 22 de Julio de 2025.pdf,2026-02-26T09:42:00.112210+00:00
1JkE584OKjbCfYO1neS7d3PYRfAuUE24y,55b4fc4bee7ea8db233fdaf1547b1b8c,2025-07-21T14-57 [exporttegus@gmail.com] Boletín Estadístico IHCAFE al 21 de Julio de 2025.pdf,2026-02-26T09:42:00.112210+00:00
1VmkYoFMqmA-KRcSfgbeMC3f_wS3igISL,09e669023d1f81306651d2ebd151ec1a,2025-07-17T14-57 [exporttegus@gmail.com] Boletín Estadístico IHCAFE al 17 de Julio de 2025.pdf,2026-02-26T09:42:00.112210+00:00
1I5yUeAGjZGnoj0Udd2vpvxVhfEO5eZ3H,da970e9211ef5cbd774cb1c7722c0d05,2025-07-18T14-57 [exporttegus@gmail.com] Boletín Estadístico IHCAFE al 18 de Julio de 2025.pdf,2026-02-26T09:42:00.112210+00:00
1XKC292LYVsOQRI3JQKuk5gTCYE8DsoaY,c961000f603f2060cbdfd441607c402e,[exporttegus@gmail.com] 2025-07-18T14-57 Boletin Estadistico Comercialización 18-07-2025.pdf,2026-02-26T09:42:00.112210+00:00
1GOT4bfso6R3Ni5t-vLsv6H_QFKCTtfSt,62ff509a60bf05f90da9e7ba85b671f5,2025-07-16T14-57 [exporttegus@gmail.com] Boletín Estadístico IHCAFE al 16 de Julio de 2025.pdf,2026-02-26T09:42:00.112210+00:00
1KPBWc0JEYOurQ1VZfzKXBHcwjpXy8eZt,da880fac4ac6b623c354c3f7b44367ee,[exporttegus@gmail.com] 2025-07-17T14-57 Boletin Estadistico Comercialización 17-07-2025.pdf,2026-02-26T09:42:00.112210+00:00
1XK3Py_QmPm_qgsqRnfd7ClsOC2Kw2GUn,9b997bc10aa1d21873ebc4da8dd05dc6,2025-07-14T14-57 [exporttegus@gmail.com] Boletín Estadístico IHCAFE al 14 de Julio de 2025.pdf,2026-02-26T09:42:00.112210+00:00
1mO1ecuocmEZJUQjh48Uhu6bUv7UPlsmJ,3d23e2871e648af6a841c11beaae7a9a,2025-07-15T14-57 [exporttegus@gmail.com] Boletín Estadístico IHCAFE al 15 de Julio de 2025.pdf,2026-02-26T09:42:00.112210+00:00
1MoeQv4Zx63VB61pu6Adex7Ut-P6B4rP3,077d0d273b65d2f383ec81b0c54843b5,2025-07-11T15-00 [exporttegus@gmail.com] Boletín Estadístico IHCAFE al 11 de Julio de 2025.pdf,2026-02-26T09:42:00.112210+00:00
1ZpPeeIcVlvqztpTQYrQ5LVa_o5H4tAAW,427ea5adabe26490cdb3a8c76e68706a,2025-07-10T14-57 [exporttegus@gmail.com] Boletín Estadístico IHCAFE al 10 de Julio de 2025.pdf,2026-02-26T09:42:00.112210+00:00
1HT2SVghw2g4xO7ZdsMqjZSp0uHXtEvVc,364bf0d4d467f209059eaca19af75d75,2025-07-09T14-57 [exporttegus@gmail.com] Boletín Estadístico IHCAFE al 09 de Julio de 2025.pdf,2026-02-26T09:42:00.112210+00:00
1buw7QchwGDgA3rch9T6rA6t-32TQW9a9,13d8623d8ba6e1a7f3b3c8e51874c2b3,2025-07-08T14-57 [exporttegus@gmail.com] Boletín Estadístico IHCAFE al 08 de Julio de 2025.pdf,2026-02-26T09:42:00.112210+00:00
1pBZNiPTvJajgqpd0Gvij2Ah-a3pt5Jbb,f8daa0e1395675cdda1a654e380e73d6,2025-07-04T15-00 [exporttegus@gmail.com] Boletín Estadístico IHCAFE al 04 de Julio de 2025.pdf,2026-02-26T09:42:00.112210+00:00
1b2UAjNk8mNfM-hm2Vx63of46gd6R7P1F,4887ad86ea01ddede645c431fb4ead41,2025-07-01T14-58 [exporttegus@gmail.com] Boletín Estadístico IHCAFE al 01 de Julio de 2025.pdf,2026-02-26T09:42:00.112210+00:00
1QQFh2JUPvN2IJP3u0RiwJT7L3h7Wo82R,a625aa4a4195c7cccbe3cf5c515e5512,2025-06-30T14-59 [exporttegus@gmail.com] Boletín Estadístico IHCAFE al 30 de Junio de 2025.pdf,2026-02-26T09:42:00.112210+00:00
1xd6P-74MjFFejLQZj7uN6jcmfBxmqPXX,720150042e4d9524a6820412b6715b25,2025-06-25T15-00 [exporttegus@gmail.com] Boletín Estadístico IHCAFE al 25 de Junio de 2025.pdf,2026-02-26T09:42:00.112210+00:00
13OqPVWwE0eRWM7dOW1CfW3Mhy-I1kuWZ,63d0da0f699a76332bafebd7cf680c61,2025-06-26T14-57 [exporttegus@gmail.com] Boletín Estadístico IHCAFE al 26 de Junio de 2025.pdf,2026-02-26T09:42:00.112210+00:00
1DLzwSX9Bh-kNyaB4Ku_0vyVRP-nuWMIC,9516a2f0a9e6d3e295efc06baf1a61a8,2025-06-27T14-57 [exporttegus@gmail.com] Boletín Estadístico IHCAFE al 27 de Enero de 2025.pdf,2026-02-26T09:42:00.112210+00:00
1LYQHbauMbTY-ZWwgEZOBQddTzXwuHXsc,b0a4fdda51e0371efea49f14fa593b57,2025-06-24T14-57 [exporttegus@gmail.com] Boletín Estadístico IHCAFE al 24 de Junio de 2025.pdf,2026-02-26T09:42:00.112210+00:00
1-QktLzI0vww-UisB1jHHeJMaGwLgLmXE,95ef6a0a26321816f32e91e9b783b04e,2025-06-19T14-57 [exporttegus@gmail.com] Boletín Estadístico IHCAFE al 19 de Junio de 2025.pdf,2026-02-26T09:42:00.112210+00:00
1LHK9aUNJEj9c6WYGKArBKLf33OXz73Sg,7e56d2877570e1afffd808099dfaa2a5,2025-06-23T14-57 [exporttegus@gmail.com] Boletín Estadístico IHCAFE al 23 de Junio de 2025.pdf,2026-02-26T09:42:00.112210+00:00
1hsrrfzlA5T2HdVwjWpJHXdVIUMdWekDq,3939a25b097c17212fa41460123a5dc6,2025-06-20T14-57 [exporttegus@gmail.com] Boletín Estadístico IHCAFE al 20 de Junio de 2025.pdf,2026-02-26T09:42:00.112210+00:00
1zzZFYkGFpt37bTHoSTdmOtB5Btk5_jOw,0599f28cb8b4e8a0f41142902bb3006d,2025-06-18T15-23 [exporttegus@gmail.com] Boletín Estadístico IHCAFE al 18 de Junio de 2025.pdf,2026-02-26T09:42:00.112210+00:00
1PTWQIoPj1rc6TNRE0jfMEgqaHROUdZ2q,e5012850893f0b4cf802f2c1db11a12a,2025-06-17T14-57 [exporttegus@gmail.com] Boletín Estadístico IHCAFE al 17 de Junio de 2025.pdf,2026-02-26T09:42:00.112210+00:00
1qEXqou2Y3p1s_PjO2gbrW5IpOzoa2oS2,fe634cc6c4a9a32a2d0ac9c2ccb24863,2025-06-13T14-59 [exporttegus@gmail.com] Boletín Estadístico IHCAFE al 13 de Junio de 2025.pdf,2026-02-26T09:42:00.112210+00:00
1VYNuoINpFZ6BV4PXfzX8PZd9wLvOrDM0,b521230fb69eb720a4743f087cb82aa1,2025-06-10T14-57 [exporttegus@gmail.com] Boletín Estadístico IHCAFE al 10 de Junio de 2025.pdf,2026-02-26T09:42:00.112210+00:00
13H1gY_87S5Re41kSvnQ7zXw9asS6UVd8,018f6341dbc7fe8f3df76c357dbc8436,2025-06-06T14-57 [exporttegus@gmail.com] Boletín Estadístico IHCAFE al 06 de Junio de 2025.pdf,2026-02-26T09:42:00.112210+00:00
1fYwTpHdrP0DRusdsKeMUcqQIlFX3TJum,7bf0e1823f81d2250ad7d66505f2ddce,2025-06-16T14-57 [exporttegus@gmail.com] Boletín Estadístico IHCAFE al 16 de Junio de 2025.pdf,2026-02-26T09:42:00.112210+00:00
1hYpK1aqR4gPLdKdrcecfNDUyTJzq3EAv,6de85e7732eba0601cd8b5d57abdb286,2025-06-09T14-57 [exporttegus@gmail.com] Boletín Estadístico IHCAFE al 09 de Junio de 2025.pdf,2026-02-26T09:42:00.112210+00:00
1nIhnoR_6ohdPNLt2Qy4mwAg5lDnddHbh,5cc141e615c4e2214aed4c7fcdc28fd5,2025-06-12T14-57 [exporttegus@gmail.com] Boletín Estadístico IHCAFE al 12 de Junio de 2025.pdf,2026-02-26T09:42:00.112210+00:00
1wejY4nGou44u8K0IAVHiplcFyVb5J3YL,8e799281cd9ff354794050da1dfb3d88,2025-06-11T14-57 [exporttegus@gmail.com] Boletín Estadístico IHCAFE al 11 de Junio de 2025.pdf,2026-02-26T09:42:00.112210+00:00
1zjx1GG6pTdM6pig9blK4-FocGmtLMLFX,bcd8387b02865755c783bdd276dbe67f,2025-06-04T14-57 [exporttegus@gmail.com] Boletín Estadístico IHCAFE al 04 de Junio de 2025.pdf,2026-02-26T09:42:00.112210+00:00
122SOuisRDTFVDeh6Wcbi3vGL4eNvBi6z,33dd992294ba2acafab6249cd872a309,2025-06-05T14-57 [exporttegus@gmail.com] Boletín Estadístico IHCAFE al 05 de Junio de 2025.pdf,2026-02-26T09:42:00.112210+00:00
1avUBaASVGyT-t-N4wMyiJth01i-VFx1z,5cd951c88e0eabced74d5dc5a0f0c667,2025-06-03T14-57 [exporttegus@gmail.com] Boletín Estadístico IHCAFE al 03 de Junio de 2025.pdf,2026-02-26T09:42:00.112210+00:00
1KjlydHndmScN-m8QpqnrG6WIKtiLpUUN,d51c163c310e7262e23e12bfffcf3e72,2025-06-02T14-57 [exporttegus@gmail.com] Boletín Estadístico IHCAFE al 02 de Junio de 2025.pdf,2026-02-26T09:42:00.112210+00:00
17Tilb_weFrRR8edAdIUywz1m9v0lX66n,389df2980d16d47bdb2964182ed7cb81,2025-05-29T14-57 [exporttegus@gmail.com] Boletín Estadístico IHCAFE al 29 de Mayo de 2025.pdf,2026-02-26T09:42:00.112210+00:00
1vQhywc0SvQ5n54Rkn817qYjfG6_yXhEG,db6aea9d83ab5ab28de29d62996aed38,2025-05-27T15-00 [exporttegus@gmail.com] Boletín Estadístico IHCAFE al 27 de Mayo de 2025.pdf,2026-02-26T09:42:00.112210+00:00
1lJ_cV6guuaWzvjZ0aQ-JXuD9ULF-WYDg,336c5bd6433aa1e548752b36a1e01331,2025-05-28T14-57 [exporttegus@gmail.com] Boletín Estadístico IHCAFE al 28 de Mayo de 2025.pdf,2026-02-26T09:42:00.112210+00:00
1ATh1BNQkqMCPzggoBwMI4oN9CBF6dN5J,cca8b25919bdac3dccc744a15929c9e0,2025-05-26T15-00 [exporttegus@gmail.com] Boletín Estadístico IHCAFE al 26 de Mayo de 2025.pdf,2026-02-26T09:42:00.112210+00:00
18UaY1qP9BUgpibs8oU2IUWRUJr2jiWbt,c44974acad2842a69d65ff74d4e13037,2025-05-22T23-49 [exporttegus@gmail.com] Boletín Estadístico IHCAFE al 22 de Mayo de 2025.pdf,2026-02-26T09:42:00.112210+00:00
1FfznULxhiwXzbI1Rq5HqV2AcCv8r1UJ2,cf33d561757024c446d4474666e7337d,2025-05-30T14-57 [exporttegus@gmail.com] Boletín Estadístico IHCAFE al 30 de Mayo de 2025.pdf,2026-02-26T09:42:00.112210+00:00
1m2KIEWA9kznmldib4BWzMb6KbmQYdYI-,9ee0793878aeb95cc45a869dff69c42b,2025-05-20T15-00 [exporttegus@gmail.com] Boletín Estadístico IHCAFE al 20 de Mayo de 2025.pdf,2026-02-26T09:42:00.112210+00:00
1s0e8QI_UPm1x4sAGXKC1e5CVu7j4ubf2,0505255e1a200651e333dd9b278167cb,2025-05-14T15-01 [exporttegus@gmail.com] Boletín Estadístico IHCAFE al 14 de Mayo de 2025.pdf,2026-02-26T09:42:00.112210+00:00
1CKg2VO73kvBYEhjdMHiaWg0BKc7Kp3Sr,6aae88f370130ba84c66a5b447307ffb,2025-05-16T18-01 [exporttegus@gmail.com] Boletín Estadístico IHCAFE al 16 de Mayo de 2025.pdf,2026-02-26T09:42:00.112210+00:00
10RB7quLVENocbgmyDUq835Uli2CojK_W,9086ae64d1743fcd94751a1fb59830bf,2025-05-09T14-57 [exporttegus@gmail.com] Boletín Estadístico IHCAFE al 09 de Mayo de 2025.pdf,2026-02-26T09:42:00.112210+00:00
14gGbecz_BY-F7deTudW5o7TYtUDr7Fr0,b658bd1d7014b974d2eb2ddf1a4a7eb3,2025-05-19T15-27 [exporttegus@gmail.com] Boletín Estadístico IHCAFE al 19 de Mayo de 2025.pdf,2026-02-26T09:42:00.112210+00:00
1SU2yw7rYgVXLNIX_P9bW-jqMuSApFfb0,cbb6d8e25d5ffb0896e6969809741c86,2025-05-12T14-57 [exporttegus@gmail.com] Boletín Estadístico IHCAFE al 12 de Mayo de 2025.pdf,2026-02-26T09:42:00.112210+00:00
1K3dhSsvHL9aARbz4rxFhlNBdW9c0SKkF,a020a48858940b1e436d9c4dcaf4ebe9,2025-05-13T14-57 [exporttegus@gmail.com] Boletín Estadístico IHCAFE al 13 de Mayo de 2025.pdf,2026-02-26T09:42:00.112210+00:00
1XwqwlF5RSCxp1Hx7rsivSAESUbneACzz,1adb43f593592266d54ca98a9fd58c7c,2025-05-08T14-57 [exporttegus@gmail.com] Boletín Estadístico IHCAFE al 08 de Mayo de 2025.pdf,2026-02-26T09:42:00.112210+00:00
1WhVhxPV_H3mALaq_ayAlJAOKsCQpNiJ6,b1e509a2d9455fae0e58e77fb8a22dc2,2025-05-07T14-57 [exporttegus@gmail.com] Boletín Estadístico IHCAFE al 07 de Mayo de 2025.pdf,2026-02-26T09:42:00.112210+00:00
1omJwbTH3vodtflQ7GJTQ-0-tEGmWOfBZ,6653bf38e180c01c500b08f6fc39d978,2025-05-06T14-57 [exporttegus@gmail.com] Boletín Estadístico IHCAFE al 06 de Mayo de 2025.pdf,2026-02-26T09:42:00.112210+00:00
1RJJ8_p8TV2NqpC9WBHwFq_-Hnv7UTtC9,7ddb32e31bf3cbe535bbd9d1b573e40a,2025-05-02T15-34 [exporttegus@gmail.com] Boletín Estadístico IHCAFE al 02 de Mayo de 2025.pdf,2026-02-26T09:42:00.112210+00:00
1FGlWbZ11rs4Rv49HFyAudGJrJvCTtXSF,9fee73f85c2670276033da980eb8f496,2025-05-05T14-57 [exporttegus@gmail.com] Boletín Estadístico IHCAFE al 05 de Mayo de 2025.pdf,2026-02-26T09:42:00.112210+00:00
1BBJOhYtjNx_5ugw0iE4MGPeeEpEQWbt_,efc17340db389daf5cc90682e3959a92,2025-04-25T14-57 [exporttegus@gmail.com] Boletín Estadístico IHCAFE al 25 de Abril de 2025.pdf,2026-02-26T09:42:00.112210+00:00
1HHrXkrMw-A6zu9ds7WYwcqDjPrxba3YN,5055f25fdbcff0b2bef32b996b022502,2025-04-30T14-57 [exporttegus@gmail.com] Boletín Estadístico IHCAFE al 30 de Abril de 2025.pdf,2026-02-26T09:42:00.112210+00:00
113tSH739BCBK3q_QZ8lHRfgXqXyYLYUT,b18fa797190e8d27215c0bc8cd59126e,2025-04-28T15-13 [exporttegus@gmail.com] Boletín Estadístico IHCAFE al 28 de Abril de 2025.pdf,2026-02-26T09:42:00.112210+00:00
1KGjd3fzv5-uxIDPsxvZ_mROUeRiHRCH6,dd5a0094b68c91455fc21f227c6471fd,2025-04-24T14-56 [exporttegus@gmail.com] Boletín Estadístico IHCAFE al 24 de Abril de 2025.pdf,2026-02-26T09:42:00.112210+00:00
1tM6bEYMcC0OgyaemhErh62SZ6kdD-nG5,eac03f8b52319fae65bc77f12d4ba637,2025-04-22T15-00 [exporttegus@gmail.com] Boletín Estadístico IHCAFE al 22 de Abril de 2025.pdf,2026-02-26T09:42:00.112210+00:00
1m5xfTueRfSeZZe3uRCIevuot3VpSAX8u,ce598aba0869fbf2ad35b5bdcfda8eb2,2025-04-15T14-57 [exporttegus@gmail.com] Boletín Estadístico IHCAFE al 15 de Abril de 2025.pdf,2026-02-26T09:42:00.112210+00:00
10sd0C7fbHAz3JwuUl6KSXRJAHlE4Gdm6,b3ce240a996c37892b2a6859ae31df0a,2025-04-14T14-57 [exporttegus@gmail.com] Boletín Estadístico IHCAFE al 14 de Abril de 2025.pdf,2026-02-26T09:42:00.112210+00:00
1lfNbLv1McZSGyNvhj0fJKKmY6uVM8BtV,51ccd2f2f04b845aa9e5c2583c140de2,2025-04-23T15-00 [exporttegus@gmail.com] Boletín Estadístico IHCAFE al 23 de Abril de 2025.pdf,2026-02-26T09:42:00.112210+00:00
1MeCSCe9uo7iyPzQcBgF2QmmxiwrozP2f,a9acae8890704f19add00808b5c7dce5,2025-04-10T14-57 [exporttegus@gmail.com] Boletín Estadístico IHCAFE al 10 de Abril de 2025.pdf,2026-02-26T09:42:00.112210+00:00
1nl0tTfb1w_1exbCDWH3QsysiOBlm4kzb,66c857ae3e971e469fd430fcfea27c37,2025-04-11T14-57 [exporttegus@gmail.com] Boletín Estadístico IHCAFE al 11 de Abril de 2025.pdf,2026-02-26T09:42:00.112210+00:00
1b202Gyc5YMpi0SJQZXXMTDhwHiSeeOfw,5a7e6dfe234f2934ddd4d6157e3f803c,2025-04-09T14-57 [exporttegus@gmail.com] Boletín Estadístico IHCAFE al 09 de Abril de 2025.pdf,2026-02-26T09:42:00.112210+00:00
1q-IkvGVB5S7N-yo1wkQw8qXWDik7U6l1,53e6df07b6fb390d88cea92a008b2c3b,2025-04-08T14-57 [exporttegus@gmail.com] Boletín Estadístico IHCAFE al 08 de Abril de 2025.pdf,2026-02-26T09:42:00.112210+00:00
1dtnXgZtj9ZAsCvmYGXTtI5HZYZXUzvZH,0154942ef427ee20c12f87af4d28c8e0,2025-04-07T15-00 [exporttegus@gmail.com] Boletín Estadístico IHCAFE al 07 de Abril de 2025.pdf,2026-02-26T09:42:00.112210+00:00
12ybXFWevLrTnjma5BjXZyjwHSLH1UjmC,fed10ce09227e930c164305a3a1e8897,2025-03-31T14-57 [exporttegus@gmail.com] Boletín Estadístico IHCAFE al 31 de Marzo de 2025.pdf,2026-02-26T09:42:00.112210+00:00
1r8xxMpWGLG5qIiH9Jhu9pTKoANeViRFA,f8005fcb2e555a6bb1df0cc157bbd019,2025-04-01T14-57 [exporttegus@gmail.com] Boletín Estadístico IHCAFE al 01 de Abril de 2025.pdf,2026-02-26T09:42:00.112210+00:00
1-Tz5h-WdMyY6c0rc4bJpvr6FVY8fJS3Z,5d49b512ff52238349af2ce663068115,2025-04-04T14-57 [exporttegus@gmail.com] Boletín Estadístico IHCAFE al 04 de Abril de 2025.pdf,2026-02-26T09:42:00.112210+00:00
1HRIKJUtddzw9lR2bSXj6PqDvH2t65AkM,a0dc833afce5266c79188b45be78598f,2025-04-03T15-18 [exporttegus@gmail.com] Boletín Estadístico IHCAFE al 03 de Abril de 2025.pdf,2026-02-26T09:42:00.112210+00:00
1XYbA-4OeEJNvyWJO7dzuHHfnmmW9aLcM,9a3639bb3d7901b8d28082531fb24396,2025-03-28T14-57 [exporttegus@gmail.com] Boletín Estadístico IHCAFE al 28 de Marzo de 2025.pdf,2026-02-26T09:42:00.112210+00:00
1Fkc_8Y8snoLJ8GGqj218l6Tb-DOtTfM_,17d65f7d8557fc51b02ff5618a1842a7,2025-03-27T14-57 [exporttegus@gmail.com] Boletín Estadístico IHCAFE al 27 de Marzo de 2025.pdf,2026-02-26T09:42:00.112210+00:00
15ePli6n-xeaIS5yooRa3knq3isept_9Z,9ddd0c1853dc9e7a0ca7424c8e6e7c89,2025-03-25T14-57 [exporttegus@gmail.com] Boletín Estadístico IHCAFE al 25 de Marzo de 2025.pdf,2026-02-26T09:42:00.112210+00:00
1gtTGRPav5RytqdFxPW7IlScoXpMeuhqo,21b43820f8f6e6a70ea88b794c897de0,2025-03-26T15-00 [exporttegus@gmail.com] Boletín Estadístico IHCAFE al 26 de Marzo de 2025.pdf,2026-02-26T09:42:00.112210+00:00
1hkFjqdE2Xub2KnC1Kshq30qAHvMLnFjK,37e96f5bcb2cddee6832171788befd28,2025-03-20T14-57 [exporttegus@gmail.com] Boletín Estadístico IHCAFE al 20 de Marzo de 2025.pdf,2026-02-26T09:42:00.112210+00:00
1HJcKIjRYOxG2gOnkHJP01LZTUaIL7E0Q,1405eab3d88892d019eb6d75ff155cfd,2025-03-19T14-57 [exporttegus@gmail.com] Boletín Estadístico IHCAFE al 19 de Marzo de 2025.pdf,2026-02-26T09:42:00.112210+00:00
1VRppmalHiq5R0Og4wSPTltZZ8ADyi5dv,f3453eafb194a69c97227337f2aae5c6,2025-03-24T14-57 [exporttegus@gmail.com] Boletín Estadístico IHCAFE al 24 de Marzo de 2025.pdf,2026-02-26T09:42:00.112210+00:00
1YWS4VFBbtBEMDHTYgGkQefeeAxZedzts,da8fc82d07a72d2e4f6c94d69c0fc154,2025-03-18T14-57 [exporttegus@gmail.com] Boletín Estadístico IHCAFE al 18 de Marzo de 2025.pdf,2026-02-26T09:42:00.112210+00:00
10NeB0nIZz_CieRxUUOqUQlNHlAMkfwBc,4aaf043b291c913173c9411e69238fca,2025-03-13T15-02 [exporttegus@gmail.com] Boletín Estadístico IHCAFE al 13 de Marzo de 2025.pdf,2026-02-26T09:42:00.112210+00:00
1t8oiZ1G7QxOV6uAnDbKs0RtdmG7c9IQK,12fa415abd5e1edacd2f2dcef88d6b86,2025-03-17T14-57 [exporttegus@gmail.com] Boletín Estadístico IHCAFE al 17 de Marzo de 2025.pdf,2026-02-26T09:42:00.112210+00:00
1H7Ac4SsmC3BAzgz_hGFJOoD82QCdLZq9,9f8ff0062c00fb320b2f9538d599cd45,2025-03-12T14-58 [exporttegus@gmail.com] Boletín Estadístico IHCAFE al 12 de Marzo de 2025.pdf,2026-02-26T09:42:00.112210+00:00
1t43hm4w447ez6rvms23S8Qdx1halTb0O,78c68ce653cc1bf44bd2eaeddbee0a51,2025-03-06T14-04 [exporttegus@gmail.com] Boletín Estadístico IHCAFE al 06 de Marzo de 2025.pdf,2026-02-26T09:42:00.112210+00:00
1GYxrabinXZ0RDqGBeJGe5pWsMlaxXiIX,855fd4e81b6b9aeeea3b40bf83d37fd2,2025-03-11T14-57 [exporttegus@gmail.com] Boletín Estadístico IHCAFE al 11 de Marzo de 2025.pdf,2026-02-26T09:42:00.112210+00:00
1w_DuayP2SAFQNttUUyRx55lrfHxiri6E,c562617f77ed799e4390e8aea51d58d3,2025-03-10T14-57 [exporttegus@gmail.com] Boletín Estadístico IHCAFE al 10 de Marzo de 2025.pdf,2026-02-26T09:42:00.112210+00:00
1t3HF_h8vsopY1a-UuXhlAdkDvrxVUmcZ,9cebfccdf905caaa63e7836093b02f3f,2025-03-07T14-00 [exporttegus@gmail.com] Boletín Estadístico IHCAFE al 07 de Marzo de 2025.pdf,2026-02-26T09:42:00.112210+00:00
12-PsSe1LI5_M_uJoopXRSgGjdQgR6kNM,14e6bf87d600f57d678331c88d5421ee,2025-03-05T14-00 [exporttegus@gmail.com] Boletín Estadístico IHCAFE al 05 de Marzo de 2025.pdf,2026-02-26T09:42:00.112210+00:00
1kG8B_wWdyvoACaadkuOUV3EyK0AEC5uR,a88b28a6b33cc55b4af8d8000ebb1a2a,2025-03-04T14-01 [exporttegus@gmail.com] Boletín Estadístico IHCAFE al 04 de Marzo de 2025.pdf,2026-02-26T09:42:00.112210+00:00
1OM8bLVgu53g3ogTb7ZmQlj5CimfSESrP,164fc907736fc5fba0f9fab4022e17ee,2025-03-03T13-59 [exporttegus@gmail.com] Boletín Estadístico IHCAFE al 03 de Marzo de 2025.pdf,2026-02-26T09:42:00.112210+00:00
1fwSeir7YkUZCugSabfzMoI3_YWp1FU_u,5175304187408f1c651808969fb04258,2025-02-28T14-00 [exporttegus@gmail.com] Boletín Estadístico IHCAFE al 28 de Febrero de 2025.pdf,2026-02-26T09:42:00.112210+00:00
145qcEJEMIH8FVgPM2RTVCYrC69_iVpkK,664b8fc86abe448138488cfb414f9457,2025-02-24T14-00 [exporttegus@gmail.com] Boletín Estadístico IHCAFE al 24 de Febrero de 2025.pdf,2026-02-26T09:42:00.112210+00:00
1jUWyZPaQk5WTJfJwwHE0L7JR-Ee3d94F,2e9a79b8781887f99e3d41e10dfeda83,2025-02-27T13-59 [exporttegus@gmail.com] Boletín Estadístico IHCAFE al 27 de Febrero de 2025.pdf,2026-02-26T09:42:00.112210+00:00
1XhYvdrZy_T14xNoGoXTBQte5ZPLD30bX,414cf4ace902a97ed979a5b28a98622e,2025-02-26T13-59 [exporttegus@gmail.com] Boletín Estadístico IHCAFE al 26 de Febrero de 2025.pdf,2026-02-26T09:42:00.112210+00:00
133Db6iJqhYObyNps2xMnWTgmF8jgQ5aQ,4dcea49a0238a180a7d62b0f047968b6,2025-02-21T14-02 [exporttegus@gmail.com] Boletín Estadístico IHCAFE al 21 de Febrero de 2025.pdf,2026-02-26T09:42:00.112210+00:00
1lVcJaVKaayJVdws1OUHzq5Kzs2aufcjf,e6e819f1b1d3f6a76fa9fe362576deaa,2025-02-25T14-01 [exporttegus@gmail.com] Boletín Estadístico IHCAFE al 25 de Febrero de 2025.pdf,2026-02-26T09:42:00.112210+00:00
1frjzmkl64j5m3cPPwSsT8n_zKGU62Aik,0700488c060476894f79cc971c34589d,2025-02-20T13-59 [exporttegus@gmail.com] Boletín Estadístico IHCAFE al 20 de Febrero de 2025.pdf,2026-02-26T09:42:00.112210+00:00
114ik324wDu1Q9lDRQxNmSHOWSKWnj1dD,79c4d49a02e6cd05a7114512391e948a,2025-02-19T14-05 [exporttegus@gmail.com] Boletín Estadístico IHCAFE al 19 de Febrero de 2025.pdf,2026-02-26T09:42:00.112210+00:00
1OquXLjtDr70DSERQvb7nf67G_6Q0GrSA,8effd6ff50be6a3683574aab3561c4cb,2025-02-18T14-01 [exporttegus@gmail.com] Boletín Estadístico IHCAFE al 18 de Febrero de 2025.pdf,2026-02-26T09:42:00.112210+00:00
1_m5S_xU29PAfljrKISATrgEU7NAMWNSd,a02266bbbdbbee56f0f00e1daaf90e79,2025-02-17T13-58 [exporttegus@gmail.com] Boletín Estadístico IHCAFE al 17 de Febrero de 2025.pdf,2026-02-26T09:42:00.112210+00:00
1enfM88rPkoe_YMgEp4bw_dBQ1Qz_PftJ,82139ab2d3ed2778a5eb1169193b23ef,2025-02-12T14-00 [exporttegus@gmail.com] Boletín Estadístico IHCAFE al 12 de Febrero de 2025.pdf,2026-02-26T09:42:00.112210+00:00
1ORgBy0z5C51yR67fgmDae1XUimrvigcA,7f2c99b2e36baa6bd506c100659405d6,2025-02-14T14-01 [exporttegus@gmail.com] Boletín Estadístico IHCAFE al 14 de Febrero de 2025.pdf,2026-02-26T09:42:00.112210+00:00
1r6jYjDx3bGnENso_18zNx6IVG2tAjOWg,30073911a96109190bc1729f4f09aeec,2025-02-11T14-03 [exporttegus@gmail.com] Boletín Estadístico IHCAFE al 11 de Febrero de 2025.pdf,2026-02-26T09:42:00.112210+00:00
1HegduoG29sfNjFE2kf2CUU0tVREm5Gny,66f2c5226ef5705ee54bae3ac8334d07,2025-02-07T13-59 [exporttegus@gmail.com] Boletín Estadístico IHCAFE al 07 de Febrero de 2025.pdf,2026-02-26T09:42:00.112210+00:00
1TusDOv_lr4Af_WJ5SioD9ZeU658sx5JJ,98e0a2b706ab1ce8b9b73e160b145ced,2025-02-13T13-59 [exporttegus@gmail.com] Boletín Estadístico IHCAFE al 13 de Febrero de 2025.pdf,2026-02-26T09:42:00.112210+00:00
1pDPARTUrYVzTAYhfNQxWH-p4xB29acAx,2cf0270375f47c55bdc535588d29a346,2025-02-10T14-02 [exporttegus@gmail.com] Boletín Estadístico IHCAFE al 12 de Febrero de 2025.pdf,2026-02-26T09:42:00.112210+00:00
1CB956mKIoxp3gmqdycGI5VUr4gjujqoI,deefcd7830d25882bc19d4c87814031c,2025-02-06T14-00 [exporttegus@gmail.com] Boletín Estadístico IHCAFE al 06 de Febrero de 2025.pdf,2026-02-26T09:42:00.112210+00:00
1n7wSwehQqyLIMjFcrIB9pWGvs9iuHIeT,ec3fbb6122a434599542931f486bcf9e,2025-02-04T13-59 [exporttegus@gmail.com] Boletín Estadístico IHCAFE al 04 de Febrero de 2025.pdf,2026-02-26T09:42:00.112210+00:00
1td6BFUBgywz0ZwKFh-d-j_h2sX7uQBDP,a74ba65f240f3f8ff196d5a9f4598de3,2025-02-03T14-00 [exporttegus@gmail.com] Boletín Estadístico IHCAFE al 03 de Febrero de 2025.pdf,2026-02-26T09:42:00.112210+00:00
1FlUrOIA_hzRaQxJ-PlrW9S5krJTVSSkd,2603b031e9186bd5c499e725f64d0d0d,2025-01-27T14-02 [exporttegus@gmail.com] Boletín Estadístico IHCAFE al 27 de Enero de 20245.pdf,2026-02-26T09:42:00.112210+00:00
1E2QOv_noKpB11S2WLFKtpAjUbJnc_9-v,22e80e7d83358233c0b68d04d27e2f6f,2025-01-31T14-01 [exporttegus@gmail.com] Boletín Estadístico IHCAFE al 31 de Enero de 2025.pdf,2026-02-26T09:42:00.112210+00:00
1nQwLFPWyEwZfsZ9oISdA5anWC44bHSZ9,50696021e8d4805431ddc6b20b89b8c4,2025-01-24T13-57 [exporttegus@gmail.com] Boletín Estadístico IHCAFE al 24 de Enero de 2025.pdf,2026-02-26T09:42:00.112210+00:00
1zyf90_aXdK6qzpDU-SX2DvwwHOJbYmXF,2c72783930425a21507a8f7a3397487c,2025-01-28T14-02 [exporttegus@gmail.com] Boletín Estadístico IHCAFE al 28 de Enero de 2025.pdf,2026-02-26T09:42:00.112210+00:00
1wPOyQhILCrb0_ZXd5SlMOC-yhlnnaHQu,cca8790399688da168bdb4f1f7363cfc,2025-01-30T14-04 [exporttegus@gmail.com] Boletín Estadístico IHCAFE al 30 de Enero de 2025.pdf,2026-02-26T09:42:00.112210+00:00
1BeoBXOf8ynIHlULH-6tlfdd2D329TJ8-,fb8b77fee24c5452fda2c7cf46d923b7,2025-01-29T14-00 [exporttegus@gmail.com] Boletín Estadístico IHCAFE al 29 de Enero de 2025.pdf,2026-02-26T09:42:00.112210+00:00
1CuMtCjI1PAivKqgWt52C6rCGb4N4v6ra,425131eb5a5c4391572a8577fda7aea3,2025-01-23T14-00 [exporttegus@gmail.com] Boletín Estadístico IHCAFE al 23 de Enero de 2025.pdf,2026-02-26T09:42:00.112210+00:00
1-jq49vocMTt_29kE7Rw_7A-fbeRdYqnt,e40e210137b013319a30d0800b46ae60,2025-01-20T13-59 [exporttegus@gmail.com] Boletín Estadístico IHCAFE al 20 de Enero de 2025.pdf,2026-02-26T09:42:00.112210+00:00
1BBrF4hmT3cgqTWJiZHq2EktzRJTxBqZO,f046a746fd3f6f1e898bd44c49bf3b63,2025-01-22T14-05 [exporttegus@gmail.com] Boletín Estadístico IHCAFE al 22 de Enero de 2025.pdf,2026-02-26T09:42:00.112210+00:00
1rwi4bZaKjMLGHkUfKDv-mp36-TWRjozL,fd2d0898efc325ce4da9f8122de09bf9,2025-01-17T13-57 [exporttegus@gmail.com] Boletín Estadístico IHCAFE al 17 de Enero de 2025.pdf,2026-02-26T09:42:00.112210+00:00
1VezGjzSSEWRERa-7XGnnXb3HHJ0xY7iO,c04655cd325eb00e4f798105a098080f,2025-01-14T14-03 [exporttegus@gmail.com] Boletín Estadístico IHCAFE al 14 de Enero de 2025.pdf,2026-02-26T09:42:00.112210+00:00
1_DeG2_LZ0j7S78si_IF5eXQGlrvI0qNS,2daf845ba6b8809c16c02cec8efbeb24,2025-01-10T14-02 [exporttegus@gmail.com] Boletín Estadístico IHCAFE al 10 de Enero de 2025.pdf,2026-02-26T09:42:00.112210+00:00
1VQDpUR3ntjTWFPHNYj3wepQn38Dc0hre,fd9d9837139eb3e7b3efcba5e44fc291,2025-01-15T14-03 [exporttegus@gmail.com] Boletín Estadístico IHCAFE al 15 de Enero de 2025.pdf,2026-02-26T09:42:00.112210+00:00
1xzz17L4ftJ2yLFRM22Gv7zQmGoN_OYky,1f2b387c9e9f141f9a24e9966816f0e1,2025-01-09T14-00 [exporttegus@gmail.com] Boletín Estadístico IHCAFE al 09 de Enero de 2025.pdf,2026-02-26T09:42:00.112210+00:00
1MCtrU1HcnOHvD5JkmOVfB26-ctOvfWUi,3e220a3fc95bb593216565be7951e027,2025-01-08T14-05 [exporttegus@gmail.com] Boletín Estadístico IHCAFE al 08 de Enero de 2025.pdf,2026-02-26T09:42:00.112210+00:00
1vGbRA4H01cn4Ku3s9bJaH20QoJg1yniA,430e07539a256fdeab5db6d83e9c511e,2025-01-06T14-04 [exporttegus@gmail.com] Boletín Estadístico IHCAFE al 06 de Enero de 2025.pdf,2026-02-26T09:42:00.112210+00:00
169EjzRXS4N5Kz86xI3NLJbODb9TXflwW,88e272f4c7248c3a6d672a6bb85bea3f,2024-12-20T21-08 [exporttegus@gmail.com] Boletín Estadístico IHCAFE al 20 de Diciembre de 2024.pdf,2026-02-26T09:42:00.112210+00:00
1ahG2AfOmfEAtToCOZBtwDLks4ucMcA9E,0c0351000dd895925c53ac1bc3dee671,2024-12-18T18-36 [exporttegus@gmail.com] Boletín Estadístico IHCAFE al 18 de Diciembre de 2024.pdf,2026-02-26T09:42:00.112210+00:00
1eBM8z-S9SkfWTwgXm74x4ev-Qc2-u6cE,72cd277c3f64a3f4432989573a44914b,2024-12-27T14-35 [exporttegus@gmail.com] Boletín Estadístico IHCAFE al 27 de Diciembre de 2024.pdf,2026-02-26T09:42:00.112210+00:00
14ox27LMUqsKZRqvU1gY9LwDQPhFmH_NS,64d7a5a9ce8a95d321c1bbf92ea955f4,2025-01-07T14-04 [exporttegus@gmail.com] Boletín Estadístico IHCAFE al 07 de Enero de 2025.pdf,2026-02-26T09:42:00.112210+00:00
1K5Efh2PuoJfNR1AleVQKZ65d1Gd2Dnoj,28e45b792117392d86964908881d7fa0,2024-12-16T22-53 [exporttegus@gmail.com] Boletín Estadístico IHCAFE al 16 de Diciembre de 2024.pdf,2026-02-26T09:42:00.112210+00:00
1-m2Qjl19KyFh5WcaZ9rZFsFoTQ7Eupb9,cef59cf1b29b3ea0f053c743a3769768,2024-12-12T16-02 [exporttegus@gmail.com] Boletín Estadístico IHCAFE al 12 de Diciembre de 2024.pdf,2026-02-26T09:42:00.112210+00:00
1sT4mCvC3U22f_F3ykT_riH_vyN7Tj5XM,556ec7e6a20344f4703415a9298d559b,2024-12-10T14-00 [exporttegus@gmail.com] Boletín Estadístico IHCAFE al 10 de Diciembre de 2024.pdf,2026-02-26T09:42:00.112210+00:00
1it13WEjCNoi0oEzQaYf8pq2iLR91NQcw,fe14a175af34426a7645732ccd06e339,2024-12-09T14-03 [exporttegus@gmail.com] Boletín Estadístico IHCAFE al 09 de Diciembre de 2024.pdf,2026-02-26T09:42:00.112210+00:00
15AJVOwShM9H4P8UUwNy6rdwrA9Rqt90r,191bd154bd5f2d7c6f12d028ef03048f,2024-12-06T14-13 [exporttegus@gmail.com] Boletín Estadístico IHCAFE al 06 de Diciembre de 2024.pdf,2026-02-26T09:42:00.112210+00:00
1SqdCj0KWAmzznPRCyC5NDLHMrjGx6_Et,a2aab37a12c932980224684224854eb5,2024-12-05T14-05 [exporttegus@gmail.com] Boletín Estadístico IHCAFE al 05 de Diciembre de 2024.pdf,2026-02-26T09:42:00.112210+00:00
1b4CZ1aggCTqYIIyctsL76iRzWdekaIB4,86d39091d8eb19f349b758db8ceb1498,2024-11-29T13-57 [exporttegus@gmail.com] Boletín Estadístico IHCAFE al 29 de Noviembre de 2024.pdf,2026-02-26T09:42:00.112210+00:00
18nea029AZ1dELTv0epQKKtSoJ8qPy9YN,06afbf5e17ae7cf8f26aee77cb699aaa,2024-11-28T14-00 [exporttegus@gmail.com] Boletín Estadístico IHCAFE al 28 de Noviembre de 2024.pdf,2026-02-26T09:42:00.112210+00:00
1qvwy7yLbCMmA9G7wp6Ki9pTgkp8fJRxD,4863f456432e5be01bc8770c725c9ac0,2024-12-04T14-04 [exporttegus@gmail.com] Boletín Estadístico IHCAFE al 04 de Diciembre de 2024.pdf,2026-02-26T09:42:00.112210+00:00
1zs-8cVQ7BrrMkUDrUqDVI2fAP6KCIJJ5,1508490b80ad3afe5f7e43daed63618e,2024-12-03T14-11 [exporttegus@gmail.com] Boletín Estadístico IHCAFE al 03 de Diciembre de 2024.pdf,2026-02-26T09:42:00.112210+00:00
14SnOmJcqipXgHWPCcwbN4WcxNKM-DTiQ,2ade7e84882ecc0ff2c9bc80e04e9087,2024-11-26T14-11 [exporttegus@gmail.com] Boletín Estadístico IHCAFE al 26 de Noviembre de 2024.pdf,2026-02-26T09:42:00.112210+00:00
1UEsbBfLH85eZD9VjRVUUGGPTHGrFlZGO,dc17b58bebdb46594e812daed57c76d0,2024-11-27T14-03 [exporttegus@gmail.com] Boletín Estadístico IHCAFE al 27 de Noviembre de 2024.pdf,2026-02-26T09:42:00.112210+00:00
1AVh71OnzPBhQbr3hPcyClMf1SNlsZPE4,75d3587e7e97e5afb99a363b4523249e,2024-11-25T14-12 [exporttegus@gmail.com] Boletín Estadístico IHCAFE al 25 de Noviembre de 2024.pdf,2026-02-26T09:42:00.112210+00:00
1EngelB1Sohzl8GBtQMPXOjED_VzdR368,f74dc3add9b68cf7b8d00b4cedaa840e,2024-11-18T14-02 [exporttegus@gmail.com] Boletín Estadístico IHCAFE al 18 de Noviembre de 2024.pdf,2026-02-26T09:42:00.112210+00:00
17gi0MgafxXN3sYrInIikRL_5H0RnePdM,36692b1c2bfc7dba9d310f06f1aa6bea,2024-11-21T14-10 [exporttegus@gmail.com] Boletín Estadístico IHCAFE al 21 de Noviembre de 2024.pdf,2026-02-26T09:42:00.112210+00:00
19vlDjLKoisA28GvdEwbbDtWHqjD58OEF,34e1aedd566f82aed2feca783fd487c2,2024-11-22T13-59 [exporttegus@gmail.com] Boletín Estadístico IHCAFE al 22 de Noviembre de 2024.pdf,2026-02-26T09:42:00.112210+00:00
1TpzChUzfJHJsOci_P1iYUY9TptW-3rZ0,109d66d200b0f837f42c5339148adb53,2024-11-19T14-05 [exporttegus@gmail.com] Boletín Estadístico IHCAFE al 19 de Noviembre de 2024.pdf,2026-02-26T09:42:00.112210+00:00
1xX6iL15gvTWEqkbUXbvDkipafruTKrGD,91e8c7a32d85e43ef41cc55cee77cd18,2024-11-20T14-00 [exporttegus@gmail.com] Boletín Estadístico IHCAFE al 20 de Noviembre de 2024.pdf,2026-02-26T09:42:00.112210+00:00
19TUeacmqXhjbNcCURdRxdgcMQjYffRjB,81485e1788bcaf8bf74a02e4ed7b12da,2024-11-14T14-12 [exporttegus@gmail.com] Boletín Estadístico IHCAFE al 14 de Noviembre de 2024.pdf,2026-02-26T09:42:00.112210+00:00
1ZPRVQu_J-ZGVt60gvIZovYxdnQmDxNIu,ce8ab38c004ac5cd792bf1f42cc3f5c8,2024-11-13T14-01 [exporttegus@gmail.com] Boletín Estadístico IHCAFE al 13 de Noviembre de 2024.pdf,2026-02-26T09:42:00.112210+00:00
1FRFE6d5vIcgK3TXvhJXXyTatdAvPRsxY,c97fb2504117949c4f9c145c49b2ee96,2024-11-15T14-12 [exporttegus@gmail.com] Boletín Estadístico IHCAFE al 15 de Noviembre de 2024.pdf,2026-02-26T09:42:00.112210+00:00
1RbVWKVB4297a-TKI7UCNDVSrMepf4heY,612786d680c6dbebf09376750e330189,2024-11-07T14-07 [exporttegus@gmail.com] Boletín Estadístico IHCAFE al 07 de Noviembre de 2024.pdf,2026-02-26T09:42:00.112210+00:00
1uA43n6YeE8kVqJT6ASHV4Rz7E2ZC5N4-,76d60eb970f0609f4b7ff98ff0dc420b,2024-11-08T14-07 [exporttegus@gmail.com] Boletín Estadístico IHCAFE al 08 de Noviembre de 2024.pdf,2026-02-26T09:42:00.112210+00:00
1q0zUzHHQptHy1J1V8LE0sNVYa4Or-arT,547d53c93d3c65670d793a94b131a0ea,2024-11-12T13-44 [exporttegus@gmail.com] Boletín Estadístico IHCAFE al 12 de Noviembre de 2024.pdf,2026-02-26T09:42:00.112210+00:00
1xnoRQKsU_cMy7cT8GA54gdO_VdZKLrtG,16843a5aacb3c5e121ee90fa817a4b50,2024-11-05T15-17 [exporttegus@gmail.com] Boletín Estadístico IHCAFE al 05 de Noviembre de 2024.pdf,2026-02-26T09:42:00.112210+00:00
1p6hzawAZUb4VDnIxZnt9Jlmecwnw0NzO,fcfdad05765c3de120a66778ac29fd33,2024-11-06T14-14 [exporttegus@gmail.com] Boletín Estadístico IHCAFE al 06 de Noviembre de 2024.pdf,2026-02-26T09:42:00.112210+00:00
1LBrZI5SIeIegjXZlozv7Ssm9DE4sTF-k,e7aa0d9016023408af4be16e3b67a99c,2024-11-04T14-26 [exporttegus@gmail.com] Boletín Estadístico IHCAFE al 04 de Noviembre de 2024.pdf,2026-02-26T09:42:00.112210+00:00
16Ph-6rrvoH0t3i3ZYgka-qUxKRpDditr,f5b57ab674cc1c58c2e97589d011b709,2024-09-26T14-57 [exporttegus@gmail.com] Boletín Estadístico IHCAFE al 26 de Septiembre de 2024.pdf,2026-02-26T09:42:00.112210+00:00
1W9vg5mWeILQW2ar3o-VMXzEMYDwE71qL,c321b1cb1efcda92f775391f6d4dd641,2024-09-27T14-57 [exporttegus@gmail.com] Boletín Estadístico IHCAFE al 27 de Septiembre de 2024.pdf,2026-02-26T09:42:00.112210+00:00
1089CT1Nc_ikXiKNYSHPxBCh4kkaDZMY6,2990b3e94dbe20f5f8fba9f04e4a9b97,2024-09-30T14-57 [exporttegus@gmail.com] Boletín Estadístico IHCAFE al 30 de Septiembre de 2024.pdf,2026-02-26T09:42:00.112210+00:00
1Lzq05vGxhb_SnuElHPUYgcVgUWEeQbsd,562acb773a9a762d2f9b85e1c9c07ea8,2024-09-23T14-57 [exporttegus@gmail.com] Boletín Estadístico IHCAFE al 23 de Septiembre de 2024.pdf,2026-02-26T09:42:00.112210+00:00
14NWtOXlYAtO8bKY-3QFgwpa35uEKRHg4,48c16ddcae014b19f378ffc4ffafc72d,2024-09-19T14-59 [exporttegus@gmail.com] Boletín Estadístico IHCAFE al 19 de Septiembre de 2024.pdf,2026-02-26T09:42:00.112210+00:00
1QbMrTyiZp9Vddk_cQbNp2Phti6GU6-QQ,309da6fd880c2cbdb14a3af500849b1c,2024-09-20T14-57 [exporttegus@gmail.com] Boletín Estadístico IHCAFE al 20 de Septiembre de 2024.pdf,2026-02-26T09:42:00.112210+00:00
1OND_q_wMmRhHYFVSRPuEioXV_yWTywfg,00a7f9d4588dabc8f801a248b8b8840c,2024-09-24T14-57 [exporttegus@gmail.com] Boletín Estadístico IHCAFE al 24 de Septiembre de 2024.pdf,2026-02-26T09:42:00.112210+00:00
1Dy2kj9cGHcD_yRjbv0fG5XRi8rC2-5uP,edc372c96c7cecfc47adff1344e91e2f,2024-09-16T14-57 [exporttegus@gmail.com] Boletín Estadístico IHCAFE al 16 de Septiembre de 2024.pdf,2026-02-26T09:42:00.112210+00:00
1JyUiBiW1VB_jvfhgUHSZcYDzqyIwgNzz,061e30a9b822d705d8522583e13542b6,2024-09-17T14-57 [exporttegus@gmail.com] Boletín Estadístico IHCAFE al 17 de Septiembre de 2024.pdf,2026-02-26T09:42:00.112210+00:00
1UFITsd3EjrwtQs-gIGGx68xAMaeD56zK,600c77ce5839d9aa7373b8b344492be3,2024-09-18T14-57 [exporttegus@gmail.com] Boletín Estadístico IHCAFE al 18 de Septiembre de 2024.pdf,2026-02-26T09:42:00.112210+00:00
1opz8iCmADnRJw5cdwp84aWEd7Cu09uAx,5b1938b891caa42f1c20b4673f66ba95,2024-09-13T14-57 [exporttegus@gmail.com] Boletín Estadístico IHCAFE al 13 de Septiembre de 2024.pdf,2026-02-26T09:42:00.112210+00:00
1p4baKAF-F9BE_C2ra6yAeyC65pRlIEi_,8210e66047aefa84917a1e283b3495ed,2024-09-12T14-57 [exporttegus@gmail.com] Boletín Estadístico IHCAFE al 12 de Septiembre de 2024.pdf,2026-02-26T09:42:00.112210+00:00
1zFHN02Rwpl4YPzWw6VtbNePCagDNo3pq,1f418bd874125e1c3d422af1d671c5d0,2024-09-11T14-57 [exporttegus@gmail.com] Boletín Estadístico IHCAFE al 11 de Septiembre de 2024.pdf,2026-02-26T09:42:00.112210+00:00
12zUuf7LAHW7bnYzWt8RVNTadWfeTedrs,297c70223abc6fb8d30c087d1ed7ae1c,2024-09-09T14-57 [exporttegus@gmail.com] Boletín Estadístico IHCAFE al 09 de Septiembre de 2024.pdf,2026-02-26T09:42:00.112210+00:00
11ahpVyYC93JP1uEs24SG8JjMpVyTCrbQ,736af02774f3dff714fe493249a8f64f,2024-09-04T14-57 [exporttegus@gmail.com] Boletín Estadístico IHCAFE al 04 de Septiembre de 2024.pdf,2026-02-26T09:42:00.112210+00:00
1dymtfWLQe54w1Tlh_xRFVCAZdNTK8P-l,b6eb8df9d90c69c3d616a67a950a3f59,2024-09-10T14-57 [exporttegus@gmail.com] Boletín Estadístico IHCAFE al 10 de Septiembre de 2024.pdf,2026-02-26T09:42:00.112210+00:00
1X1-kd37Pg_KrMB-FJVLQLajnWEFbP6WF,55463048bd1c0f5ea578b08457abb1de,2024-09-05T14-57 [exporttegus@gmail.com] Boletín Estadístico IHCAFE al 05 de Septiembre de 2024.pdf,2026-02-26T09:42:00.112210+00:00
1aF6n2a4urtwjW-KzU3gv1sQFtTHQqN2n,9e8880ab38f65e52995b4559a088e1ca,2024-09-02T14-58 [exporttegus@gmail.com] Boletín Estadístico IHCAFE al 02 de Septiembre de 2024.pdf,2026-02-26T09:42:00.112210+00:00
11Jg2XVqHbAMyYVomen2MzP58UeDDqmEV,416755d3ce6a480bcd923f69fb617c73,2024-09-03T14-57 [exporttegus@gmail.com] Boletín Estadístico IHCAFE al 03 de Septiembre de 2024.pdf,2026-02-26T09:42:00.112210+00:00
1BQpkvcgce1yHE-GB7O7nJH-kdVM_P4vb,a59e41184e01383e90a82fda39ea780f,2024-08-30T15-00 [exporttegus@gmail.com] Boletín Estadístico IHCAFE al 30 de Agosto de 2024.pdf,2026-02-26T09:42:00.112210+00:00
1UeV6WumxgeOivN590VGGNUWDMN1TKLGp,d6c7a04c2407c9532759a4d3129b29c5,2024-08-29T15-07 [exporttegus@gmail.com] Boletín Estadístico IHCAFE al 29 de Agosto de 2024.pdf,2026-02-26T09:42:00.112210+00:00
1CvNt4vN2T7nbqBwlPBljCt8fRZzJluUG,0a8a1f8564012523df1896675dd49c59,2024-08-26T14-57 [exporttegus@gmail.com] Boletín Estadístico IHCAFE al 26 de Agosto de 2024.pdf,2026-02-26T09:42:00.112210+00:00
1OFbb5avbQ4p-VHCgmyrt5gYhwXFkpPB_,8cb685b53563c14d176d82bd71023cfb,2024-08-27T15-00 [exporttegus@gmail.com] Boletín Estadístico IHCAFE al 27 de Agosto de 2024.pdf,2026-02-26T09:42:00.112210+00:00
15axRecxEygdX9QVefAa98stcf5DszzgK,a2dde0aab547f2750352910ae1f15e3a,2024-08-22T15-00 [exporttegus@gmail.com] Boletín Estadístico IHCAFE al 22 de Agosto de 2024.pdf,2026-02-26T09:42:00.112210+00:00
1z9rTr_WndWxW7UJdjtD0PwSpO20UFZUV,85aea1967cc5fd0e2e69c09ed1d8c871,2024-08-23T15-14 [exporttegus@gmail.com] Boletín Estadístico IHCAFE al 23 de Agosto de 2024.pdf,2026-02-26T09:42:00.112210+00:00
1z3y5825nnJbuhqG2grfLXA0Vw6yXxfST,ec1719607c7f376b6b41fa10ed1dd402,2024-08-20T15-00 [exporttegus@gmail.com] Boletín Estadístico IHCAFE al 20 de Agosto de 2024.pdf,2026-02-26T09:42:00.112210+00:00
1KK6SF8pQQgiEM_uc_fSD5W-RCIpsLsca,7e3bd241293655821c89a6e9c5a09cb0,2024-08-19T14-57 [exporttegus@gmail.com] Boletín Estadístico IHCAFE al 19 de Agosto de 2024.pdf,2026-02-26T09:42:00.112210+00:00
1GRynpJN6JVNQ-13TWmntC2wZTqdPM4z8,7475ee9a59795a439be700713b84785e,2024-08-16T15-00 [exporttegus@gmail.com] Boletín Estadístico IHCAFE al 16 de Agosto de 2024.pdf,2026-02-26T09:42:00.112210+00:00
1IF2pSp-j9WO9XK5XE2DkQiFsZyFBfJ1K,43b4bcee41c66b0afbc8b6caa69a7404,2024-08-14T15-00 [exporttegus@gmail.com] Boletín Estadístico IHCAFE al 14 de Agosto de 2024.pdf,2026-02-26T09:42:00.112210+00:00
1tMR0XFh0JkyuqJtEsnhvZuyY5xeXpu30,38035b7d58e8bd7775df5d36b06e14ab,2024-08-15T15-00 [exporttegus@gmail.com] Boletín Estadístico IHCAFE al 15 de Agosto de 2024.pdf,2026-02-26T09:42:00.112210+00:00
1xbk_fPjIR_8O3nYXGRkENDG1uv34oLYN,d0db01559ded94c4ca5b71ca768c298f,2024-08-13T15-00 [exporttegus@gmail.com] Boletín Estadístico IHCAFE al 13 de Agosto de 2024.pdf,2026-02-26T09:42:00.112210+00:00
1ifstnj8BW4OdON_QAZp9N1idzILzDDUl,0ddd1311ed49c75241592bf534dd6b82,2024-08-12T15-00 [exporttegus@gmail.com] Boletín Estadístico IHCAFE al 12 de Agosto de 2024.pdf,2026-02-26T09:42:00.112210+00:00
1NnX7iOpPIfEgU-D1DHeQOjIhgEq3YirI,7ba0e9fd001030f907d221bd1efd681b,2024-08-09T15-00 [exporttegus@gmail.com] Boletín Estadístico IHCAFE al 09 de Agosto de 2024.pdf,2026-02-26T09:42:00.112210+00:00
1CZGoPTA5_ylJG8_6MxEelx03_KnyArNr,1161a3cf95306aae56b0ac6abddb2fd5,2024-08-07T15-27 [exporttegus@gmail.com] Boletín Estadístico IHCAFE al 07 de Agosto de 2024.pdf,2026-02-26T09:42:00.112210+00:00
1OXLv8o5gHSjyg-MRb6mPsyZWX4qfuC7V,217baacdb58c4bd3acee963492a9e150,2024-08-08T15-05 [exporttegus@gmail.com] Boletín Estadístico IHCAFE al 08 de Agosto de 2024.pdf,2026-02-26T09:42:00.112210+00:00
1JLrZOdc4OKNxrck2yqIWeLtYz1bQ7pcv,785e30447d9f603006ba66c2315e8c62,2024-08-06T15-13 [exporttegus@gmail.com] Boletín Estadístico IHCAFE al 06 de Agosto de 2024.pdf,2026-02-26T09:42:00.112210+00:00
1I-WzizXVCa150IcJ_NHg9ekMB3-u7ctt,bf1691fc0f8d8bae16ba5ce80fc9ebe9,2024-08-05T15-24 [exporttegus@gmail.com] Boletín Estadístico IHCAFE al 05 de Agosto de 2024.pdf,2026-02-26T09:42:00.112210+00:00
1qFBNkOuL1YOmW5dq2el1-5wQ9T70Hf6R,f50d635fe03371773bf8cb29b332201d,2024-07-30T14-07 [exporttegus@gmail.com] Boletín Estadístico IHCAFE al 30 de Julio de 2024.pdf,2026-02-26T09:42:00.112210+00:00
1Lwo39zI6o9wS_Tezlde2laYa-FeUtT-g,b90bdbe26367f64146c057dbaebbfb2b,2024-07-29T14-34 [exporttegus@gmail.com] Boletín Estadístico IHCAFE al 29 de Julio de 2024.pdf,2026-02-26T09:42:00.112210+00:00
1uH3bpioyrgz47uFlL8aOlzBw8jdO7E7h,b42d5966af194fd7af1f713e6176bb1c,2024-08-02T14-15 [exporttegus@gmail.com] Boletín Estadístico IHCAFE al 02 de Agosto de 2024.pdf,2026-02-26T09:42:00.112210+00:00
1adpjP2z1fQr3xxM_5g3CQ7AMNoDyS37j,760a809e68478f7b2d6228c4cf3ebfc5,2024-07-31T14-29 [exporttegus@gmail.com] Boletín Estadístico IHCAFE al 31 de Julio de 2024.pdf,2026-02-26T09:42:00.112210+00:00
1XTYenNphVOfJlGuDu7jT3WDts5h9OZK0,55362feaed4c85266d15cbf46c928ec7,2024-07-26T15-09 [exporttegus@gmail.com] Boletín Estadístico IHCAFE al 26 de Julio de 2024.pdf,2026-02-26T09:42:00.112210+00:00
1JuZZba2KPdSb7pJLVDGy7qvTEMh7EgNW,cad27df42ae5e7659e37645a56a7c7e5,2024-07-24T15-19 [exporttegus@gmail.com] Boletín Estadístico IHCAFE al 24 de Julio de 2024.pdf,2026-02-26T09:42:00.112210+00:00
1ujxbu9lRpiOk3FM12WWba5iPMGtYW543,55f136990c480d4b07d1b1480e670bc1,2024-07-25T15-08 [exporttegus@gmail.com] Boletín Estadístico IHCAFE al 24 de julio de 2024.pdf,2026-02-26T09:42:00.112210+00:00
1YAikjsTiM42tew8HZOQs70WwvdvB2_f9,c1c4aae157a7fed28be49d68acb01df0,2024-07-22T15-15 [exporttegus@gmail.com] Boletín Estadístico IHCAFE al 22 de Julio de 2024.pdf,2026-02-26T09:42:00.112210+00:00
1fGht-5kNf6QElKJ85KLJ7javaHnvwDYU,5cc5833e60922a312bedddc0494722c2,2024-07-19T15-11 [exporttegus@gmail.com] Boletín Estadístico IHCAFE al 19 de Julio de 2024.pdf,2026-02-26T09:42:00.112210+00:00
1p3EsFoH62BZ1GbQGxYzFM6A-9vmIwNic,f68a53e5538eb0ba74f8fb2564f20e05,2024-07-23T15-59 [exporttegus@gmail.com] Boletín Estadístico IHCAFE al 23 de Julio de 2024.pdf,2026-02-26T09:42:00.112210+00:00
1rpu0CZ2SP_H1b1PXecAd6xrLnV5BlImZ,0e4a9f84dc4a61ed2b5ebdb382ae6c65,2024-07-18T15-07 [exporttegus@gmail.com] Boletín Estadístico IHCAFE al 18 de Julio de 2024.pdf,2026-02-26T09:42:00.112210+00:00
1mTTqE5dosfVS2KA59jMkiMlfthKYF9Lu,89b2d455e73e04d511320c2bef5c8268,2024-07-17T15-08 [exporttegus@gmail.com] Boletín Estadístico IHCAFE al 17 de Julio de 2024.pdf,2026-02-26T09:42:00.112210+00:00
15zbBNNAe9YqxUDGaZNe79gaZprE37ZvW,29c31593f19256985ed2730f76dc67d5,2024-07-16T14-57 [exporttegus@gmail.com] Boletín Estadístico IHCAFE al 16 de Julio de 2024.pdf,2026-02-26T09:42:00.112210+00:00
1h8eMpf_cp5-wOWbYxEPlHDvBRY67k80g,0cf8e61dd60f1223235ad4f033265580,2024-07-15T15-07 [exporttegus@gmail.com] Boletín Estadístico IHCAFE al 15 de Julio de 2024.pdf,2026-02-26T09:42:00.112210+00:00
1Fx65Wd7XeSczOsB3ZMerZ4gC2BZ4sbnm,0e85b39e758d32f29e298604fbdea3e0,2024-07-12T14-58 [exporttegus@gmail.com] Boletín Estadístico IHCAFE al 12 de Julio de 2024.pdf,2026-02-26T09:42:00.112210+00:00
1aEa3y6Fi7b9u0dhFKqLHYSmTZB24A-jB,93be7ef286093678e8c4e8d092da9d34,2024-07-11T14-58 [exporttegus@gmail.com] Boletín Estadístico IHCAFE al 11 de Julio de 2024.pdf,2026-02-26T09:42:00.112210+00:00
10jwq6QWY400HQCMYBWdf6ifmCFpxik3M,9d42a1708f48949b53892f2a6e4176dd,2024-07-10T14-58 [exporttegus@gmail.com] Boletín Estadístico IHCAFE al 10 de Julio de 2024.pdf,2026-02-26T09:42:00.112210+00:00
1t3Jn71FxUWsyIYz3osGbVEqygLzCjtr5,6084fb2e19efff348298e64d6de35a1a,2024-07-04T14-04 [exporttegus@gmail.com] Boletín Estadístico IHCAFE al 04 de Julio de 2024.pdf,2026-02-26T09:42:00.112210+00:00
1kDoSf64Jd7rkfgocaxhpr_W8Dwk_v0Vn,d04be93e6cd49cfc7fbfdb63681cd0c8,2024-07-05T14-55 [exporttegus@gmail.com] Boletín Estadístico IHCAFE al 05 de Julio de 2024.pdf,2026-02-26T09:42:00.112210+00:00
15Aw7dhCYPEatTnn_bJnt3BZSO4s6pDP3,6e42833df6074240f26bdd2d11a4cdd9,2024-07-09T15-02 [exporttegus@gmail.com] Boletín Estadístico IHCAFE al 09 de Julio de 2024.pdf,2026-02-26T09:42:00.112210+00:00
19W6eWOfXJsZQbXvc9EZCjKRa45EOzuLw,a1e01a635a9cc05aa78fc3adeca5e301,2024-07-08T15-23 [exporttegus@gmail.com] Boletín Estadístico IHCAFE al 08 de Julio de 2024.pdf,2026-02-26T09:42:00.112210+00:00
10C2Rb73Geg9tJGGiBXsY9IRHmYnh9CDI,ed816d2b87390d1b87a2184d46b59911,2024-07-02T14-06 [exporttegus@gmail.com] Boletín Estadístico IHCAFE al 02 de Julio de 2024.pdf,2026-02-26T09:42:00.112210+00:00
1p0Xf9lI81QdlHozSSYioHI5qLVc0Yb67,7f048b23fd7d8145e6c363f9d1dca3cb,2024-07-03T15-04 [exporttegus@gmail.com] Boletín Estadístico IHCAFE al 03 de Julio de 2024.pdf,2026-02-26T09:42:00.112210+00:00
124cTLGvEadxEmk8-VSCBrOKj-Ba7f49l,4392fa2467b252245580e2649703e25e,2024-07-01T15-16 [exporttegus@gmail.com] Boletín Estadístico IHCAFE al 01 de Julio de 2024.pdf,2026-02-26T09:42:00.112210+00:00
1TKmqsALlId7VwDgEIf-KMIqAmDjxcpau,8c6a8feedd9e0458bf8c3d97ed72c8a7,2024-06-25T15-13 [exporttegus@gmail.com] Boletín Estadístico IHCAFE al 25 de Junio de 2024.pdf,2026-02-26T09:42:00.112210+00:00
1QeobsenCoQx4S3JrpM6939qBHM4w5MIm,3d91c280d8b295a8ae8cd7ead2c26d28,2024-06-28T15-00 [exporttegus@gmail.com] Boletín Estadístico IHCAFE al 27 de Junio de 2024.pdf,2026-02-26T09:42:00.112210+00:00
1Xu-LjGf7cfW8ewMUBQFSRPSmt9hZuYO3,2d457312e73a2298e62283b05b729c56,2024-06-26T15-09 [exporttegus@gmail.com] Boletín Estadístico IHCAFE al 26 de Junio de 2024.pdf,2026-02-26T09:42:00.112210+00:00
1DvMO53tz2eOBz0UHcvzSsOPWYBGFwDsr,3a643e1dc7bd4871a22bbb741a50119c,2024-06-27T15-10 [exporttegus@gmail.com] Boletín Estadístico IHCAFE al 27 de Junio de 2024.pdf,2026-02-26T09:42:00.112210+00:00
1OtAzrPtiH3scLfxf1bJY03PIR28e4gr6,9d5217b5fe8516fdcd57c6b388c8f87f,2024-06-20T15-41 [exporttegus@gmail.com] Boletín Estadístico IHCAFE al 20 de Junio de 2024.pdf,2026-02-26T09:42:00.112210+00:00
1YIFcwUrMA9_TXBYskjzxJNxH1oSpRHUN,468a307b882554fc7bfe55f280f61c7e,2024-06-21T14-56 [exporttegus@gmail.com] Boletín Estadístico IHCAFE al 21 de Junio de 2024.pdf,2026-02-26T09:42:00.112210+00:00
1FA6sVcVSi4ERmnvlWSoXa6OQw4PhoB-i,41307cf2775cceec543528b73604fe9f,2024-06-24T15-27 [exporttegus@gmail.com] Boletín Estadístico IHCAFE al 24 de Junio de 2024.pdf,2026-02-26T09:42:00.112210+00:00
1zMxmPgX36cKV7G8BWK7nGGVCPVoysgYb,fbf749a743767fff0d7a61690a469a19,2024-06-19T15-17 [exporttegus@gmail.com] Boletín Estadístico IHCAFE al 19 de Junio de 2024.pdf,2026-02-26T09:42:00.112210+00:00
1x0TQklFLQS5VhrmKIEq_swMt_0I1jmyu,597e9d46d8042f24247eadf077ad1e29,2024-06-14T15-10 [exporttegus@gmail.com] Boletín Estadístico IHCAFE al 14 de Junio de 2024.pdf,2026-02-26T09:42:00.112210+00:00
1Kuy1fiDEtE6U_bBuc3d7soJRFdNvxx4G,48343ddac9eb9bd51a8f7e5b748428cd,2024-06-18T15-02 [exporttegus@gmail.com] Boletín Estadístico IHCAFE al 18 de Junio de 2024.pdf,2026-02-26T09:42:00.112210+00:00
1wi52-Cz7Yzl-QCwz3pv64HA6mOtpWf5X,d1449a311aad39860ee06812f6cae721,2024-06-12T15-12 [exporttegus@gmail.com] Boletín Estadístico IHCAFE al 12 de Junio de 2024.pdf,2026-02-26T09:42:00.112210+00:00
1-ORFXJ7LgRr22_bBffpO-mkvT094tscr,ba51489eb0c2d9e3577b7d3644baa97d,2024-06-13T15-02 [exporttegus@gmail.com] Boletín Estadístico IHCAFE al 13 de Junio de 2024.pdf,2026-02-26T09:42:00.112210+00:00
1XiDlR4-whpmwTzvccdcOiidd8_P-4r3r,2a23815d75d54374f8dbf720c5b06b00,2024-06-17T15-04 [exporttegus@gmail.com] Boletín Estadístico IHCAFE al 17 de Junio de 2024.pdf,2026-02-26T09:42:00.112210+00:00
1CxmQsLZFFky3JV-9CZMKXC_xyrZMtHqx,62e333bd8665fbb15ff15dffceb5c28a,2024-06-10T15-09 [exporttegus@gmail.com] Boletín Estadístico IHCAFE al 10 de Junio de 2024.pdf,2026-02-26T09:42:00.112210+00:00
1LgNH7QzxvfB6sazxue0a10zVQj7e8yIZ,8e1ceb9517bf7f47a55648ba2d6d4437,2024-06-06T15-04 [exporttegus@gmail.com] Boletín Estadístico IHCAFE al 06 de Junio de 2024.pdf,2026-02-26T09:42:00.112210+00:00
127BJo08IUeYPahfjASMr7wrU4YgbFRaF,156c3df5080a395f3399fe3837848a44,2024-06-07T14-57 [exporttegus@gmail.com] Boletín Estadístico IHCAFE al 07 de Junio de 2024.pdf,2026-02-26T09:42:00.112210+00:00
1c_FmGTp6K3NV3a0rPvaufaFvxoKk8-wz,44c99be6f53a524ed8ccfdc0c741b1a5,2024-06-05T15-07 [exporttegus@gmail.com] Boletín Estadístico IHCAFE al 05 de Junio de 2024.pdf,2026-02-26T09:42:00.112210+00:00
1Sjw5AAiIsBQR0Y5sUbDnan4kjbkGk5I4,80241741d0a5cc0c846ed065984d9dd2,2024-06-04T15-20 [exporttegus@gmail.com] Boletín Estadístico IHCAFE al 04 de Junio de 2024.pdf,2026-02-26T09:42:00.112210+00:00
14ixD2fa4oPUcsrSyQJ1FTEIbiRn3ZZ3V,9c1950594ea764784e9fc1923e9b101c,2024-06-03T15-02 [exporttegus@gmail.com] Boletín Estadístico IHCAFE al 03 de Junio de 2024.pdf,2026-02-26T09:42:00.112210+00:00
1GWu1ahqN6qGlv9t8jq3PFgbKnIMv2cUc,519bebcfd86de0cd22a63022e6d2fe8c,2024-05-30T14-57 [exporttegus@gmail.com] Boletín Estadístico IHCAFE al 30 de Mayo de 2024.pdf,2026-02-26T09:42:00.112210+00:00
1Bol0GCFPyoKGEPlD1voDH43lhKIVjopG,b30eaafc258852ae93f1e34ffd85f4d3,2024-05-27T15-06 [exporttegus@gmail.com] Boletín Estadístico IHCAFE al 27 de Mayo de 2024.pdf,2026-02-26T09:42:00.112210+00:00
1mP1-Hl6Bu3qQK6pYlpshuIMIL-JvIv-W,b2359d1d366c8799ec1fb9b2f0487cfb,2024-05-29T15-06 [exporttegus@gmail.com] Boletín Estadístico IHCAFE al 29 de Mayo de 2024.pdf,2026-02-26T09:42:00.112210+00:00
11tkQavFAGhGZ1BPZRuH902cCPEAN90TZ,018a48a4373ba49e473800afae1853f0,2024-05-28T15-09 [exporttegus@gmail.com] Boletín Estadístico IHCAFE al 28 de Mayo de 2024.pdf,2026-02-26T09:42:00.112210+00:00
1KhQa4KIqS1pmhTYuKb4zi5M5Ju28FgO4,c92da11d5c28f293e18cdeb44838eef6,2024-05-31T15-02 [exporttegus@gmail.com] Boletín Estadístico IHCAFE al 31 de Mayo de 2024.pdf,2026-02-26T09:42:00.112210+00:00
1o_chaNLMLPd9WyoW4CU-nlUUmmrojPka,362a92e22c8b5c67770b49a0abc554aa,2024-05-23T15-17 [exporttegus@gmail.com] Boletín Estadístico IHCAFE al 23 de Mayo de 2024.pdf,2026-02-26T09:42:00.112210+00:00
1UZt0BM6fh8J9Axm-C7shAoji5ySVlfKX,7f8c382b89a8c19b0983caa916e289aa,2024-05-22T15-21 [exporttegus@gmail.com] Boletín Estadístico IHCAFE al 22 de Mayo de 2024.pdf,2026-02-26T09:42:00.112210+00:00
1-7nlE10OBuJi4fpAfXre2kUeY1I084Bw,b9e78b6d0a68bc6e7b615efb7b88e0db,2024-05-20T14-41 [exporttegus@gmail.com] Boletín Estadístico IHCAFE al 20 de Mayo de 2024.pdf,2026-02-26T09:42:00.112210+00:00
1T0hDX-g7frIMbnyUKGkhz4AC7QjiLjcE,bdc2003670cc86e351bff6f4d8f9ea33,2024-05-16T15-02 [exporttegus@gmail.com] Boletín Estadístico IHCAFE al 16 de Mayo de 2024.pdf,2026-02-26T09:42:00.112210+00:00
1EtIfaOhzGcp49Uipx0jLGLjEidPxfqkU,04cb8f413fdbd5a2022e352a7feefefe,2024-05-15T15-00 [exporttegus@gmail.com] Boletín Estadístico IHCAFE al 15 de Mayo de 2024.pdf,2026-02-26T09:42:00.112210+00:00
1BDgdIzHGtCjp4jE1kpiwrOK9cIGzx6DE,410f5d612d019e54a0500ff071f1502b,2024-05-13T15-16 [exporttegus@gmail.com] Boletín Estadístico IHCAFE al 13 de Mayo de 2024.pdf,2026-02-26T09:42:00.112210+00:00
1-Ne2yizIu6wcvMdhGvIXIsekA96hWx_S,a92f76fc5c859699c373da3b4793b151,2024-05-21T16-07 [exporttegus@gmail.com] Boletín Estadístico IHCAFE al 21 de Mayo de 2024.pdf,2026-02-26T09:42:00.112210+00:00
157qNUAEVpMjWNGFLJZ0M80-GLxfZ7XGm,af1666edd925cc38761e1e8d24e9a121,2024-05-17T15-14 [exporttegus@gmail.com] Boletín Estadístico IHCAFE al 17 de Mayo de 2024.pdf,2026-02-26T09:42:00.112210+00:00
1twJXxmBvCFHYyLHvo_k4OwlN_DjPtBM3,55ae085df43ae97d95c5503493a91cbf,2024-05-07T15-08 [exporttegus@gmail.com] Boletín Estadístico IHCAFE al 07 de Mayo de 2024.pdf,2026-02-26T09:42:00.112210+00:00
1Nz-gK7lKzsGKUdiAqjOUq1rnH2mOQiTj,6f5492c7c027310e158144c2bb84e2b5,2024-05-08T15-03 [exporttegus@gmail.com] Boletín Estadístico IHCAFE al 08 de Mayo de 2024.pdf,2026-02-26T09:42:00.112210+00:00
1g2iFL8XnK84KJvYH6fgs7z8NM7kSNQLI,5c4a4c7464f2f84a47fffe6a48c682af,2024-05-09T15-27 [exporttegus@gmail.com] Boletín Estadístico IHCAFE al 09 de Mayo de 2024.pdf,2026-02-26T09:42:00.112210+00:00
1vBn2qUg23a_dC5CIq2nrVwn059UY78V8,0180b6816caada9eaa271b0498853987,2024-05-06T15-17 [exporttegus@gmail.com] Boletín Estadístico IHCAFE al 06 de Mayo de 2024.pdf,2026-02-26T09:42:00.112210+00:00
12mhmtVF_2Z3V6uhy0f4ldmzaCLTPVhfH,58f08f48fa4382b27ffbbc7e15804b1a,2024-04-30T15-02 [exporttegus@gmail.com] Boletín Estadístico IHCAFE al 30 de Abril de 2024.pdf,2026-02-26T09:42:00.112210+00:00
1mfwz1ifQbYo0bqbzVvaJgplXQRV_PxWK,b227260ac4f825a544289b36ca7d8916,2024-05-02T16-28 [exporttegus@gmail.com] Boletín Estadístico IHCAFE al 02 de Mayo de 2024.pdf,2026-02-26T09:42:00.112210+00:00
1yNNFTb6FNgXvrSYKo-y-fuUZHfduCW6c,be95caf8035df780c6993c783077e510,2024-05-03T15-41 [exporttegus@gmail.com] Boletín Estadístico IHCAFE al 03 de Mayo de 2024.pdf,2026-02-26T09:42:00.112210+00:00
19SAmvdaVE7WB1dcmIG5iTm1Y105vgjJs,6e66872eafd09facad21b90e0f9400cc,2024-04-29T15-34 [exporttegus@gmail.com] Boletín Estadístico IHCAFE al 29 de Abril de 2024.pdf,2026-02-26T09:42:00.112210+00:00
1M5V4qwf2iaYpqfOxVztaFTugDKQcnJc-,e6a2f973fcd91b9dd9e669822a754eb1,2024-04-24T15-14 [exporttegus@gmail.com] Boletín Estadístico IHCAFE al 24 de Abril de 2024.pdf,2026-02-26T09:42:00.112210+00:00
1Oc4EN11EBVPqfF0hfKgNAIBd6oUMC0zN,26d8526e8442e1e8246359c1de236889,2024-04-25T15-20 [exporttegus@gmail.com] Boletín Estadístico IHCAFE al 25 de Abril de 2024.pdf,2026-02-26T09:42:00.112210+00:00
1btlsy6hCgwXq4lc0VxYBpVoZEQFnnyBD,a8eea5392d3d9f88d6d3ee16ec962093,2024-04-26T15-00 [exporttegus@gmail.com] Boletín Estadístico IHCAFE al 26 de Abril de 2024.pdf,2026-02-26T09:42:00.112210+00:00
1tzz73CEIf18FBU-VhKQJgm2LAAf_x8Ai,40bf65f6f0cdee12e559ab3ffef14023,2024-04-18T15-06 [exporttegus@gmail.com] Boletín Estadístico IHCAFE al 18 de Abril de 2024.pdf,2026-02-26T09:42:00.112210+00:00
1wkFrHPpm4WKy2KYrjLdFjDGw6N_S1pPS,4d0e3972d51df393bcb588ccaee8b9a4,2024-04-22T15-10 [exporttegus@gmail.com] Boletín Estadístico IHCAFE al 22 de Abril de 2024.pdf,2026-02-26T09:42:00.112210+00:00
1W7RNomlZThDhzneMs5hDI-XIHQJNRqlj,acfcc8fe45b8091c7c583cdb6239141a,2024-04-23T15-09 [exporttegus@gmail.com] Boletín Estadístico IHCAFE al 23 de Abril de 2024.pdf,2026-02-26T09:42:00.112210+00:00
1Vwvyzy5K9ZmGfObEEDAACDJszs5i70Nt,46425def3cfad40909a79f083467a50f,2024-04-19T15-32 [exporttegus@gmail.com] Boletín Estadístico IHCAFE al 19 de Abril de 2024.pdf,2026-02-26T09:42:00.112210+00:00
1F01q2EAEP66hQJ_uQaPgUMv7-Z_wmIob,53ebd5dd3f911d3bcab3f715e0e59e74,2024-04-16T16-01 [exporttegus@gmail.com] Boletín Estadístico IHCAFE al 16 de Abril de 2024.pdf,2026-02-26T09:42:00.112210+00:00
1Qj5szjnv0k1myUVBqRUwcgiTegYOOBDs,cb6cba2f7fb5ffada82a59ce813849be,2024-04-15T15-33 [exporttegus@gmail.com] Boletín Estadístico IHCAFE al 15 de Abril de 2024.pdf,2026-02-26T09:42:00.112210+00:00
1yUCHOyx9oXaZY2XL_KUrDrbw3ymbRwJi,c2c21ba1a2a4fe4314152e15b6c778dc,2024-04-11T16-02 [exporttegus@gmail.com] Boletín Estadístico IHCAFE al 11 de Abril de 2024.pdf,2026-02-26T09:42:00.112210+00:00
1KSCEoKq3Jn7TuqVY5Km7bgx5SZuXrGhG,f650c6cc7085ccc892fefe06d453345d,2024-04-10T15-31 [exporttegus@gmail.com] Boletín Estadístico IHCAFE al 10 de Abril de 2024.pdf,2026-02-26T09:42:00.112210+00:00
1G9zgIzRcsFcEiH4Y_KsE6e1RGkOpSB_0,9e4ddad4aac77bc221d100e8b2ec359f,2024-04-08T15-39 [exporttegus@gmail.com] Boletín Estadístico IHCAFE al 08 de Abril de 2024.pdf,2026-02-26T09:42:00.112210+00:00
1upQ9Xb65N8CBzcejfgIVbXxyOCwHgKdw,34808488ab6796c1dd00bbff4eefddc7,2024-04-09T15-05 [exporttegus@gmail.com] Boletín Estadístico IHCAFE al 09 de Abril de 2024.pdf,2026-02-26T09:42:00.112210+00:00
1Z0cgst7wDTgqi-ZG7dW8JcQHCdsBk8Ss,8fde95904fcb27422df8bfe02fbe1b00,2024-04-05T16-20 [exporttegus@gmail.com] Boletín Estadístico IHCAFE al 05 de Abril de 2024.pdf,2026-02-26T09:42:00.112210+00:00
1tFBpKSEvIU4YbgPWz3j4XbplvTQObVdf,f520e92a2cb867e92763c8cc485a66ad,2024-04-03T15-11 [exporttegus@gmail.com] Boletín Estadístico IHCAFE al 03 de Abril de 2024.pdf,2026-02-26T09:42:00.112210+00:00
1ea3ANSindYPx42s7RKZdy1-drSPr4zsE,aee1d0fdefae6adae286916180505fa1,2024-04-02T16-45 [exporttegus@gmail.com] Boletín Estadístico IHCAFE al 02 de Abril de 2024.pdf,2026-02-26T09:42:00.112210+00:00
1CPjPYwuceFbUezZ3WJ7h7MwtKi3T6X1l,a44ddd307487029e9b92861a9bad8470,2024-04-01T15-20 [exporttegus@gmail.com] Boletín Estadístico IHCAFE al 01 de Abril de 2024.pdf,2026-02-26T09:42:00.112210+00:00
10aW0ZMhvjBEfqefn5KNlC1OB93h58uAG,a57ba89ffc83595be15bb1ccc0efde2e,2024-03-22T17-00 [exporttegus@gmail.com] Boletín Estadístico IHCAFE al 22 de Marzo de 2024.pdf,2026-02-26T09:42:00.112210+00:00
1fGVwZ7DieBZ4QdUEkpI1tFYI9fukp-iC,c443e9669704bc7667875359e4ececa7,2024-03-21T14-58 [exporttegus@gmail.com] Boletín Estadístico IHCAFE al 21 de Marzo de 2024.pdf,2026-02-26T09:42:00.112210+00:00
1NU52S2hY_yS_HV0T5Xb15AAWsIheI19B,7f643be045539ebd6b425cccb17b9a8f,2024-04-04T14-55 [exporttegus@gmail.com] Boletín Estadístico IHCAFE al 04 de Abril de 2024.pdf,2026-02-26T09:42:00.112210+00:00
1_6ghkgBl49uJI8m5TuvQ1SAsiZaoY_eX,7f92472c2a0336e7c9c4bffcddfb586e,2024-03-20T14-55 [exporttegus@gmail.com] Boletín Estadístico IHCAFE al 20 de Marzo de 2024.pdf,2026-02-26T09:42:00.112210+00:00
1XtpFwtEWb50Xg5unY_caQwL5RTKd9OG5,a9dfaa018754afb9a2c13058d0ad14e2,2024-03-15T15-00 [exporttegus@gmail.com] Boletín Estadístico IHCAFE al 15 de Marzo de 2024.pdf,2026-02-26T09:42:00.112210+00:00
1Z0oY9qUjV_b2w9hEWtyUSNM8hjPmiXEu,af1d44acb10568414dc59bf4c3f93dc9,2024-03-18T14-51 [exporttegus@gmail.com] Boletín Estadístico IHCAFE al 18 de Marzo de 2024.pdf,2026-02-26T09:42:00.112210+00:00
1XbXR5X1r1mEIMDTu2DeRHAaG49hK6gYk,7a77759f54da6613f1f2fa4be6ce35b0,2024-03-19T14-55 [exporttegus@gmail.com] Boletín Estadístico IHCAFE al 19 de Marzo de 2024.pdf,2026-02-26T09:42:00.112210+00:00
1cdTD0ob1mmSIFIQ06fZks3J4EuNOZDnu,18d8366edfb16d8f2775d29237c28e29,2024-03-12T15-08 [exporttegus@gmail.com] Boletín Estadístico IHCAFE al 12 de Marzo de 2024.pdf,2026-02-26T09:42:00.112210+00:00
1hItaOGwoAm1N8I_j-FiEA1y3wipp7N0d,0a8632b5c177ce34ae52f71427bacabe,2024-03-14T14-55 [exporttegus@gmail.com] Boletín Estadístico IHCAFE al 14 de Marzo de 2024.pdf,2026-02-26T09:42:00.112210+00:00
1sUQKBtvXPDweIcf4dZXiD0GYC5Giqo-w,384e6701faf21ddf27dd373015535b83,2024-03-07T14-00 [exporttegus@gmail.com] Boletín Estadístico IHCAFE al 07 de Marzo de 2024.pdf,2026-02-26T09:42:00.112210+00:00
1shsZ9I9D3-diuH2o_-2vgPTnVZHkfxFm,1be898e986c11a9443a81cccd58b5299,2024-03-13T15-00 [exporttegus@gmail.com] Boletín Estadístico IHCAFE al 13 de Marzo de 2024.pdf,2026-02-26T09:42:00.112210+00:00
1aMiqJ_kC1XkxMOTZudcsWt97dxara7Vv,50ccf5aa737279ab3cbceea3fa611746,2024-03-08T14-00 [exporttegus@gmail.com] Boletín Estadístico IHCAFE al 08 de Marzo de 2024.pdf,2026-02-26T09:42:00.112210+00:00
1sK6_X5mwRbzJFAUKehZIUuVts7B2-45T,2e92b239665b923a4a6cb91d2cb09eb2,2024-02-27T14-16 [exporttegus@gmail.com] Boletín Estadístico IHCAFE al 27 de Febrero de 2024.pdf,2026-02-26T09:42:00.112210+00:00
1KvJv4j5lb9s2V1mzaCY245buzTSX2Ooj,0bb5c49d20815f83a513c276cf8f7a77,2024-03-04T14-00 [exporttegus@gmail.com] Boletín Estadístico IHCAFE al 04 de Marzo de 2024.pdf,2026-02-26T09:42:00.112210+00:00
1dSGZfYiqZTFkrbKsAh1PVDrQQmodj7yJ,2f12968ec3d2b77ddbedd3543a74b739,2024-03-01T14-00 [exporttegus@gmail.com] Boletín Estadístico IHCAFE al 01 de Marzo de 2024.pdf,2026-02-26T09:42:00.112210+00:00
1vikBkCm0wk4cyQh5KN_tWz3aghwDoqGv,05a92d9f32ae0aa62f7fa185896bafd1,2024-03-06T14-00 [exporttegus@gmail.com] Boletín Estadístico IHCAFE al 06 de Marzo de 2024.pdf,2026-02-26T09:42:00.112210+00:00
1wQrGpfVCsFoNr7tC7atwFiSWhDF5rAVE,818e41f6c79ad753fb0a234eccb743a9,2024-02-28T13-58 [exporttegus@gmail.com] Boletín Estadístico IHCAFE al 28 de Febrero de 2024.pdf,2026-02-26T09:42:00.112210+00:00
1AOdk8O2vXO8UrdNWOMZQ6t5oYWz_LWHM,89925c9247c1727b355c1b8364e50457,2024-02-29T14-03 [exporttegus@gmail.com] Boletín Estadístico IHCAFE al 29 de Febrero de 2024.pdf,2026-02-26T09:42:00.112210+00:00
1UPKDPTgy5o1sxfpb9lDyf3pMr2-wOeAt,9749b45a2cbdeab815b1151f07266ea1,2024-02-23T14-00 [exporttegus@gmail.com] Boletín Estadístico IHCAFE al 23 de Febrero de 2024.pdf,2026-02-26T09:42:00.112210+00:00
12PmhZtlrkIYnWCqITH_sxcxCwCFw9J_s,7c1e1be8d9468429de7e69afc85aa1d5,2024-02-26T14-07 [exporttegus@gmail.com] Boletín Estadístico IHCAFE al 26 de Febrero de 2024.pdf,2026-02-26T09:42:00.112210+00:00
116YuExM3A3Gw1Zre-_GcrGyb6DwAm5_U,dce4d8e715847f6d0291af54cd1bd6f2,2024-02-21T14-20 [exporttegus@gmail.com] Boletín Estadístico IHCAFE al 21 de Febrero de 2024.pdf,2026-02-26T09:42:00.112210+00:00
1XqmHh9vX5vbcTSywCxsHhNaTgv6Pfx3-,b0609997b0c08a4c1f2a308aadd6ffdb,2024-02-19T14-00 [exporttegus@gmail.com] Boletín Estadístico IHCAFE al 19 de Enero de 2024.pdf,2026-02-26T09:42:00.112210+00:00
1tfI3EItB0p26doOVfoZl2ieVYAmWAhba,9045345bd4f4fbdd8c05db240476086d,2024-02-22T14-12 [exporttegus@gmail.com] Boletín Estadístico IHCAFE al 22 de Febrero de 2024.pdf,2026-02-26T09:42:00.112210+00:00
11wqAv_Dp3IAhZYIuDUHn8KB8nkm3scW1,13095589bfd73e985ada6995ec1a4417,2024-02-13T14-00 [exporttegus@gmail.com] Boletín Estadístico IHCAFE al 13 de Febrero de 2024.pdf,2026-02-26T09:42:00.112210+00:00
1NsxBVbo-GuCC0nUE4hlzYqj89HtZT7_M,0c1db734cb1ac8c5165b4331cc3f1ce4,2024-02-20T14-09 [exporttegus@gmail.com] Boletín Estadístico IHCAFE al 20 de Febrero de 2024.pdf,2026-02-26T09:42:00.112210+00:00
1DsOTu0R-0cf4MaI6y8S6iq1GLcRW1r7q,8bd85118121419f4f9dff29837bc830a,2024-02-15T14-00 [exporttegus@gmail.com] Boletín Estadístico IHCAFE al 15 de Febrero de 2024.pdf,2026-02-26T09:42:00.112210+00:00
1EqC2elZkP2EL5Qv-LyhlLjvOchYN-WTM,02caab3e726c8671436759db4e85a6da,2024-02-14T13-59 [exporttegus@gmail.com] Boletín Estadístico IHCAFE al 14 de Febrero de 2024.pdf,2026-02-26T09:42:00.112210+00:00
1r97HH23zwjer19SxoO8Gg69SGrlmlMGK,365fa59ec0a1693188029b824886442e,2024-02-12T14-00 [exporttegus@gmail.com] Boletín Estadístico IHCAFE al 12 de Febrero de 2024.pdf,2026-02-26T09:42:00.112210+00:00
1Om5TL1_2tNVPJqjcxgVTtdTG_o9HwVCW,f6c17f4c0d62fae2aed0bbcdfbc7df53,2024-02-07T13-59 [exporttegus@gmail.com] Boletín Estadístico IHCAFE al 07 de Febrero de 2024.pdf,2026-02-26T09:42:00.112210+00:00
1nFAClCJC2luF_OHWvh6yvN1gGQwRXqHI,6977ed6bd8a9ebfc851f61474ad5ed6f,2024-02-06T14-05 [exporttegus@gmail.com] Boletín Estadístico IHCAFE al 06 de Febrero de 2024.pdf,2026-02-26T09:42:00.112210+00:00
1VuHbcRYnKgp7dky9Swh5X-GC6qDVl3Dt,091aee211674415ca9b1b8a1e5088e67,2024-02-02T14-04 [exporttegus@gmail.com] Boletín Estadístico IHCAFE al 02 de Febrero de 2024.pdf,2026-02-26T09:42:00.112210+00:00
1slIJcjfdNbBfSfdLMx2aGQPtJVyLO9vG,1df5e83019d80894cf9a8e5c440f62f4,2024-02-09T14-00 [exporttegus@gmail.com] Boletín Estadístico IHCAFE al 09 de Febrero de 2024.pdf,2026-02-26T09:42:00.112210+00:00
10Golx93tGb8u8kJvI1dRePrYRw0-vqbB,386128108d81574a33c50004403ae21b,2024-01-31T14-00 [exporttegus@gmail.com] Boletín Estadístico IHCAFE al 31 de Enero de 2024.pdf,2026-02-26T09:42:00.112210+00:00
1Zx0PLDtOH4W78528GRgqRxitHfJ2T98Z,5f2e11606e4dd5a11662b748ef36717c,2024-02-01T14-00 [exporttegus@gmail.com] Boletín Estadístico IHCAFE al 01 de Febrero de 2024.pdf,2026-02-26T09:42:00.112210+00:00
16EZjx4q_O2uELzTxMJjroTUPyFeu_oLE,bb28a5e9a036b6a379fe8eb002df54ef,2024-02-08T13-59 [exporttegus@gmail.com] Boletín Estadístico IHCAFE al 08 de Febrero de 2024.pdf,2026-02-26T09:42:00.112210+00:00
1Ob5wlpDRakD6jpTzLG3ATx6NAOFr7kwc,62434a6caf5fb7845787cc88da286a8a,2024-01-29T13-59 [exporttegus@gmail.com] Boletín Estadístico IHCAFE al 29 de Enero de 2024.pdf,2026-02-26T09:42:00.112210+00:00
1k1GBT1ucvRp7kV2hgEux395hQBT6t6PH,86da8552eb21b57f0aabc37bab86b64f,2024-01-25T13-45 [exporttegus@gmail.com] Boletín Estadístico IHCAFE al 25 de Enero de 2024.pdf,2026-02-26T09:42:00.112210+00:00
1H6DEDVlvb_j0S_TFBOwh7qcNWZE9Hyke,f96b8f11f3e9d83eaf11e02183a890a2,2024-01-30T14-08 [exporttegus@gmail.com] Boletín Estadístico IHCAFE al 30 de Enero de 2024.pdf,2026-02-26T09:42:00.112210+00:00
11EKmCmh5iBMcErAOXMwaGvRpMuAy0rAF,05deee38922e746ef085bb9fe904912a,2024-01-26T14-36 [exporttegus@gmail.com] Boletín Estadístico IHCAFE al 26 de Enero de 2024.pdf,2026-02-26T09:42:00.112210+00:00
1YKAV9fmV1AWrJJDKsOpp5cvqXLnHtz77,929d57d8c0b7578b82dd5b7f00727602,2024-01-19T13-49 [exporttegus@gmail.com] Boletín Estadístico IHCAFE al 19 de Enero de 2024.pdf,2026-02-26T09:42:00.112210+00:00
1JIjpNjDhz4kEGXoNe1rckUDtXlBhx4_U,6c940554b4d4a5668fd2f127dedf0d0a,2024-01-16T14-04 [exporttegus@gmail.com] Boletín Estadístico IHCAFE al 16 de Enero de 2024.pdf,2026-02-26T09:42:00.112210+00:00
19ziG3Kq3r3aYYZzZX7Oc3vtrBTgHf6IE,912fe06b255da17db50b131ce223495c,2024-01-18T14-00 [exporttegus@gmail.com] Boletín Estadístico IHCAFE al 18 de Enero de 2024.pdf,2026-02-26T09:42:00.112210+00:00
1FM8KBGGhFwedUSM6NHq4arz4S-tLa-cY,aeace1c0d611126606c3faf2b57bb40e,2024-01-17T14-00 [exporttegus@gmail.com] Boletín Estadístico IHCAFE al 17 de Enero de 2024.pdf,2026-02-26T09:42:00.112210+00:00
1j5b7ZKSH0oxit9LRFhsJyxvkpczn6hxI,568876442aaddc3ba5f33b2846d162b0,2024-01-15T13-52 [exporttegus@gmail.com] Boletín Estadístico IHCAFE al 15 de Enero de 2024.pdf,2026-02-26T09:42:00.112210+00:00
1ER5FUM93xDyCXA_nQuTbgWXPUyAsWRbJ,bc4984f4c0ef6846a64c3a4540a42478,2024-01-11T14-09 [exporttegus@gmail.com] Boletín Estadístico IHCAFE al 11 de Enero de 2024.pdf,2026-02-26T09:42:00.112210+00:00
14dYHCUbam4KU16z34qOvZpY3ZZb7yBwx,e62285c826f3f008569125307f72213f,2024-01-10T14-09 [exporttegus@gmail.com] Boletín Estadístico IHCAFE al 10 de Enero de 2024.pdf,2026-02-26T09:42:00.112210+00:00
1mNu0aDpHxVVJ2hk5_wLswP3xRtIMtLmi,bacc03fbd24622188b8768b4f6f4421e,2024-01-12T14-00 [exporttegus@gmail.com] Boletín Estadístico IHCAFE al 12 de Enero de 2024.pdf,2026-02-26T09:42:00.112210+00:00
19Ub6ZVhVeI4PSUVytbEmOQ_qHvAwTB3p,64f302082ed8cbfcb1ec082e8b4bdb34,2024-01-09T14-03 [exporttegus@gmail.com] Boletín Estadístico IHCAFE al 09 de Enero de 2024.pdf,2026-02-26T09:42:00.112210+00:00
19Jei7eYUKxY3bvMbXXS6-sUPoxnqgmvB,e69688e2feab29bfa8454901a4e9ec94,2024-01-08T14-02 [exporttegus@gmail.com] Boletín Estadístico IHCAFE al 08 de Enero de 2024.pdf,2026-02-26T09:42:00.112210+00:00
1AKC2F2uEtD7e2SCH6GyBj_UZgtZWZbRz,35956f48f7faa8094922085d405f5698,2024-01-05T14-08 [exporttegus@gmail.com] Boletín Estadístico IHCAFE al 05 de Enero de 2024.pdf,2026-02-26T09:42:00.112210+00:00
1U0WVxumotdxdqplmqC1kIv-6VlsemxiP,fe7659aadbff4ef61979b211c8468d00,2024-01-04T13-58 [exporttegus@gmail.com] Boletín Estadístico IHCAFE al 04 de Enero de 2024.pdf,2026-02-26T09:42:00.112210+00:00
1xgZopYkWAiPksXxhJGfkYkRwQfGlLnwa,fbf7c9d67910b189d923027bb84b6680,2023-12-14T13-42 [exporttegus@gmail.com] Boletín Estadístico IHCAFE al 14 de Diciembre de 2023.pdf,2026-02-26T09:42:00.112210+00:00
1wMe5GWqq0Pr0wMQc15mHbmoqbET54e51,31d08f6e5125ddf596d20aeb032a156b,2023-12-29T14-00 [exporttegus@gmail.com] Boletín Estadístico IHCAFE al 29 de Diciembre de 2023.pdf,2026-02-26T09:42:00.112210+00:00
1joCTL-WKF7Tot7CDkb-kjheya-nzWDQr,b9f35d42178cc55fab124308dfe30864,2024-01-03T13-42 [exporttegus@gmail.com] Boletín Estadístico IHCAFE al 3 de Enero de 2024.pdf,2026-02-26T09:42:00.112210+00:00
1Syg4OHVK8MrtdPJXZs0nzQiipyxCdutt,cd2a2c1f03f5b478db51011c36d61440,2023-12-26T13-49 [exporttegus@gmail.com] Boletín Estadístico IHCAFE al 26 de Diciembre de 2023.pdf,2026-02-26T09:42:00.112210+00:00
1Nsr0DhTlT6yLAVfldCMPUOib7U5Fy7QJ,c76f10b5c4fb5db4a34627d884f2a60c,2023-12-28T13-48 [exporttegus@gmail.com] Boletín Estadístico IHCAFE al 28 de Diciembre de 2023.pdf,2026-02-26T09:42:00.112210+00:00
1_59ZG149-Nsd2XplOMm32k5bi0uZ_Bid,33512f41ba5d034c817472b42062ef12,2023-12-15T14-31 [exporttegus@gmail.com] Boletín Estadístico IHCAFE al 15 de Diciembre de 2023.pdf,2026-02-26T09:42:00.112210+00:00
1XW8j8DiIH2uQEqS07nnLnv-lmmqJIjo_,5f2130e9bdb151f3896539f7292db787,2023-12-08T14-28 [exporttegus@gmail.com] Boletín Estadístico IHCAFE al 08 de Diciembre de 2023.pdf,2026-02-26T09:42:00.112210+00:00
1VarYTgLal2WknYCOfd7M7wL0VmmzZa1o,907ea72d081d9ae39a34013747098fc5,2023-12-06T14-19 [exporttegus@gmail.com] Boletín Estadístico IHCAFE al 06 de Diciembre de 2023.pdf,2026-02-26T09:42:00.112210+00:00
1ddH415UloNJ1ZghCfiFPpuoIqkQvAQGg,729763229601e0e92d3e0235d7a0db74,2023-12-01T14-18 [exporttegus@gmail.com] Boletín Estadístico IHCAFE al 01 de Diciembre de 2023.pdf,2026-02-26T09:42:00.112210+00:00
1_eQnZ15y8cNDEsVH7PMTUpFGl4mWvj6K,51aa475e7b6a57d859460ca72c40ef8f,2023-12-05T14-10 [exporttegus@gmail.com] Boletín Estadístico IHCAFE al 05 de Diciembre de 2023.pdf,2026-02-26T09:42:00.112210+00:00
1eM7RQcg9dX0ypxfwPodxU53D_nxo6Q8E,5ed60511a2670347f0cf17f16b436c67,2023-11-30T14-23 [exporttegus@gmail.com] Boletín Estadístico IHCAFE al 30 de Noviembre de 2023.pdf,2026-02-26T09:42:00.112210+00:00
162eRyJBMkYc2FbiiiXlQ4Ftg0jBaajNu,106b845522134aaef9fbe6eb1e293ceb,2023-11-28T13-59 [exporttegus@gmail.com] Boletín Estadístico IHCAFE al 28 de Noviembre de 2023.pdf,2026-02-26T09:42:00.112210+00:00
1z6rsIfByS1EsqFbbNkuw8LhzKfsCBXJn,9419b23198e25dbe0d475da2a34cbab9,2023-11-24T14-09 [exporttegus@gmail.com] Boletín Estadístico IHCAFE al 24 de Noviembre de 2023.pdf,2026-02-26T09:42:00.112210+00:00
1k76e5Yx-35h5xrpt9VU0NMNmVncqD4i4,0d9560a6552398b4bd87c14286263686,2023-11-27T14-05 [exporttegus@gmail.com] Boletín Estadístico IHCAFE al 27 de Noviembre de 2023.pdf,2026-02-26T09:42:00.112210+00:00
1J1RSzZ7dGdoI5ZLWrhcTm8bPgLMkuzM7,acc380f534fdeeeadbfd2693179b66f9,2023-11-29T13-57 [exporttegus@gmail.com] Boletín Estadístico IHCAFE al 29 de Noviembre de 2023.pdf,2026-02-26T09:42:00.112210+00:00
1T5UapY33I2N2BqDRrHqch6Nw2Sg0pwSZ,90203a29be92b53fd4428727f3ba0402,2023-11-23T14-13 [exporttegus@gmail.com] Boletín Estadístico IHCAFE al 23 de Noviembre de 2023.pdf,2026-02-26T09:42:00.112210+00:00
158i949jFZRapJzz12GQhj3Y654aNo5pi,c1241cdd9c2a836a02bb57600d8e9dd5,2023-11-22T14-35 [exporttegus@gmail.com] Boletín Estadístico IHCAFE al 22 de Noviembre de 2023.pdf,2026-02-26T09:42:00.112210+00:00
1V_q_0IL2pqHMHinZpf8eatO6GZu33ENB,88e110b8713b9a70c739d8e54079eba4,2023-11-20T14-03 [exporttegus@gmail.com] Boletín Estadístico IHCAFE al 20 de Noviembre de 2023.pdf,2026-02-26T09:42:00.112210+00:00
18JRajj0NyZB5nMO6TVin6gaCMsfpr0wa,6b92659b8eab4b85eba8f3dde76b0568,2023-11-15T14-11 [exporttegus@gmail.com] Boletín Estadístico IHCAFE al 15 de Noviembre de 2023.pdf,2026-02-26T09:42:00.112210+00:00
1hNitl_OMYVgiS18HlKhUjD_2UuygKJ03,3d5eb7d6ef55caab556373b62dba70e8,2023-11-14T14-00 [exporttegus@gmail.com] Boletín Estadístico IHCAFE al 14 de Noviembre de 2023.pdf,2026-02-26T09:42:00.112210+00:00
1ilAhKz2pzXUW-6KNVsEUOYDJl5WSMgQa,606a29f4289756acfc96256764960ce0,2023-11-08T13-54 [exporttegus@gmail.com] Boletín Estadístico IHCAFE al 08 de Noviembre de 2023.pdf,2026-02-26T09:42:00.112210+00:00
1lwgbLxApLyEtyENwi6sJZObHboDcy1ed,8759157e6faf45e710a635b7217aab9f,2023-11-07T14-02 [exporttegus@gmail.com] Boletín Estadístico IHCAFE al 07 de Noviembre de 2023.pdf,2026-02-26T09:42:00.112210+00:00
1FO2KEitslgTUtEO6edE76aysJwiJf3IM,9f4ed38a2176e2ea68000d8405dd0a6d,2023-11-09T14-03 [exporttegus@gmail.com] Boletín Estadístico IHCAFE al 09 de Noviembre de 2023.pdf,2026-02-26T09:42:00.112210+00:00
1RTGqZr2Htj54Vm07Zt94qrs4PhNPq0cl,5e82a0a9f3f92248957718324e775a71,2023-11-06T14-31 [exporttegus@gmail.com] Boletín Estadístico IHCAFE al 06 de Noviembre de 2023.pdf,2026-02-26T09:42:00.112210+00:00
13Bwr9ZipyXZDDhvlCLquWmBcv3_f4VAQ,de179cb6e7ab894e1dfabde7aad4254a,2023-10-02T15-24 [exporttegus@gmail.com] Boletín Estadístico IHCAFE al 30 de Septiembre de 2023.pdf,2026-02-26T09:42:00.112210+00:00
18EHUtXusHe_jnaGRuZ2AxkutTIjwWQKS,104663b782ff0de998ad221443c4384d,2023-09-28T15-11 [exporttegus@gmail.com] Boletín Estadístico IHCAFE al 28 de Septiembre de 2023.pdf,2026-02-26T09:42:00.112210+00:00
1YEkcttDeiNMKeqeauAVa7y_i4928BEpx,ee8e825bd7bfd322ab441e8d830fe248,2023-09-27T15-08 [exporttegus@gmail.com] Boletín Estadístico IHCAFE al 27 de Septiembre de 2023.pdf,2026-02-26T09:42:00.112210+00:00
1hZo_wBfNf4FxxXZY8Wmyo2Nbpl3Ef8pX,28a68738644f63b6d741130b9d1582b3,2023-09-26T15-11 [exporttegus@gmail.com] Boletín Estadístico IHCAFE al 26 de Septiembre de 2023.pdf,2026-02-26T09:42:00.112210+00:00
1Eph_8SDJBVyK3egalX45TgXr4-nWDIzf,9decb398ee28b81f2d8e5b867ef35141,2023-09-19T14-57 [exporttegus@gmail.com] Boletín Estadístico IHCAFE al 19 de Septiembre de 2023.pdf,2026-02-26T09:42:00.112210+00:00
1mapeRPtDNiVUJf1C6NOC_362WliY10Wr,cde74f5888510f0c4db0f3177078e0bf,2023-09-21T15-27 [exporttegus@gmail.com] Boletín Estadístico IHCAFE al 21 de Septiembre de 2023.pdf,2026-02-26T09:42:00.112210+00:00
1-E3A25W9tYcMPJ7Oju-6OM79GBcwqAbr,59ca98c89bc0792659d1996ae7fc8592,2023-09-22T14-57 [exporttegus@gmail.com] Boletín Estadístico IHCAFE al 22 de Septiembre de 2023.pdf,2026-02-26T09:42:00.112210+00:00
1YLwrLdDy7Gbu3I4PYBcgvEWK0oVWtbWi,8068538c18cd16f8001979bf9354aa7c,2023-09-20T14-57 [exporttegus@gmail.com] Boletín Estadístico IHCAFE al 20 de Septiembre de 2023.pdf,2026-02-26T09:42:00.112210+00:00
1lR1MY39wcBKOgM9nJQ87T236pLiCV1rs,63a72f1b6e3cd824240b13537d09e273,2023-09-18T15-14 [exporttegus@gmail.com] Boletín Estadístico IHCAFE al 18 de Septiembre de 2023.pdf,2026-02-26T09:42:00.112210+00:00
1do0i0x98QqMCwHul0CDoZ9-pv1B0XviU,b04b99322f75ade6c601f32d6f3ae0aa,2023-09-14T15-35 [exporttegus@gmail.com] Boletín Estadístico IHCAFE al 14 de Septiembre de 2023.pdf,2026-02-26T09:42:00.112210+00:00
1FgV4REIYq7T4PCEAlTenEJKdxtuMtf3B,44e8196229009d31e92d7cb367e7fb8a,2023-09-08T14-57 [exporttegus@gmail.com] Boletín Estadístico IHCAFE al 08 de Septiembre de 2023.pdf,2026-02-26T09:42:00.112210+00:00
1TKpDmO9VY4U-txKOTWoM0UVeeRpiIxmv,6cf8acff985fd488455508b65873424c,2023-09-11T16-06 [exporttegus@gmail.com] Boletín Estadístico IHCAFE al 11 de Septiembre de 2023.pdf,2026-02-26T09:42:00.112210+00:00
1xCqQ7yAA7OeWysubmzTvtmNlZNmEEpeh,c385e34c6f4ce65b76482bcc06a00817,2023-09-13T14-57 [exporttegus@gmail.com] Boletín Estadístico IHCAFE al 13 de Septiembre de 2023.pdf,2026-02-26T09:42:00.112210+00:00
1hqLm4y9qD_YWPcXI8bDuSdwFekey-eAW,f0564e9545ed71ae9e6cc50fb1f9ed03,2023-09-06T14-57 [exporttegus@gmail.com] Boletín Estadístico IHCAFE al 6 de Septiembre de 2023.pdf,2026-02-26T09:42:00.112210+00:00
1_CzA2N4grisbKm6aO8vhBxnvfpdhnAjp,7a9b5b9e0a713f5184831f24fd3556e7,2023-09-05T14-57 [exporttegus@gmail.com] Boletín Estadístico IHCAFE al 05 de Septiembre de 2023.pdf,2026-02-26T09:42:00.112210+00:00
1CRsRBzRnM_53shpmPvoQV4r8vDVGkIJE,5c0da19f55fe5e9af0551355dc5527ca,2023-09-01T15-00 [exporttegus@gmail.com] Boletín Estadístico IHCAFE al 01 de Septiembre de 2023.pdf,2026-02-26T09:42:00.112210+00:00
1cWJjUbauIYnolKwqNVU8HBH5k9qT__2_,fdb891f07db339d169f5e5b2c02116ed,2023-08-31T15-14 [exporttegus@gmail.com] Boletín Estadístico IHCAFE al 31 de Agosto de 2023.pdf,2026-02-26T09:42:00.112210+00:00
1l2WmV4OmbOw4hzzSucmGYSIxwhp2_Xj8,af89f1277ee02c2d26ec323af43a59c0,2023-08-30T14-57 [exporttegus@gmail.com] Boletín Estadístico IHCAFE al 30 de Agosto de 2023.pdf,2026-02-26T09:42:00.112210+00:00
1Pl-MTG-N1gHp-8H7E-H2Iej6-BpiNfE5,aadcaab0447f1fffb895d07c9aa62b3f,2023-08-23T15-00 [exporttegus@gmail.com] Boletín Estadístico IHCAFE al 23de Agosto de 2023.pdf,2026-02-26T09:42:00.112210+00:00
1T_ZHsFYTXirOqN6lCXW6y_nKYwOJVg1h,a54fafbad12e757d7983d98fa4539832,2023-08-24T14-57 [exporttegus@gmail.com] Boletín Estadístico IHCAFE al 24 de Agosto de 2023.pdf,2026-02-26T09:42:00.112210+00:00
1abfZHXH95MTiqJcrEpBdBq-EJ1Pj5d5n,b04b4d31aa254150ab2364a4d1447bfc,2023-08-29T14-57 [exporttegus@gmail.com] Boletín Estadístico IHCAFE al 29 de Agosto de 2023.pdf,2026-02-26T09:42:00.112210+00:00
1S7WFUA1-0ZtmIj5etNI8gaYxP3rL2315,8c11d0d3e4f40cc0897dfe51b25d1048,2023-08-28T14-57 [exporttegus@gmail.com] Boletín Estadístico IHCAFE al 28 de Agosto de 2023.pdf,2026-02-26T09:42:00.112210+00:00
1mvVRRIwuwwynAW0DiPUdT4d0MawFREdG,a5b702e0fe4d9d246b485cf4a1da6600,2023-08-25T14-57 [exporttegus@gmail.com] Boletín Estadístico IHCAFE al 25 de Agosto de 2023.pdf,2026-02-26T09:42:00.112210+00:00
1seUAENBJoIyv_Zz6OGi25-WQLVeMOEfx,01bf3c23420ff5188aa6007c85428a6a,2023-08-22T14-57 [exporttegus@gmail.com] Boletín Estadístico IHCAFE al 22 de Agosto de 2023.pdf,2026-02-26T09:42:00.112210+00:00
1fCM1MZuoTPYUleotREMNzOHS9UaG5MzS,6744b9edc793cd089816aa6eac252dad,2023-08-21T14-57 [exporttegus@gmail.com] Boletín Estadístico IHCAFE al 21 de Agosto de 2023.pdf,2026-02-26T09:42:00.112210+00:00
1E_4ft5XCiPpgmqgoRUwDODx5HhQh8EcA,980221d5928ab0f64d17a1834fd933c7,2023-08-15T14-57 [exporttegus@gmail.com] Boletín Estadístico IHCAFE al 15 de Agosto de 2023.pdf,2026-02-26T09:42:00.112210+00:00
1XmVgIALbizY2cSWtoK2n_6r-60tz3d77,6be9dddce2e307f9830e018bafd4dfaf,2023-08-11T14-57 [exporttegus@gmail.com] Boletín Estadístico IHCAFE al 11 de Agosto de 2023.pdf,2026-02-26T09:42:00.112210+00:00
12zsWfSgpN0JUL2fcfmc9wz0yX7WsNwDp,746cfcbd78db24eb8dda548924b02902,2023-08-17T14-57 [exporttegus@gmail.com] Boletín Estadístico IHCAFE al 17 de Agosto de 2023.pdf,2026-02-26T09:42:00.112210+00:00
19-Hdbq_sUr4f2wlD1zUx0V_w7onNYQYN,c0030cf35959593447fec1669fe10a43,2023-08-08T14-57 [exporttegus@gmail.com] Boletín Estadístico IHCAFE al 08 de Agosto de 2023.pdf,2026-02-26T09:42:00.112210+00:00
1Gt_G-D8uHGZJLe1GAZlhZyghGIE1zNDX,c2126932a1753c046c72b1fbf89ab377,2023-08-14T14-57 [exporttegus@gmail.com] Boletín Estadístico IHCAFE al 14 de Agosto de 2023.pdf,2026-02-26T09:42:00.112210+00:00
170_SZR1PmZBidpe2dUOun2uIcKxda13q,f72777f823ca2fe1f0039301fe262767,2023-08-10T14-57 [exporttegus@gmail.com] Boletín Estadístico IHCAFE al 10 de Agosto de 2023.pdf,2026-02-26T09:42:00.112210+00:00
1YPZqTl0kaVRTKoxBUIwzWaL42zOpwmAl,a128d6384a06eecf0634159d893e3c71,2023-08-09T14-57 [exporttegus@gmail.com] Boletín Estadístico IHCAFE al 09 de Agosto de 2023.pdf,2026-02-26T09:42:00.112210+00:00
1qrq5ol5gI0wTv0AY5rAnmtIerzVtBXKb,b0bfd728937a92128d630c296cb92a01,2023-08-07T15-00 [exporttegus@gmail.com] Boletín Estadístico IHCAFE al 07 de Agosto de 2023.pdf,2026-02-26T09:42:00.112210+00:00
16wdMMTDvFVQsESrkjrw1yuggjcU9a8Mn,63f8424a3cc52695dc9c8bd16d8dd4c7,2023-07-27T14-57 [exporttegus@gmail.com] Boletín Estadístico IHCAFE al 27 de Julio de 2023.pdf,2026-02-26T09:42:00.112210+00:00
1iIi7w9Qj4pK54uxkRMmCc8Izme0Uc_9M,2e3feeb5eaa236ca184a6f426bb13ea6,2023-07-26T14-57 [exporttegus@gmail.com] Boletín Estadístico IHCAFE al 26 de Julio de 2023.pdf,2026-02-26T09:42:00.112210+00:00
1as3OsFGv1mKDng2UV-NhjzNNgygTf5OM,6328ebabeab0f1a6b9de5ff114e4e31d,2023-08-04T14-57 [exporttegus@gmail.com] Boletín Estadístico IHCAFE al 04 de Agosto de 2023.pdf,2026-02-26T09:42:00.112210+00:00
1exTwh5ratUztlA60nvLgHV1Y2-RZFY6F,f2c4147c35dcf419d1e80051f23ef191,2023-08-01T14-57 [exporttegus@gmail.com] Boletín Estadístico IHCAFE al 01 de Agosto de 2023.pdf,2026-02-26T09:42:00.112210+00:00
1k5CzROqGwaRDO4u5txdwZczl5qms5QPM,c0d5f63d517a3aed74cd203928b4a2b5,2023-08-03T14-57 [exporttegus@gmail.com] Boletín Estadístico IHCAFE al 03 de Agosto de 2023.pdf,2026-02-26T09:42:00.112210+00:00
1tJduNzdua7aYD4pbzMKvqXaMOMMqMnyY,9645a8c17c3e3f11df5480ab601d2231,2023-07-31T15-00 [exporttegus@gmail.com] Boletín Estadístico IHCAFE al 31 de Julio de 2023.pdf,2026-02-26T09:42:00.112210+00:00
1QISdb0pMHHUs303KAOBiVYtkq1ZUKXwp,d9975aa951bb6afa3d577312ba43c5b8,2023-07-24T14-57 [exporttegus@gmail.com] Boletín Estadístico IHCAFE al 24 de Julio de 2023.pdf,2026-02-26T09:42:00.112210+00:00
1T2HFQPrJe2Nz4LcMonTejU3blW-6HQkJ,3af544cdaa6a473601b2f505778a75eb,2023-08-02T14-57 [exporttegus@gmail.com] Boletín Estadístico IHCAFE al 02 de Agosto de 2023.pdf,2026-02-26T09:42:00.112210+00:00
1reTYmrJXxYYo0BMfNlDnf7_HlXltXEsp,c57f254b9720c79b7755b88450e5bbde,2023-07-21T14-57 [exporttegus@gmail.com] Boletín Estadístico IHCAFE al 21 de Julio de 2023.pdf,2026-02-26T09:42:00.112210+00:00
1pnNWcHfMEkTey93srX_z1VfQyFYADHTq,f1b8e421dd7cf8036f729d8927bfb61c,2023-07-25T14-57 [exporttegus@gmail.com] Boletín Estadístico IHCAFE al 25 de Julio de 2023.pdf,2026-02-26T09:42:00.112210+00:00
1o4b5O2gWxnMMydeH5z15WwouS1iJNqd4,96363188dab9606d93b1a8290847dcef,2023-07-20T14-57 [exporttegus@gmail.com] Boletín Estadístico IHCAFE al 20 de Julio de 2023.pdf,2026-02-26T09:42:00.112210+00:00
1r_W77EFL2zq12yNlKfM2B3I15jZvgeC1,42857a75ae144b26e503992865ae3fe6,2023-07-19T14-57 [exporttegus@gmail.com] Boletín Estadístico IHCAFE al 19 de Julio de 2023.pdf,2026-02-26T09:42:00.112210+00:00
1v1gl3esf3p4RdRSxPkC95mA01tW8mKXI,ce6c6d653e21c41302f96055f9ee0523,2023-07-18T14-57 [exporttegus@gmail.com] Boletín Estadístico IHCAFE al 18 de Julio de 2023.pdf,2026-02-26T09:42:00.112210+00:00
1woUDtfqPU9mbbDBjNgYg_9SaRf-Uajvy,6fa2e7105ac4dfe11d425822f798a4ef,2023-07-17T14-57 [exporttegus@gmail.com] Boletín Estadístico IHCAFE al 17 de Julio de 2023.pdf,2026-02-26T09:42:00.112210+00:00
1o2VxW3sscy6XrgNSK7jXgEDNmE8WKe5e,fc80140ab2883db19b26a1de7825f9ee,2023-07-14T14-57 [exporttegus@gmail.com] Boletín Estadístico IHCAFE al 14 de Julio de 2023.pdf,2026-02-26T09:42:00.112210+00:00
1juT3XvyAUaqyF6f8QiXW7fxpJVN-Enj3,8d0c881e4f79ff44735a81d6ce46ad93,2023-07-13T14-57 [exporttegus@gmail.com] Boletín Estadístico IHCAFE al 22 de Febrero de 2023.pdf,2026-02-26T09:42:00.112210+00:00
1Ai4gLBCXPHy0DtrxjVuY9ut0iEUG4xbx,b0e1e86e804086c39b4ae86fa41216e1,2023-07-10T14-57 [exporttegus@gmail.com] Boletín Estadístico IHCAFE al 10 de Julio de 2023.pdf,2026-02-26T09:42:00.112210+00:00
1zw2izOJs2voLm0M9WMaR83JuVTCjlucI,af9a95b9087622d281e484c7820d8d40,2023-07-11T14-57 [exporttegus@gmail.com] Boletín Estadístico IHCAFE al 11 de Julio de 2023.pdf,2026-02-26T09:42:00.112210+00:00
1NTLEcqNzv6Ya_p9Q5LUw0KwJSgovyPgj,9a15dad2a87481fea8489a840d587c69,2023-07-07T14-57 [exporttegus@gmail.com] Boletín Estadístico IHCAFE al 07 de Julio de 2023.pdf,2026-02-26T09:42:00.112210+00:00
1t-VZEmGJf4jtV1RXVwD4nsnvrPwEQ7G6,a33ae8461c88a59337f82ddbd90a1ea8,2023-07-06T14-57 [exporttegus@gmail.com] Boletín Estadístico IHCAFE al 06 de Julio de 2023.pdf,2026-02-26T09:42:00.112210+00:00
182qAu1fkyISOLRBQDTM8gZf4AdOe_L1S,54738341a0fa40778ac88433e25f995a,2023-07-05T15-23 [exporttegus@gmail.com] Boletín Estadístico IHCAFE al 05 de Julio de 2023.pdf,2026-02-26T09:42:00.112210+00:00
1LdRB-4E1JMcKRlp-UsUGVTrnpMy2HYJ6,3916afdaab78fb606cd48fd64158fc15,2023-07-04T14-57 [exporttegus@gmail.com] Boletín Estadístico IHCAFE al 04 de Julio de 2023.pdf,2026-02-26T09:42:00.112210+00:00
16xbh0CneqgbmppNdOivDZyjY7z5Kb0yA,7be7d56b421fc63904345ee150efa536,2023-07-03T14-57 [exporttegus@gmail.com] Boletín Estadístico IHCAFE al 03 de Julio de 2023.pdf,2026-02-26T09:42:00.112210+00:00
1o9bQg_IPMHJeROK8Oq1WOE7X_4C8NxLR,575a5ef334afaa57412fdfe3894fea8e,2023-06-30T14-57 [exporttegus@gmail.com] Boletín Estadístico IHCAFE al 30 de Junio de 2023.pdf,2026-02-26T09:42:00.112210+00:00
13u-H7vV7hC60ytwWZngJ4rNvBZCBilV5,4c8513994b11dce0333e89bcf7313b6f,2023-06-26T14-57 [exporttegus@gmail.com] Boletín Estadístico IHCAFE al 26 de Junio de 2023.pdf,2026-02-26T09:42:00.112210+00:00
1FJST77Rc71wuwUMXSzUZrEjy3RrjpXDl,08eaa7d1f8a831fdaf47cdf5652cd4f5,2023-06-27T14-57 [exporttegus@gmail.com] Boletín Estadístico IHCAFE al 27 de Junio de 2023.pdf,2026-02-26T09:42:00.112210+00:00
1k8t-72k93VXgNMuqFf4At73EDnq30eDS,d5e13a166f6cca8e28f66d763083e55e,2023-06-29T14-57 [exporttegus@gmail.com] Boletín Estadístico IHCAFE al 29 de Junio de 2023.pdf,2026-02-26T09:42:00.112210+00:00
1lmb2Q9XmUVX643KNa5gil19NX4XobgE5,bee6c9139d7ced77147c5a8e9d7e0b12,2023-06-23T14-57 [exporttegus@gmail.com] Boletín Estadístico IHCAFE al 23 de Junio de 2023.pdf,2026-02-26T09:42:00.112210+00:00
1mqWIv5HMPwXyDfGXe_hLztHIBQGaYXmh,b1cc9c21d1c38f12c4aeacd6cc7c7c03,2023-06-20T14-57 [exporttegus@gmail.com] Boletín Estadístico IHCAFE al 20 de Junio de 2023.pdf,2026-02-26T09:42:00.112210+00:00
1On91igFxExIYNgoq7fTFpnRq01kj30KO,92186d27e9b0d76285da5b78e9b0f0df,2023-06-19T14-56 [exporttegus@gmail.com] Boletín Estadístico IHCAFE al 19 de Junio de 2023.pdf,2026-02-26T09:42:00.112210+00:00
1ynlbuvUa4eOACH7nzuY8MkCxaOca92mF,2c367383841879eb7b97d77d50c341ce,2023-06-16T15-00 [exporttegus@gmail.com] Boletín Estadístico IHCAFE al 16 de Junio de 2023.pdf,2026-02-26T09:42:00.112210+00:00
1Q12zuZ_s74zeW7-lFE8VB8q9YlMboeZF,efc04e36dc45d6fea269c7554c3520dc,2023-06-22T14-57 [exporttegus@gmail.com] Boletín Estadístico IHCAFE al 22 de Junio de 2023.pdf,2026-02-26T09:42:00.112210+00:00
1WVMhYWu5DmSxL7qjtgmtmI89YxkYhfGo,14c71446d965cd8333d357e2d2689227,2023-06-13T14-57 [exporttegus@gmail.com] Boletín Estadístico IHCAFE al 13 de Junio de 2023.pdf,2026-02-26T09:42:00.112210+00:00
1VN8PEMB2wYeI1ncRu5gULZKK39aGlhzT,15b159781c4e3207b5434f500413800a,2023-06-14T14-57 [exporttegus@gmail.com] Boletín Estadístico IHCAFE al 14 de Junio de 2023.pdf,2026-02-26T09:42:00.112210+00:00
1qX-HDuIkEGPr65LGADbDO5fDJScV70pP,a8b79c1de552d7a0869870a5f3b7f4de,2023-06-15T14-57 [exporttegus@gmail.com] Boletín Estadístico IHCAFE al 15 de Junio de 2023.pdf,2026-02-26T09:42:00.112210+00:00
1LiyGBsmrq6Xw54Gy5_x8VEFNzl45KxvB,da026d6ec1eaafbd9dfb7561745b454d,2023-06-12T14-57 [exporttegus@gmail.com] Boletín Estadístico IHCAFE al 12 de Junio de 2023.pdf,2026-02-26T09:42:00.112210+00:00
1rvR9TP23bPJQBJHd9N-I0eVvRtBz2KWw,4efae9bbbd9ae9363cb9a074a0730a88,2023-06-09T14-57 [exporttegus@gmail.com] Boletín Estadístico IHCAFE al 09 de Junio de 2023.pdf,2026-02-26T09:42:00.112210+00:00
1_xBkDCMkBAMU9YaS0URkUmh94CLOOwZ6,b389e540a270d010033979c64b30fb54,2023-06-08T14-57 [exporttegus@gmail.com] Boletín Estadístico IHCAFE al 08 de Junio de 2023.pdf,2026-02-26T09:42:00.112210+00:00
1wNmm580TPihLTqJCDnxzHQMYf-K7ZgtS,13f6633787feeb1f59aa76777468c20e,2023-06-05T14-58 [exporttegus@gmail.com] Boletín Estadístico IHCAFE al 05 de Junio de 2023.pdf,2026-02-26T09:42:00.112210+00:00
15aGBwIOIayDGti-6T2vHv_msCvjEEZ2J,d2451bac606bed64308d54fdd426b7b2,2023-06-07T14-57 [exporttegus@gmail.com] Boletín Estadístico IHCAFE al 7 de Junio de 2023.pdf,2026-02-26T09:42:00.112210+00:00
19_bXOXYh-0q65KFvpe-lLEtLTk_tSoRS,39b880b8b481df62a692dbc1e528f7f2,2023-06-06T14-57 [exporttegus@gmail.com] Boletín Estadístico IHCAFE al 06 de Junio de 2023.pdf,2026-02-26T09:42:00.112210+00:00
11tGZQkqlFW-Oyb4F66zCnK56EWKBinff,435183582c21ebdac3cf26f995bf3ee1,2023-06-01T14-57 [exporttegus@gmail.com] Boletín Estadístico IHCAFE al 01 de Junio de 2023.pdf,2026-02-26T09:42:00.112210+00:00
1qDqpgz8Hb0m78m36gshJt-HuMIRLnGsv,2a399c27ffc359697986b82b8b905b0e,2023-05-30T14-58 [exporttegus@gmail.com] Boletín Estadístico IHCAFE al 30 de Mayo de 2023.pdf,2026-02-26T09:42:00.112210+00:00
1hJ2vJF-kDPyZeEcpXnlLmu8EqjyzFQDf,397393fc67e6c85267a784f0aca574ba,2023-05-31T14-57 [exporttegus@gmail.com] Boletín Estadístico IHCAFE al 31 de Mayo de 2023.pdf,2026-02-26T09:42:00.112210+00:00
1NaRp4wW7pFz37mMWTbQ2OBkhwWxLql44,21aced8da8842445a25937c759a483b6,2023-05-29T14-57 [exporttegus@gmail.com] Boletín Estadístico IHCAFE al 29 de Mayo de 2023.pdf,2026-02-26T09:42:00.112210+00:00
1FWxyMo-K0det6zoXIZEy9Xka2JHRKkjj,f4ccb522d4c6f83d7ffd994114711640,2023-05-26T14-57 [exporttegus@gmail.com] Boletín Estadístico IHCAFE al 26 de Mayo de 2023.pdf,2026-02-26T09:42:00.112210+00:00
1T7Iu-t8ic37MrBSTADMPN2zNgIL8Ok0n,4c603f0ae726f651a8f4acad96631aa6,2023-05-22T15-15 [exporttegus@gmail.com] Boletín Estadístico IHCAFE al 22 de Mayo de 2023.pdf,2026-02-26T09:42:00.112210+00:00
1F30h_3MvuSnmCU_I5RTJJtp4AnhGCl7q,a90ba9d58c95400c348656a29c4d4dcf,2023-05-25T14-57 [exporttegus@gmail.com] Boletín Estadístico IHCAFE al 25 de Mayo de 2023.pdf,2026-02-26T09:42:00.112210+00:00
10M9Eqw5-PMGaUWN4Bh_GlLdFMB6yTmtn,00efc98c6cdec50130a2400b8dc534e7,2023-05-23T15-06 [exporttegus@gmail.com] Boletín Estadístico IHCAFE al 23 de Mayo de 2023.pdf,2026-02-26T09:42:00.112210+00:00
1598h_KY-CZslcX-mbfb7BVePxwjhvzU2,46e79715f2d0ccec7943d4cc41816ef4,2023-05-24T14-57 [exporttegus@gmail.com] Boletín Estadístico IHCAFE al 24 de Mayo de 2023.pdf,2026-02-26T09:42:00.112210+00:00
18ETORVj95aJX4BHDR2cBoOoP5aPZr7hL,78971dd4b1a091c340fed9cb784f6171,2023-05-19T14-56 [exporttegus@gmail.com] Boletín Estadístico IHCAFE al 19 de Mayo de 2023.pdf,2026-02-26T09:42:00.112210+00:00
1WyQA7MlbOig98ptQY5suj7nQBywqNktw,75765a37cd6d124f10e1579ff9617019,2023-05-18T14-57 [exporttegus@gmail.com] Boletín Estadístico IHCAFE al 18 de Mayo de 2023.pdf,2026-02-26T09:42:00.112210+00:00
1sIBLcAgUgGRDAL8pzpDKlcbUP85nZhdJ,00feb0e45bbf667064952484633f4726,2023-05-17T14-57 [exporttegus@gmail.com] Boletín Estadístico IHCAFE al 17 de Mayo de 2023.pdf,2026-02-26T09:42:00.112210+00:00
1CvxR742oiBDQiIDQeZiHtPWxk-9a2Fy1,46e72d8388d1f4eaf8b1558a49e0189c,2023-05-16T14-57 [exporttegus@gmail.com] Boletín Estadístico IHCAFE al 16 de Mayo de 2023.pdf,2026-02-26T09:42:00.112210+00:00
1HIwnQS7u4lAxzEVh4-voNvQeExVJtTwp,d50a1f73a494f0e7b4f281737f033513,2023-05-15T15-14 [exporttegus@gmail.com] Boletín Estadístico IHCAFE al 15 de Mayo de 2023.pdf,2026-02-26T09:42:00.112210+00:00
1z14XpPYTO-oZw-1vgXESgzy4t0_ukCZ3,9fa7b30ab10e9471c41f88b3ff8edc58,2023-05-11T14-57 [exporttegus@gmail.com] Boletín Estadístico IHCAFE al 11 de Mayo de 2023.pdf,2026-02-26T09:42:00.112210+00:00
1lSA8_ATgLoqhGdenSZibHKnRNJJt9w-c,794be2da210d6050d8ae0c2bed835811,2023-05-10T14-57 [exporttegus@gmail.com] Boletín Estadístico IHCAFE al 10 de Mayo de 2023.pdf,2026-02-26T09:42:00.112210+00:00
1bpDaGsbGPYGgBEi4BYMIvlZxFYHwQiim,4af58434a1a63f5047a19fd4c5b35725,2023-05-09T14-58 [exporttegus@gmail.com] Boletín Estadístico IHCAFE al 09 de Mayo de 2023.pdf,2026-02-26T09:42:00.112210+00:00
1UOxVBaRbziVE0OIeH7GQXlPONB4b8XpF,62ee3843b96e0b581ddce3929e0f1b85,2023-05-08T14-58 [exporttegus@gmail.com] Boletín Estadístico IHCAFE al 08 de Mayo de 2023.pdf,2026-02-26T09:42:00.112210+00:00
1BbXboEAERDzGZzkTMtZXYYSHgQiHOVfs,7e07c930390763ec90045e6868f77910,2023-05-03T14-58 [exporttegus@gmail.com] Boletín Estadístico IHCAFE al 3 de Mayo de 2023.pdf,2026-02-26T09:42:00.112210+00:00
1JZbGSta31AY2hmLrvb9hYaacnY6gsSZn,1ecbfdbcc234bc7e3730b217a0b98a29,2023-05-04T15-02 [exporttegus@gmail.com] Boletín Estadístico IHCAFE al 4 de Mayo de 2023.pdf,2026-02-26T09:42:00.112210+00:00
1FQLQepTHjfenrvOI3O2MOu6KTn3kxIvj,9bb4ebfe08f592bb561c196ae783735e,2023-05-02T14-58 [exporttegus@gmail.com] Boletín Estadístico IHCAFE al 2 de Mayo de 2023.pdf,2026-02-26T09:42:00.112210+00:00
1zPLZPIrQsgjAJ153kDMs0klTBR3ej565,e32950fde5048e8ff01e657ad3a7a319,2023-04-26T14-58 [exporttegus@gmail.com] Boletín Estadístico IHCAFE al 26 de Abril de 2023.pdf,2026-02-26T09:42:00.112210+00:00
1crQWZTCTU8qBqzkap6ZJHz94baVaZlwU,14e0d5db83c3a62fb7808ef100ba53c0,2023-04-24T15-20 [exporttegus@gmail.com] Boletín Estadístico IHCAFE al 24 de Abril de 2023.pdf,2026-02-26T09:42:00.112210+00:00
1niQ8UDlII38GpGXZUA7MLtXrnbFO16YD,f4314b91f1a57166c733bf0299899077,2023-04-27T14-58 [exporttegus@gmail.com] Boletín Estadístico IHCAFE al 27 de Abril de 2023.pdf,2026-02-26T09:42:00.112210+00:00
1jHhVv6Rk4rflD0-oszsp6DAbwoAn_3Dm,83f709aaf499fd7d0cb2ac4ad330c906,2023-04-21T14-59 [exporttegus@gmail.com] Boletín Estadístico IHCAFE al 21 de Abril de 2023.pdf,2026-02-26T09:42:00.112210+00:00
1dePzJ6ahtozQqv3x3jdUgb5A2vCHfl8S,f6f5392c849e180b5df3dd623fddd0dc,2023-04-20T14-57 [exporttegus@gmail.com] Boletín Estadístico IHCAFE al 20 de Abril de 2023.pdf,2026-02-26T09:42:00.112210+00:00
1-GkOGmC6ZIKaQc_Q8GniebFTb1LElw4-,f3fc8ff6f7ad93a09e32948763f3d84c,2023-04-19T14-59 [exporttegus@gmail.com] Boletín Estadístico IHCAFE al 19 de Abril de 2023.pdf,2026-02-26T09:42:00.112210+00:00
1Ut8VIlP1TkckKS81oC6yM7j0Nzpj1P7v,01bca22a5641f0f02a9fb01003291edd,2023-04-25T14-57 [exporttegus@gmail.com] Boletín Estadístico IHCAFE al 25 de Abril de 2023.pdf,2026-02-26T09:42:00.112210+00:00
1i9RKoImQSzFGY7mZ84nPXasFoTMuhWBk,fc199065e3e9cea1c320534eb63a064d,2023-04-12T15-00 [exporttegus@gmail.com] Boletín Estadístico IHCAFE al 12 de Abril de 2023.pdf,2026-02-26T09:42:00.112210+00:00
1uBsBFZ53ZUm6JINg-RfscGYRSKB0jUV9,30f17c7766d7eea1c9a9b7406c7b1e7a,2023-04-13T14-59 [exporttegus@gmail.com] Boletín Estadístico IHCAFE al 13 de Abril de 2023.pdf,2026-02-26T09:42:00.112210+00:00
1RMc55jQKvQxjTR04skiZR0Cz7Z8g0qdQ,d1d89e9c4ab30b1de7c2bf7764e10708,2023-04-14T14-59 [exporttegus@gmail.com] Boletín Estadístico IHCAFE al 14 de Abril de 2023.pdf,2026-02-26T09:42:00.112210+00:00
1QCLhXz2Yb1oPlabpLL5Nw8urnPHoTgNj,da5db1f9ffdd5a369f2407a49244ddd0,2023-04-17T14-59 [exporttegus@gmail.com] Boletín Estadístico IHCAFE al 17 de Abril de 2023.pdf,2026-02-26T09:42:00.112210+00:00
11YPKt8A6Un277cDpYwX8Bjbav6ncRILv,9abbffdc689b45be082dca8e555e91cf,2023-04-11T14-59 [exporttegus@gmail.com] Boletín Estadístico IHCAFE al 11 de Abril de 2023.pdf,2026-02-26T09:42:00.112210+00:00
1QZE4tYuVl1q65vddmvUnAyuwdUSDgeHo,2d916f78e7253848f23ecc605864b39d,2023-04-10T15-00 [exporttegus@gmail.com] Boletín Estadístico IHCAFE al 10 de Abril de 2023.pdf,2026-02-26T09:42:00.112210+00:00
1lVoeHHDzQjf8eBxPFCiR4yakJKTpPpvH,c615fc14bbaa557d6111fcefd73e24c1,2023-04-03T14-00 [exporttegus@gmail.com] Boletín Estadístico IHCAFE al 3 de Abril de 2023.pdf,2026-02-26T09:42:00.112210+00:00
1AEOYtY2WLwqF3yUGadKExCWfmwiMWLHz,99b4e46034149d8bcd21c7884f560f2f,2023-04-04T14-00 [exporttegus@gmail.com] Boletín Estadístico IHCAFE al 04 de Abril de 2023.pdf,2026-02-26T09:42:00.112210+00:00
16U6OhAW8hY7juq1xFEWaxiFlqdp8Gj8q,937cf19e0380c7d3af558e40ef5dc4cd,2023-03-31T15-00 [exporttegus@gmail.com] Boletín Estadístico IHCAFE al 31 de Marzo de 2023.pdf,2026-02-26T09:42:00.112210+00:00
1ljX5CZXKHPoJCuVWZ4x-OnLZKl07VKE4,ce076e78f410a8d692ca770fb828a538,2023-03-29T15-00 [exporttegus@gmail.com] Boletín Estadístico IHCAFE al 29 de Marzo de 2023.pdf,2026-02-26T09:42:00.112210+00:00
1BSW5S-W8zA7VRHX4Ddz8Qnz13FTeENvx,fd26aa7c69ced53cc326996f610036ff,2023-03-30T15-00 [exporttegus@gmail.com] Boletín Estadístico IHCAFE al 30 de Marzo de 2023.pdf,2026-02-26T09:42:00.112210+00:00
1BI21Buue8SM1_7FxkiQXVq3jheaRsoYX,83759b23fbe313172389f5f3f7f9142d,2023-03-24T14-59 [exporttegus@gmail.com] Boletín Estadístico IHCAFE al 24 de Marzo de 2023.pdf,2026-02-26T09:42:00.112210+00:00
1-GgWRYRARX8F53TBE822DteTQeRdoRR5,d0276ccaf314190e3237a7700f674a99,2023-03-28T15-00 [exporttegus@gmail.com] Boletín Estadístico IHCAFE al 28 de Marzo de 2023.pdf,2026-02-26T09:42:00.112210+00:00
1nU3pykDatGbSOW64fBrsHGL9NChTBvBv,e8f6b91a4b58080a668b8b8eff616bb7,2023-03-21T15-00 [exporttegus@gmail.com] Boletín Estadístico IHCAFE al 21 de Marzo de 2023.pdf,2026-02-26T09:42:00.112210+00:00
1lzw2kTQmagJ6xgCusmHUsQ9TZIq_H_zi,d65f26754a41d4dd6969859330d1af74,2023-03-27T15-00 [exporttegus@gmail.com] Boletín Estadístico IHCAFE al 27 de Marzo de 2023.pdf,2026-02-26T09:42:00.112210+00:00
1m8ftFepJ3Ynzf5RjRvJWZBEx8xuGKOhP,530a790f203ad7c4302e9c4417189f69,2023-03-22T15-13 [exporttegus@gmail.com] Boletín Estadístico IHCAFE al 22 de Marzo de 2023.pdf,2026-02-26T09:42:00.112210+00:00
18_TSSiAj-W3unCPIRSpchhHfh_TMjhP-,a4f2ce3e3248269d49714652f7ebfbc3,2023-03-20T15-00 [exporttegus@gmail.com] Boletín Estadístico IHCAFE al 20 de Marzo de 2023.pdf,2026-02-26T09:42:00.112210+00:00
1ihyFZBjDfJU6YH8QzTDJPK_pLN0eK10V,e0a9997f275a7ecf23ffb2595ba090c6,2023-03-17T15-00 [exporttegus@gmail.com] Boletín Estadístico IHCAFE al 17 de Marzo de 2023.pdf,2026-02-26T09:42:00.112210+00:00
18IGKbLPALdzeE9OwLeq5J9DU0gkQKute,d4a0bce2c6233d6fdaa0efbb5469bf8c,2023-03-14T15-01 [exporttegus@gmail.com] Boletín Estadístico IHCAFE al 14 de Marzo de 2023.pdf,2026-02-26T09:42:00.112210+00:00
1Sm0xAAcZpG_F815k6kFKaLpRw7u2eu38,c0ce2142b711197f93152fa911ca9728,2023-03-16T15-00 [exporttegus@gmail.com] Boletín Estadístico IHCAFE al 16 de Marzo de 2023.pdf,2026-02-26T09:42:00.112210+00:00
1wzYPuLYZNvuL0w0MGn_6nq-_TbgGy-9Q,288e8bf3aa49ec93ef50903ae07dad45,2023-03-15T15-00 [exporttegus@gmail.com] Boletín Estadístico IHCAFE al 15 de Marzo de 2023.pdf,2026-02-26T09:42:00.112210+00:00
1mgi3WpYyh5sZ4Tpa7hh0KulXpPbscjF8,1f822771d407adf53ad9849c6d2adcb1,2023-03-13T15-26 [exporttegus@gmail.com] Boletín Estadístico IHCAFE al 13 de Marzo de 2023.pdf,2026-02-26T09:42:00.112210+00:00
1yp2P0UiOQX-2dXWfYMS5nX13H0M6l2Fq,53e5b9eb2afd0f878cedfc51add69294,2023-03-09T14-13 [exporttegus@gmail.com] Boletín Estadístico IHCAFE al 09 de Marzo de 2023.pdf,2026-02-26T09:42:00.112210+00:00
1xaNtnCifov3lBpsZHhgKG2je9dB2FPlv,b7db424337b6d82fbba5a0b146867f38,2023-03-08T14-18 [exporttegus@gmail.com] Boletín Estadístico IHCAFE al 08 de Marzo de 2023.pdf,2026-02-26T09:42:00.112210+00:00
1FwNubt04LGNZ5tIzp8lPCdVbxab8_1P_,c345432eef62eb142275007e75179066,2023-03-10T14-15 [exporttegus@gmail.com] Boletín Estadístico IHCAFE al 10 de Marzo de 2023.pdf,2026-02-26T09:42:00.112210+00:00
1eUkaMPCymTnAo8GCGNuCAZCUudWYdVGH,ee2c2f0af36ee488d4e2cf379556eb36,2023-03-07T14-22 [exporttegus@gmail.com] Boletín Estadístico IHCAFE al 07 de Marzo de 2023.pdf,2026-02-26T09:42:00.112210+00:00
1kxUPIFAMz_EMXAZMUtyw1hOGVp5M4xhM,6a7ed2e0a84df867155ac993fda2deb1,2023-03-06T14-18 [exporttegus@gmail.com] Boletín Estadístico IHCAFE al 06 de Marzo de 2023.pdf,2026-02-26T09:42:00.112210+00:00
1b3qmVLfMyl2kjmZbKn1veg51dIOevrHK,0663bc19ef0c82d5e84200a666c0cce9,2023-03-01T14-12 [exporttegus@gmail.com] Boletín Estadístico IHCAFE al 01 de Marzo de 2023.pdf,2026-02-26T09:42:00.112210+00:00
1wCluyUCLqGLqrPgDxJsq5FdtCDzVGivr,534ea20f0726a86955269f13e24dba90,2023-03-02T14-18 [exporttegus@gmail.com] Boletín Estadístico IHCAFE al 02 de Marzo de 2023.pdf,2026-02-26T09:42:00.112210+00:00
16ofvOD4JK4dPLfh5cdVaXDwxUQDUgaiU,4809a9633a07225a3569dce10f028e15,2023-02-28T14-12 [exporttegus@gmail.com] Boletín Estadístico IHCAFE al 28 de Febrero de 2023.pdf,2026-02-26T09:42:00.112210+00:00
1gDGaQFwNJTUz4_V54Sr2T7Tygjt9cAph,5804a87afa4645b69d49a88311705411,2023-02-27T14-18 [exporttegus@gmail.com] Boletín Estadístico IHCAFE al 27 de Febrero de 2023.pdf,2026-02-26T09:42:00.112210+00:00
12xuKKU88W__YqVOI6r_n_MryMc1mHBqM,0a0db8196fbddfa81cc7b62d5ce4317a,2023-02-23T14-16 [exporttegus@gmail.com] Boletín Estadístico IHCAFE al 23 de Febrero de 2023.pdf,2026-02-26T09:42:00.112210+00:00
1I4cY85stU8kMElUs9Dvr3kIXpeMetCdu,2b177009850ac486cb09e7aa74d78695,2023-02-24T14-13 [exporttegus@gmail.com] Boletín Estadístico IHCAFE al 24 de Febrero de 2023.pdf,2026-02-26T09:42:00.112210+00:00
1nNBJ4XHvLGzTwmFrYb5WkH5hzQnp8rxb,8c7680a375718e82d6f17ba8bd1eb532,2023-02-22T14-17 [exporttegus@gmail.com] Boletín Estadístico IHCAFE al 22 de Febrero de 2023.pdf,2026-02-26T09:42:00.112210+00:00
12CQ9CApjg0NeK0i6x0QFOmZT4cGn2Ckn,d26ece0c2f833b0a4928200c919f9393,2023-02-15T14-14 [exporttegus@gmail.com] Boletín Estadístico IHCAFE al 15 de Febrero de 2023.pdf,2026-02-26T09:42:00.112210+00:00
1kM1EAH_SKKTJYjVfPxoJzeLO26_XClX1,ec9d16054f48b0371735bf68b9355ca2,2023-02-20T14-16 [exporttegus@gmail.com] Boletín Estadístico IHCAFE al 20 de Febrero de 2023.pdf,2026-02-26T09:42:00.112210+00:00
1vWkVCUpZQwVT-LrkZdvhxPRUKXVPu-SP,d1d2524bbca97fefae78825eb965ca4c,2023-02-16T14-12 [exporttegus@gmail.com] Boletín Estadístico IHCAFE al 16 de Febrero de 2023.pdf,2026-02-26T09:42:00.112210+00:00
1eVxz8haJTqAMWAMmrptOizPB3fL3rFVr,c29f61da570edc2db64b90873e6c3e03,2023-02-21T14-18 [exporttegus@gmail.com] Boletín Estadístico IHCAFE al 21 de Febrero de 2023.pdf,2026-02-26T09:42:00.112210+00:00
1P7ELLzQk-0KL3N-yeJoqKKZxpKm6huYa,690cfdbfd2375b0e98093405d518b582,2023-02-17T14-07 [exporttegus@gmail.com] Boletín Estadístico IHCAFE al 17 de Febrero de 2023.pdf,2026-02-26T09:42:00.112210+00:00
1qrmx-ADJc73BoAPuPMLvblOiXNYmzO1H,5bcc30cfc700cf3891a36b808a459b40,2023-02-14T14-08 [exporttegus@gmail.com] Boletín Estadístico IHCAFE al 14 de Febrero de 2023.pdf,2026-02-26T09:42:00.112210+00:00
1hr6cx6ZfyF1OPpYDguszfXHLc5dogmcR,f83cdd2e041cb121417a52812573da30,2023-02-13T15-25 [exporttegus@gmail.com] Boletín Estadístico IHCAFE al 13 de Febrero de 2023.pdf,2026-02-26T09:42:00.112210+00:00
15kRNzwLWCQ2DHCo68fv3JONRYI_REBXi,4e56fd3bddcc319e1ff717b4046c1d6e,2023-02-10T14-15 [exporttegus@gmail.com] Boletín Estadístico IHCAFE al 10 de Febrero de 2023.pdf,2026-02-26T09:42:00.112210+00:00
1Qkij-nnKRZhh4F3Fh0-rimIGn8xGFsmQ,bdf5d8f2faac91ab0cf0c4499bd10942,2023-02-09T14-37 [exporttegus@gmail.com] Boletín Estadístico IHCAFE al 09 de Febrero de 2023.pdf,2026-02-26T09:42:00.112210+00:00
1so3ByPM55I52tDf5S_Kth-Z2qBiuEvDx,b344e7d88a799b711d28c36d0ca6f17a,2023-02-08T14-40 [exporttegus@gmail.com] Boletín Estadístico IHCAFE al 08 de Febrero de 2023.pdf,2026-02-26T09:42:00.112210+00:00
1C139zfaqJMJpdaLBopU20PhvtcIvpxoa,7bd7cbd305bb7ca099a536604a0de5a8,2023-02-07T14-13 [exporttegus@gmail.com] Boletín Estadístico IHCAFE al 07 de Febrero de 2023.pdf,2026-02-26T09:42:00.112210+00:00
1CkJro_orXzLj7U3JYY0P0EcUOFsb-9-f,726b58aef08611b9ecc8066f77158180,2023-02-02T14-16 [exporttegus@gmail.com] Boletín Estadístico IHCAFE al 02 de Febrero de 2023.pdf,2026-02-26T09:42:00.112210+00:00
1topm3RuIhQcj2LxBcXLv72pBl6mUsnjC,72f1f8a70b3ac252dc54c1cf6aeff474,2023-02-01T14-11 [exporttegus@gmail.com] Boletín Estadístico IHCAFE al 01 de Febrero de 2023.pdf,2026-02-26T09:42:00.112210+00:00
1HC9enxvr2Jbzms6eMCq5BQQK8jALQOJs,8de709e25cd47a9852c37c15b199ef6a,2023-02-06T14-11 [exporttegus@gmail.com] Boletín Estadístico IHCAFE al 06 de Febrero de 2023.pdf,2026-02-26T09:42:00.112210+00:00
1V4XYPuZQbA7FRepziXJHotC5Y70A9eJX,4e16f1abb428df135fba4c174949beaa,2023-02-03T14-03 [exporttegus@gmail.com] Boletín Estadístico IHCAFE al 03 de Febrero de 2023.pdf,2026-02-26T09:42:00.112210+00:00
1sUZcDr8Vy-IyxljExR7OmXJRL6b_mUwk,3b539a9d9eded2e65b30f7b432097eae,2023-01-30T14-13 [exporttegus@gmail.com] Boletín Estadístico IHCAFE al 30 de Enero de 2023.pdf,2026-02-26T09:42:00.112210+00:00
1ol_6noBPKY_eOFAjcOu53jUjfIP6yGFM,82910fd46bcc852800d28a98335d1b66,2023-01-27T14-21 [exporttegus@gmail.com] Boletín Estadístico IHCAFE al 27 de Enero de 2023.pdf,2026-02-26T09:42:00.112210+00:00
1AIQcAPKKsgbKJhPgsB7vL5bCg1SPoxfi,e03e98a62a70058332a5295a05361e3a,2023-01-26T14-22 [exporttegus@gmail.com] Boletín Estadístico IHCAFE al 26 de Enero de 2023.pdf,2026-02-26T09:42:00.112210+00:00
1KV2Jn1n2OWZ_eginpBxfP4VE2EzXa9jb,1de3c9d145716e7eddcfc6273a1c6f2d,2023-01-24T14-09 [exporttegus@gmail.com] Boletín Estadístico IHCAFE al 24 de Enero de 2023.pdf,2026-02-26T09:42:00.112210+00:00
1UZgToF5LGccUIz-s9sd2w3pCLRhV2k9b,4bf62c408c8a6ee25a3ff71b4edef6b2,2023-01-31T14-12 [exporttegus@gmail.com] Boletín Estadístico IHCAFE al 31 de Enero de 2023.pdf,2026-02-26T09:42:00.112210+00:00
1fjiRN0b2r_G0bxnWAZlbeZrEy5RxQDD6,3a57ecdb01ecc87de7859e8754a374d0,2023-01-20T14-16 [exporttegus@gmail.com] Boletín Estadístico IHCAFE al 20 de Enero de 2023.pdf,2026-02-26T09:42:00.112210+00:00
19tvPJkE4t0AWnrveLwbvEktx_dm-3J_4,a262808039805a1d8c5d56be8d631b25,2023-01-23T14-13 [exporttegus@gmail.com] Boletín Estadístico IHCAFE al 23 de Enero de 2023.pdf,2026-02-26T09:42:00.112210+00:00
1G7zEKpNN3mMqY1mokoD9KmULgqllNYYM,108f106452af70352da08bcffebbfb7e,2023-01-18T14-11 [exporttegus@gmail.com] Boletín Estadístico IHCAFE al 18 de Enero de 2023.pdf,2026-02-26T09:42:00.112210+00:00
1AVRDvZYn4FVkYqjYHOa4m2MnHUUJRcOV,d01dea868910381fd546cf4cb48add31,2023-01-19T14-04 [exporttegus@gmail.com] Boletín Estadístico IHCAFE al 19 de Enero de 2023.pdf,2026-02-26T09:42:00.112210+00:00
1HKS79Cx-gb3uX7KhvK0DUYCz6MwdN47A,7de67ea7e22c4b7a66301d11fb964f39,2023-01-17T14-06 [exporttegus@gmail.com] Boletín Estadístico IHCAFE al 17 de Enero de 2023.pdf,2026-02-26T09:42:00.112210+00:00
1Q_ZFidSCPYX52Co4LB4npfkfjAnoOr2d,60c9979a7e44a7bc13d500c1dcfd9513,2023-01-16T14-20 [exporttegus@gmail.com] Boletín Estadístico IHCAFE al 16 de Enero de 2023.pdf,2026-02-26T09:42:00.112210+00:00
1KPBPVzF8ly0I0KTesMX99L9XggExAJLl,10a9c4636d24ee4aaa6231ab78fca13f,2023-01-13T14-16 [exporttegus@gmail.com] Boletín Estadístico IHCAFE al 13 de Enero de 2023.pdf,2026-02-26T09:42:00.112210+00:00
1RV7hDeSHmeNlgmiRsl5vIHpo8pxWz6Y7,1597b196ab766786baef89d171df4e3b,2023-01-12T14-15 [exporttegus@gmail.com] Boletín Estadístico IHCAFE al 12 de Enero de 2022.pdf,2026-02-26T09:42:00.112210+00:00
1chyymxQwQfhXKMW3Vhalou-nkVNIJSv-,48349f07046faa4766daf1f3283bd6ed,2023-01-10T14-14 [exporttegus@gmail.com] Boletín Estadístico IHCAFE al 10 de Enero de 2023.pdf,2026-02-26T09:42:00.112210+00:00
1aZ_qt7dtp4gduhSejY5PkQaKHQhoS0mo,4f35c2ba9267ea4ddd32da6bf289a09b,2023-01-11T14-16 [exporttegus@gmail.com] Boletín Estadístico IHCAFE al 11 de Enero de 2023.pdf,2026-02-26T09:42:00.112210+00:00
1wAd8sPMFdb7sX0QhQGq5O5CwBI12_3Ic,31d78af1f75f1b6eee1697d36ce8de5b,2023-01-09T14-37 [exporttegus@gmail.com] Boletín Estadístico IHCAFE al 09 de Enero de 2023.pdf,2026-02-26T09:42:00.112210+00:00
1qRW5s7JT7_SC5CbAyULhKSTQdxZDEqi3,5ff4bb886b1fcc204102f80344fbb8f1,2023-01-05T14-09 [exporttegus@gmail.com] Boletín Estadístico IHCAFE al 05 de Enero de 2022.pdf,2026-02-26T09:42:00.112210+00:00
1GgOaT_Hh1qNsMv4Ht5lz1sE2bioAgVXr,6b440eef554d40c5fe1309d5042fed41,2023-01-06T15-10 [exporttegus@gmail.com] Boletín Estadístico IHCAFE al 06 de Enero de 2023.pdf,2026-02-26T09:42:00.112210+00:00
1SdmvG_NxqkyYHlZmsscFd_v1HWnmyoHo,23632438e2fda16e59788a04c05dbe22,2023-01-04T14-15 [exporttegus@gmail.com] Boletín Estadístico IHCAFE al 04 de Enero de 2023.pdf,2026-02-26T09:42:00.112210+00:00
1aOvLJ0YHMaimaPAeVyKnQ88h1c7BFsMX,74495c19488a1ae65588778776103928,2023-01-03T13-41 [exporttegus@gmail.com] Boletín Estadístico IHCAFE al 03 de Enero de 2023.pdf,2026-02-26T09:42:00.112210+00:00
1XTz56YzDIb0XA3oYhyI9B7RZ4Jo5c1gY,1e01af1dea4e36629d16679df99dbb91,2023-01-02T12-59 [exporttegus@gmail.com] Boletín Estadístico IHCAFE al 02 de Enero de 2023.pdf,2026-02-26T09:42:00.112210+00:00
1VIs3olp8sdZtAz226ZePg-aFy7jAcJEA,81b8d2844cba746275a40303d47c3274,2022-12-28T13-43 [exporttegus@gmail.com] Boletín Estadístico IHCAFE al 28 de Diciembre de 2022 DOCUMENTO CORREGIDO*.pdf,2026-02-26T09:42:00.112210+00:00
1c9COFVQxuBfmXCld5Uh1En_BVk298vq5,a6813266c00788101733b55b1768a3c3,2022-12-14T14-25 [exporttegus@gmail.com] Boletín Estadístico IHCAFE al 14 de Diciembre de 2022.pdf,2026-02-26T09:42:00.112210+00:00
1d749hZPDRrd55Cd0ryTH0CfnzCpPJGss,406e6163700929f6448c615ac5c1a77e,2022-12-28T13-41 [exporttegus@gmail.com] Boletín Estadístico IHCAFE al 28 de Diciembre de 2022.pdf,2026-02-26T09:42:00.112210+00:00
1D5rbKDAuGw_QeZRdgHy3jV9H8no1MFGj,fd7edd70b51df47a7ae6082435045b75,2022-12-29T13-42 [exporttegus@gmail.com] Boletín Estadístico IHCAFE al 29 de Diciembre de 2022.pdf,2026-02-26T09:42:00.112210+00:00
1wKo7wVSf7PvTi2R6yN8zSHVDzHsa5GOn,4cb6153acce0a9e0ae0ac586140ad3c4,2022-12-09T14-24 [exporttegus@gmail.com] Boletín Estadístico IHCAFE al 09 de Diciembre de 2022.pdf,2026-02-26T09:42:00.112210+00:00
1RxLwPAR0DNgzeX4--6LsIAJy29hcXWoH,8405f93701067dc2a55ac3de9fbe7918,2022-12-06T14-18 [exporttegus@gmail.com] Boletín Estadístico IHCAFE al 05 de Diciembre de 2022.pdf,2026-02-26T09:42:00.112210+00:00
1yhbwqyuynxtomN3fDov26PlhKQLLvHJd,583c06cf9a76f563722d8fc8874bbe43,2022-12-12T14-14 [exporttegus@gmail.com] Boletín Estadístico IHCAFE al 12 de Diciembre de 2022.pdf,2026-02-26T09:42:00.112210+00:00
1tLCPaaN4iTlJtcLIRWKHqItKrMKbW953,5f95dca33e6dfedecf1087b51ef6e1c7,2022-12-27T13-42 [exporttegus@gmail.com] Boletín Estadístico IHCAFE al 27 de Diciembre de 2022.pdf,2026-02-26T09:42:00.112210+00:00
1FPd5PLc0rcTvBM4LSXM_nQE-x5KBmPgE,58ca44aab9f9fdc5c6335a6cc7773551,2022-11-28T14-19 [exporttegus@gmail.com] Boletín Estadístico IHCAFE al 28 de Noviembre de 2022.pdf,2026-02-26T09:42:00.112210+00:00
1up2p-7wbUc9bywIn6dxofmdP_AQEvC64,237a1c3b261a6b35ab2d0e12d9a0b641,2022-12-01T14-09 [exporttegus@gmail.com] Boletín Estadístico IHCAFE al 01 de Diciembre de 2022.pdf,2026-02-26T09:42:00.112210+00:00
1PbGMTA1tChi9JinZZqPfKkU2VjYnetWE,ca4c26d55e3df549f4909b9adc8ac8d5,2022-11-30T14-15 [exporttegus@gmail.com] Boletín Estadístico IHCAFE al 30 de Noviembre de 2022.pdf,2026-02-26T09:42:00.112210+00:00
1UHtz_7lmCfUBG9aVV4-jS5hFJ1Z2X5c0,c2be7b85df713646dc98f8905a3a68b0,2022-11-29T14-23 [exporttegus@gmail.com] Boletín Estadístico IHCAFE al 29 de Noviembre de 2022.pdf,2026-02-26T09:42:00.112210+00:00
1TBdTLw5-Ha7Zh11JXZX6xQYgr_DgcRoF,54a375f8e08ccfdfa11f64d0081c32c6,2022-11-25T14-08 [exporttegus@gmail.com] Boletín Estadístico IHCAFE al 25 de Noviembre de 2022.pdf,2026-02-26T09:42:00.112210+00:00
18LX-gYE_t7f1efGmM1HZ4G0YO7Y0LS-p,71dc2c2c448174e1be6fe22aa7dfe7d9,2022-11-24T14-15 [exporttegus@gmail.com] Boletín Estadístico IHCAFE al 24 de Noviembre de 2022.pdf,2026-02-26T09:42:00.112210+00:00
1mehPJb_5xy1Y0O5PWhDmJxsrHJ1JGSG1,729dee254b13332891e891f711a363d1,2022-11-23T14-54 [exporttegus@gmail.com] Boletín Estadístico IHCAFE al 23 de Noviembre de 2022.pdf,2026-02-26T09:42:00.112210+00:00
1KPYINqgtcl0KQ68kkGTiQvM79hhWPTcp,b8dc6b8c3a16ee47cca5bd854d2e1aea,2022-11-21T14-15 [exporttegus@gmail.com] Boletín Estadístico IHCAFE al 21 de Noviembre de 2022.pdf,2026-02-26T09:42:00.112210+00:00
1Pmgc5uE0BhiPsAlQiXeRW1VdUC44I2pH,6e65c753ff78c237784b5b1197c0f598,2022-11-18T14-08 [exporttegus@gmail.com] Boletín Estadístico IHCAFE al 18 de Noviembre de 2022.pdf,2026-02-26T09:42:00.112210+00:00
1LV32SkQR4s0Ohx5OgHjXClxKhCPtXJWe,7667b09201158588274e497e8375f5e3,2022-11-22T14-11 [exporttegus@gmail.com] Boletín Estadístico IHCAFE al 22 de Noviembre de 2022.pdf,2026-02-26T09:42:00.112210+00:00
1OZDZHpvFKShiyV-ugufE1SyM3puoYBbf,c885cc4f6c441d082b73c3f5bc81d8d3,2022-11-17T14-28 [exporttegus@gmail.com] Boletín Estadístico IHCAFE al 17 de Noviembre de 2022.pdf,2026-02-26T09:42:00.112210+00:00
1HKffkJh8c1S0PZffaEiBJVmFZtiEkJiH,ab90593d2d8ebc2de2bed3615a7a944c,2022-11-16T14-21 [exporttegus@gmail.com] Boletín Estadístico IHCAFE al 16 de Noviembre de 2022.pdf,2026-02-26T09:42:00.112210+00:00
1i7vTmE4Htbg4WnIql0GUpGTTAgWIwNLa,0306b2ef9bf3894cb5a7d45bbb961962,2022-11-15T15-22 [exporttegus@gmail.com] Boletín Estadístico IHCAFE al 15 de Noviembre de 2022.pdf,2026-02-26T09:42:00.112210+00:00
1n1LPEkaO6BGplixNr4vWOHrt57eSgrda,092d30ceebf4170b8758cfcdc65098c3,2022-11-14T14-32 [exporttegus@gmail.com] Boletín Estadístico IHCAFE al 14 de Noviembre de 2022.pdf,2026-02-26T09:42:00.112210+00:00
1EBAZR_zQAM9_5GFy7HiZRP5Kcv27AZxh,931b7a4da5929a8039fa6438d5fed900,2022-11-10T14-26 [exporttegus@gmail.com] Boletín Estadístico IHCAFE al 10 de Noviembre de 2022.pdf,2026-02-26T09:42:00.112210+00:00
1plBuUSYHVzV8zy6V_fWbL7miApaD_BQX,700e2e16868018789e272d925aa837df,2022-11-08T14-21 [exporttegus@gmail.com] Boletín Estadístico IHCAFE al 08 de Noviembre de 2022.pdf,2026-02-26T09:42:00.112210+00:00
1YtaL_5QpE7H-hKpGYVKbOlAzg_p7U5x8,3eb21f055d8682de64be4fbc7d245556,2022-11-11T14-10 [exporttegus@gmail.com] Boletín Estadístico IHCAFE al 11 de Noviembre de 2022.pdf,2026-02-26T09:42:00.112210+00:00
1so8OBjzmw8X_KrDWtXr3k299YBxkJmyT,1cf5ad23453890653cc07a8a8f262e1c,2022-11-01T14-00 [exporttegus@gmail.com] Boletín Estadístico IHCAFE al 1 de Noviembre de 2022.pdf,2026-02-26T09:42:00.112210+00:00
1zalKpiC769onOiYF5zCZ6TRW3vdnmxpW,38b0b114b8eed6a7e52f4fb1542ccc95,2022-11-02T14-00 [exporttegus@gmail.com] Boletín Estadístico IHCAFE al 02 de Noviembre de 2022.pdf,2026-02-26T09:42:00.112210+00:00
1XkL3Y9CrELNqwozDD-hXQQF2965cFzFg,92a21736ae1c3989bff742a74904f755,2022-11-07T14-05 [exporttegus@gmail.com] Boletín Estadístico IHCAFE al 07 de Noviembre de 2022.pdf,2026-02-26T09:42:00.112210+00:00
1RIK--0azXJsAAAu7_ObRv-bKODwhx74g,c81d01d41728e177e831edfd2fe7b4e2,2022-11-03T14-00 [exporttegus@gmail.com] Boletín Estadístico IHCAFE al 03 de Noviembre de 2022.pdf,2026-02-26T09:42:00.112210+00:00
1ZKLeb8CCyqbGBcOPS3YPZMRbnqncSKAl,7fce8f894d51c758f20aa9a4d2822070,2022-10-27T16-25 [exporttegus@gmail.com] Boletín Estadístico IHCAFE al 27 de Octubre de 2022.pdf,2026-02-26T09:42:00.112210+00:00
163szz8mmqSOMguxf7p_uAVzP34pkrQrl,555c2dfc292064af60adedd39f133300,2022-09-30T14-00 [exporttegus@gmail.com] Boletín Estadístico IHCAFE al 30 de Septiembre de 2022 (PRELIMINAR).pdf,2026-02-26T09:42:00.112210+00:00
1lHPseLDc0dAZ4m1p6LKbHkr5tur7lV6G,bb3b2fb462723789893fb7ab1f92706a,2022-09-29T14-00 [exporttegus@gmail.com] Boletín Estadístico IHCAFE al 29 de Septiembre de 2022.pdf,2026-02-26T09:42:00.112210+00:00
13U50aJkGM60CmN-7zadwuYn3whXuQcEH,cdd0ddea03b86955dd6675be1a595ec0,2022-09-28T14-00 [exporttegus@gmail.com] Boletín Estadístico IHCAFE al 28 de Septiembre de 2022.pdf,2026-02-26T09:42:00.112210+00:00
12tXZNqcal0xfyOb_Ld8NdrnuBfFiY5sB,3fe36c9b13e642b7190723c94dc84b99,2022-09-22T14-00 [exporttegus@gmail.com] Boletín Estadístico IHCAFE al 22 de Septiembre de 2022.pdf,2026-02-26T09:42:00.112210+00:00
1zAtJwjERZ9QcckhdX0NAEgsFRGIoFNkV,57ba26470e39304bb328b35b5e6c819d,2022-09-26T14-00 [exporttegus@gmail.com] Boletín Estadístico IHCAFE al 26 de Septiembre de 2022.pdf,2026-02-26T09:42:00.112210+00:00
1sUicgU1lt6HyGWGJorPKE_Sr3rSQqCx_,1d723e3ed567df52ad38feccb9dbc454,2022-09-27T14-00 [exporttegus@gmail.com] Boletín Estadístico IHCAFE al 27 de Septiembre de 2022.pdf,2026-02-26T09:42:00.112210+00:00
15IIhqy_HrwHqRTvfXlIP6xSyy86ktXma,3d4f30fd695b676a2e19facbf5db564d,2022-09-23T14-00 [exporttegus@gmail.com] Boletín Estadístico IHCAFE al 23 de Septiembre de 2022.pdf,2026-02-26T09:42:00.112210+00:00
1qh8yGgph4r114gZmX9PsHlVecT3zxXHl,e165a45767567ce69c7205b724d42ea2,2022-09-21T14-00 [exporttegus@gmail.com] Boletín Estadístico IHCAFE al 21 de Septiembre de 2022.pdf,2026-02-26T09:42:00.112210+00:00
1jZ0tIV8pdQTyyUMUZCjQiXqYxKBq5wNb,ba3b9a92271784bfabd4d93a64ec6362,2022-09-16T13-58 [exporttegus@gmail.com] Boletín Estadístico IHCAFE al 16 de Septiembre de 2022.pdf,2026-02-26T09:42:00.112210+00:00
1oETNQSIdccNbUFU-udc5g5uEjqajT5I6,89e53a1a35dcf104274533ceaf4d7bec,2022-09-19T14-00 [exporttegus@gmail.com] Boletín Estadístico IHCAFE al 19 de Septiembre de 2022.pdf,2026-02-26T09:42:00.112210+00:00
1DYyBAL3WaKSw2_8Y17D4gWn1wshFgGHt,f89e6bc035a89ba974ed6183c5e88402,2022-09-20T14-00 [exporttegus@gmail.com] Boletín Estadístico IHCAFE al 20 de Septiembre de 2022.pdf,2026-02-26T09:42:00.112210+00:00
15Bh5LXOBIG9c8aACBjTsND-SUO6sakFO,ab9af6473b13879fad0d64f212a6c176,2022-09-13T14-00 [exporttegus@gmail.com] Boletín Estadístico IHCAFE al 13 de Septiembre de 2022.pdf,2026-02-26T09:42:00.112210+00:00
1ek2NLuX6QlCsy77HR-BLjxHQLqQgieqX,922b28ff37b2b2e6cc7a05490016ebdc,2022-08-04T14-00 [exporttegus@gmail.com] Boletín Estadístico IHCAFE al 04 de Agosto de 2022.pdf,2026-02-26T09:42:00.112210+00:00
1n_FX2_UBMvHokPd8FSbuA3JoFIXLO1Aa,1c645fd6da66dadc1bab2f1a9cc3e58a,2022-09-12T14-00 [exporttegus@gmail.com] Boletín Estadístico IHCAFE al 12 de Septiembre de 2022.pdf,2026-02-26T09:42:00.112210+00:00
1c2-ELSvJFEYnsIQKo8sTaEsdLHsyB_59,b5da9dbd4627dda0d616a16f671122e3,2022-08-05T14-00 [exporttegus@gmail.com] Boletín Estadístico IHCAFE al 05 de Agosto de 2022.pdf,2026-02-26T09:42:00.112210+00:00
1GQGz0aunxr9bI09m_La-IHR2PVHe4p56,6a0130c9e556dc5725d544c205bbb81c,2022-08-03T14-00 [exporttegus@gmail.com] Boletín Estadístico IHCAFE al 3 de Agosto de 2022.pdf,2026-02-26T09:42:00.112210+00:00
1eN5mB4lNh62NRdiEsCEPVBCHt6zHc46E,da90666b358e63f4f3fd1f9abe3b5d82,2022-07-29T14-00 [exporttegus@gmail.com] Boletín Estadístico IHCAFE al 29 de Julio de 2022.pdf,2026-02-26T09:42:00.112210+00:00
17d1Mr3jntYsxRZSETC--hXlutTev_cu4,c1ba62155890cd7e522f93c8991b77b7,2022-08-01T14-00 [exporttegus@gmail.com] Boletín Estadístico IHCAFE al 01 de Agosto de 2022.pdf,2026-02-26T09:42:00.112210+00:00
1x14NQMbqSlEhuFGMqkjOa7zXKJgef6cy,a7219023b7e1b079e021a41b199a95e9,2022-07-27T14-00 [exporttegus@gmail.com] Boletín Estadístico IHCAFE al 27 de Julio de 2022.pdf,2026-02-26T09:42:00.112210+00:00
1jmtc4n80gEZDyJ05SgzwK04CytLdD8gm,1aaa62e436886587bfa8b82c58a9ba43,2022-07-28T16-00 [exporttegus@gmail.com] Boletín Estadístico IHCAFE al 28 de Julio de 2022.pdf,2026-02-26T09:42:00.112210+00:00
1MvzEgBY9WkcziVf-Vr-yB_PsJfEXoumv,84fa47f8070825a5ffbf7c0eae80c066,2022-07-26T14-00 [exporttegus@gmail.com] Boletín Estadístico IHCAFE al 26 de Julio de 2022.pdf,2026-02-26T09:42:00.112210+00:00
1eJOvpEZPymuwdpNEVrDqQBWYNijN1Ov6,a2b797e7968a633cc99cce5312ae5347,2022-07-22T14-00 [exporttegus@gmail.com] Boletín Estadístico IHCAFE al 22 de Julio de 2022.pdf,2026-02-26T09:42:00.112210+00:00
1_e7EjQkfZtD1w2lGvrQ0ejwWPejNWdhz,f1413c1b749bd8139f082c51ba0a50c7,2022-07-21T14-00 [exporttegus@gmail.com] Boletín Estadístico IHCAFE al 21 de Julio de 2022.pdf,2026-02-26T09:42:00.112210+00:00
1IUk9vHmWYb8WN8Ix1qVf81R7LiYYNMEi,57d56a14aa275645a6f883005bb71f56,2022-07-19T14-00 [exporttegus@gmail.com] Boletín Estadístico IHCAFE al 19 de Julio de 2022.pdf,2026-02-26T09:42:00.112210+00:00
1E066ByKMDCpJJnDhIWviDhqkYW9o4imK,6c382fa538651d063475036b4936d497,2022-07-20T15-20 [exporttegus@gmail.com] Boletín Estadístico IHCAFE al 20 de Julio de 2022.pdf,2026-02-26T09:42:00.112210+00:00
1lEKL_U7_cI-sE4s--mCkhjH9OcbjdCwC,dfba21679b31185caa25c4ca34428d4d,2022-07-14T14-00 [exporttegus@gmail.com] Boletín Estadístico IHCAFE al 14 de Julio de 2022.pdf,2026-02-26T09:42:00.112210+00:00
1rbSvOgL-2MLJd6F8Us5YcpNdK8AEzf0X,7fb17236715b164ed258e06d2640d6ad,2022-07-18T15-36 [exporttegus@gmail.com] Boletín Estadístico IHCAFE al 18 de Julio de 2022.pdf,2026-02-26T09:42:00.112210+00:00
16Yy0MXOJeW66-cURPq7hTcpnqWntfCUq,8ab5dc856efb99c98f89da9c38ca5065,2022-07-11T14-00 [exporttegus@gmail.com] Boletín Estadístico IHCAFE al 11 de Julio de 2022.pdf,2026-02-26T09:42:00.112210+00:00
1hpKiXzifTB4y7ovc_n6e7WjfOYuKt5mq,f7e436e5b6382fb1f52b31af9e51555a,2022-07-15T14-00 [exporttegus@gmail.com] Boletín Estadístico IHCAFE al 15 de Julio de 2022.pdf,2026-02-26T09:42:00.112210+00:00
1oobff8_D8Nj3UmKtK8LEA6IbMjQfQmCh,009afa9f1bbdef77bb754ab2b0b5d83a,2022-07-08T13-55 [exporttegus@gmail.com] Boletín Estadístico IHCAFE al 08 de Julio de 2022.pdf,2026-02-26T09:42:00.112210+00:00
110bm7dwAIS41IeNptcF3OACcsjFdT0-K,49c43e66211b40cd83c200414f4d795d,2022-07-12T18-00 [exporttegus@gmail.com] Boletín Estadístico IHCAFE al 12 de Julio de 2022.pdf,2026-02-26T09:42:00.112210+00:00
1BQ3KWlEVNR29KzC6GnQEeVCpmN_-BOB7,69da3bf2c00d886ff288a64c154316c9,2022-07-13T14-00 [exporttegus@gmail.com] Boletín Estadístico IHCAFE al 13 de Julio de 2022.pdf,2026-02-26T09:42:00.112210+00:00
1FJ_iBhEpYVGMQAn4TTw3Jr586BEnrZfs,7ae6315d7b87134d43f82f9a8f57c6d1,2022-07-06T14-00 [exporttegus@gmail.com] Boletín Estadístico IHCAFE al 06 de Julio de 2022.pdf,2026-02-26T09:42:00.112210+00:00
1wuC3taR_4UV9nCsbM704NOROcBlNBISg,c8e1c5c8b80ca4d7690d3212e1d344b9,2022-07-01T14-00 [exporttegus@gmail.com] Boletín Estadístico IHCAFE al 01 de Julio de 2022.pdf,2026-02-26T09:42:00.112210+00:00
1A8qsQ2ALBZgYlvn8DCB_vK8KMt-W962D,1f2d3042f37b57534940082661ceff80,2022-07-07T14-00 [exporttegus@gmail.com] Boletín Estadístico IHCAFE al 07 de Julio de 2022.pdf,2026-02-26T09:42:00.112210+00:00
18C8RpQDiwCW8ZanNmfbiQ-rhrfgnbu63,42ea26674ad75610a58245d4f8ab488d,2022-07-04T14-00 [exporttegus@gmail.com] Boletín Estadístico IHCAFE al 04 de Julio de 2022.pdf,2026-02-26T09:42:00.112210+00:00
1mtulIhCovVzE9j_8asikCFYw9mwCGoPt,2c8b2db2df496572df7ada65e168c58e,2022-06-30T14-00 [exporttegus@gmail.com] Boletín Estadístico IHCAFE al 30 de Junio de 2022.pdf,2026-02-26T09:42:00.112210+00:00
1QxBCK0Kpz3b0vZIDkfN-FUgiypOtofOQ,0ead045d2d09be591dcf428035a5596f,2022-07-05T14-00 [exporttegus@gmail.com] Boletín Estadístico IHCAFE al 05 de Julio de 2022.pdf,2026-02-26T09:42:00.112210+00:00
1vXiRbIxctIIfByreYB5lJGzSs4Ro1mZv,f74edff110aeedddbc959bbf14f8143b,2022-06-28T14-00 [exporttegus@gmail.com] Boletín Estadístico IHCAFE al 28 de Junio de 2022.pdf,2026-02-26T09:42:00.112210+00:00
1DjNwu4hlI3kQ09I1HIIyxbezuNPU5pDr,a1b2d65022f126da57831e11667808cf,2022-06-29T14-00 [exporttegus@gmail.com] Boletín Estadístico IHCAFE al 29 de Junio de 2022.pdf,2026-02-26T09:42:00.112210+00:00
1TvJIF1nAagcaa-PuZ6nNflHqPNA_Gm9t,f091cebaea6f1c7c0eeb5b946a8d7e01,2022-06-22T14-00 [exporttegus@gmail.com] Boletín Estadístico IHCAFE al 22 de Junio de 2022.pdf,2026-02-26T09:42:00.112210+00:00
1lhpB6l_dHskA2ZNIO1xZu0o9JUZ-JA7t,4f43ed9396beeaaae9fc5f7d1afdbd2b,2022-06-23T14-00 [exporttegus@gmail.com] Boletín Estadístico IHCAFE al 23 de Junio de 2022.pdf,2026-02-26T09:42:00.112210+00:00
1gtKJzJneHHZ1R3aP7dlmA1_5fD98zc0l,18efc40092f2b1fb8a36c70349e8de7d,2022-06-24T14-00 [exporttegus@gmail.com] Boletín Estadístico IHCAFE al 24 de Junio de 2022.pdf,2026-02-26T09:42:00.112210+00:00
14w6hojpZVkuL_-XLMQ19hXppUUz9mN3Y,76cc8ff977d0ecfe8bdbf0ce0beaac0c,2022-06-27T14-00 [exporttegus@gmail.com] Boletín Estadístico IHCAFE al 27 de Junio de 2022.pdf,2026-02-26T09:42:00.112210+00:00
14TnCf7x4xe-71TVySM_T3P3lDyB6PrxQ,6d21111a63d80b751d6fc3ddf0225c5d,2022-06-20T15-10 [exporttegus@gmail.com] Boletín Estadístico IHCAFE al 20 de Junio de 2022.pdf,2026-02-26T09:42:00.112210+00:00
1QKiPMTQrsRxw42sqPPEO27mxt2sQoMBx,4c169e2a9161348c4c0f0d24596e5cf6,2022-06-16T14-00 [exporttegus@gmail.com] Boletín Estadístico IHCAFE al 16 de Junio de 2022.pdf,2026-02-26T09:42:00.112210+00:00
16lMijMweiUYqctz3Kg8gIFk1xdsF0Q35,88915e0aee93f37aa45d5aae69e5e5d4,2022-06-17T14-00 [exporttegus@gmail.com] Boletín Estadístico IHCAFE al 17 de Junio de 2022.pdf,2026-02-26T09:42:00.112210+00:00
1K9eCVEGz7XjFIr5uEssq3x3cEgDcphQo,f57d41ad8c8cb3733530a295bc08a44c,2022-06-10T14-00 [exporttegus@gmail.com] Boletín Estadístico IHCAFE al 10 de Junio de 2022.pdf,2026-02-26T09:42:00.112210+00:00
1e_dHSMcJI7wNioTLay2kBschbkjthv_0,0d5b597c10cebf7b64ee4f8f4555a232,2022-06-14T14-00 [exporttegus@gmail.com] Boletín Estadístico IHCAFE al 14 de Junio de 2022.pdf,2026-02-26T09:42:00.112210+00:00
1B__aTrbh8dq7KDfZxGLViJK91NyP6UbI,39ee07a69dd0729c77a6a46b2f9a95c7,2022-06-15T14-00 [exporttegus@gmail.com] Boletín Estadístico IHCAFE al 15 de Junio de 2022.pdf,2026-02-26T09:42:00.112210+00:00
1kMzKST68YXFqKaiDayECzcuOO98rhHSy,07483b3cd0a40fd347ca3e2f2e0eb4c6,2022-06-13T14-00 [exporttegus@gmail.com] Boletín Estadístico IHCAFE al 13 de Junio de 2022.pdf,2026-02-26T09:42:00.112210+00:00
1ydJB7lM8HOWDb4CjhlXuniU2b2Uew4kK,f873162402d27bdbefdf37650313a240,2022-06-08T14-00 [exporttegus@gmail.com] Boletín Estadístico IHCAFE al 08 de Junio de 2022.pdf,2026-02-26T09:42:00.112210+00:00
1EN0h8KEezyxOL1hkXxG8UaRjmF68ktAt,43b070c3831df998557aacb0fbc23ef4,2022-06-07T14-00 [exporttegus@gmail.com] Boletín Estadístico IHCAFE al 7 de Junio de 2022.pdf,2026-02-26T09:42:00.112210+00:00
1KDMi4WKyO05PG2Ldjzh1eL-WjaBI_lLn,6f706abf144cf8ce033eae020d4129a2,2022-06-06T14-00 [exporttegus@gmail.com] Boletín Estadístico IHCAFE al 06 de Junio de 2022.pdf,2026-02-26T09:42:00.112210+00:00
1reOOuIKzdjnqE79-9Nlng8GVptdgqDnf,129016b31f1f2469be620a5e71cda3ed,2022-05-30T14-00 [exporttegus@gmail.com] Boletín Estadístico IHCAFE al 30 de Mayo de 2022.pdf,2026-02-26T09:42:00.112210+00:00
1_yWtjzERHhKUuAsGjvQIjH6dBC7PBAft,15331ef3aeec5bef27ff613fb0f367c2,2022-06-03T14-00 [exporttegus@gmail.com] Boletín Estadístico IHCAFE al 03 de Junio de 2022.pdf,2026-02-26T09:42:00.112210+00:00
1hSWkbvSOqkNLm1fTAKRfdGqsIHgnvZLb,231b244e042a0f1fb8c18ece4cfd893c,2022-06-02T14-00 [exporttegus@gmail.com] Boletín Estadístico IHCAFE al 02 de Junio de 2022.pdf,2026-02-26T09:42:00.112210+00:00
1qvdP12gcDxlNWplbMFH6i-dWV4T6kKSX,5e70bb04ca40056d60960aa69785f4ee,2022-05-31T14-00 [exporttegus@gmail.com] Boletín Estadístico IHCAFE al 31 de Mayo de 2022.pdf,2026-02-26T09:42:00.112210+00:00
1o49237zC2znQIc1A6OSlXIfLad7mnQ9G,73ef347088c786b11210cc0d56d6998b,2022-06-01T14-00 [exporttegus@gmail.com] Boletín Estadístico IHCAFE al 01 de Junio de 2022.pdf,2026-02-26T09:42:00.112210+00:00
16k7QaTvES7fm2gT7KPJBKFuNnhnKN-9W,2d05b72b4b4e4be6a1be50fe88ab98c1,2022-05-27T18-00 [exporttegus@gmail.com] Boletín Estadístico IHCAFE al 27 de Mayo de 2022.pdf,2026-02-26T09:42:00.112210+00:00
15mzB8s0tzePo8JrMPFSOfmXeARaTjPij,0a6d10d9dba1d5d3bb0725b181327fa6,2022-05-25T14-00 [exporttegus@gmail.com] Boletín Estadístico IHCAFE al 25 de Mayo de 2022.pdf,2026-02-26T09:42:00.112210+00:00
12Mhrmz9ugrAh-za6xw-7QNp-vNuQcA5a,5a8c26b855ede87a30579882c91df9ce,2022-05-26T14-00 [exporttegus@gmail.com] Boletín Estadístico IHCAFE al 26 de Mayo de 2022.pdf,2026-02-26T09:42:00.112210+00:00
10_clULskYen0jgvX9zcdiN0i1Lqq6De4,2698810dd4617007d6954bf5bfef439a,2022-05-20T14-00 [exporttegus@gmail.com] Boletín Estadístico IHCAFE al 20 de Mayo de 2022.pdf,2026-02-26T09:42:00.112210+00:00
1O_mPzS6vTTer6NaN_phmm7zb5nG5gkDd,adc27fff97e0c05b404edb0a3149905f,2022-05-24T14-00 [exporttegus@gmail.com] Boletín Estadístico IHCAFE al 24 de Mayo de 2022.pdf,2026-02-26T09:42:00.112210+00:00
1n6JsvZu6PqIf8jVAzCwHU6SKxgOj8rZl,9fb491f905b3a91d989be8c944cca3b6,2022-05-18T15-07 [exporttegus@gmail.com] Boletín Estadístico IHCAFE al 18 de Mayo de 2022.pdf,2026-02-26T09:42:00.112210+00:00
1e2O5G9T-_s9g8h1QWkUr6ELMMW7JvBP4,dc12abdb24161f627cc27adc2117ee13,2022-05-23T14-00 [exporttegus@gmail.com] Boletín Estadístico IHCAFE al 23 de Mayo de 2022.pdf,2026-02-26T09:42:00.112210+00:00
1UBHxY8AcCaytyJpiXQqAwC5RD9OtKXk9,4e92d4038dbdd2730798846cc65c1834,2022-05-19T14-00 [exporttegus@gmail.com] Boletín Estadístico IHCAFE al 19 de Mayo de 2022.pdf,2026-02-26T09:42:00.112210+00:00
1AypH4Kra9c8LYYIKyaGc7Z5vkGfVjW9m,c892c5b043c35396e704571ab247828a,2022-05-17T14-08 [exporttegus@gmail.com] Boletín Estadístico IHCAFE al 17 de Mayo de 2022.pdf,2026-02-26T09:42:00.112210+00:00
1eV9Z1Vf3WxBwG60n9FZefIODNj6TM49C,324f57175aa048df1f66395ef36d5623,2022-05-16T14-00 [exporttegus@gmail.com] Boletín Estadístico IHCAFE al 16 de Mayo de 2022.pdf,2026-02-26T09:42:00.112210+00:00
1OmWWypYnJoAVDd8OrO7eGT1kCxSDWfuC,02fb67b152ba52b3d4a80cb4334951cb,2022-05-12T14-00 [exporttegus@gmail.com] Boletín Estadístico IHCAFE al 12 de Mayo de 2022.pdf,2026-02-26T09:42:00.112210+00:00
1Ak6rSgHAUcM5b89YcbDGn808LeuVXIhS,4237e44b5cf59b43408a9ad0ff4e3f53,2022-05-11T14-00 [exporttegus@gmail.com] Boletín Estadístico IHCAFE al 11 de Mayo de 2022.pdf,2026-02-26T09:42:00.112210+00:00
19ATCizBqeHQ2m2ybYnbCRr8ZdAMutAuE,ce84d91fc978e481d502a0d291bd1f2c,2022-05-10T14-00 [exporttegus@gmail.com] Boletín Estadístico IHCAFE al 10 de Mayo de 2022.pdf,2026-02-26T09:42:00.112210+00:00
1oyjT3STp06xCNP47q1tumNVjhmoSsFou,39a04b5ae92b8758c8aa8c4f9b799894,2022-05-06T14-00 [exporttegus@gmail.com] Boletín Estadístico IHCAFE al 06 de Mayo de 2022.pdf,2026-02-26T09:42:00.112210+00:00
1MU_mnJQhKQXedvp5sZLdqiJW7Mylw35H,1db69509f872507d26ecfa2c88568f9a,2022-05-13T14-00 [exporttegus@gmail.com] Boletín Estadístico IHCAFE al 13 de Mayo de 2022.pdf,2026-02-26T09:42:00.112210+00:00
1JtDnPSGtI9fZB4HijJTCZ4NpjPpX3J8k,8f9362bb9f000792468da2177b0c0748,2022-05-05T14-00 [exporttegus@gmail.com] Boletín Estadístico IHCAFE al 05 de Mayo de 2022.pdf,2026-02-26T09:42:00.112210+00:00
1ljidWLgy6VrTNGsKI5TGPeGE9CLs9HI4,d85d1226fade0409556cf4e5a4db5f20,2022-05-04T14-00 [exporttegus@gmail.com] Boletín Estadístico IHCAFE al 04 de Mayo de 2022.pdf,2026-02-26T09:42:00.112210+00:00
1ejH3eq0CamKV4tc1WRJAWo0AnDd_lABv,b773b487bf40f0f106645897358a905d,2022-05-03T14-00 [exporttegus@gmail.com] Boletín Estadístico IHCAFE al 03 de Abril de 2022.pdf,2026-02-26T09:42:00.112210+00:00
1V8eFr4iIjw13Cxf-hIiD8--7nmKoAb8z,00fa24ad1ce842cc4e4d279a1f3785cd,2022-05-02T14-26 [exporttegus@gmail.com] Boletín Estadístico IHCAFE al 02 de Mayo de 2022.pdf,2026-02-26T09:42:00.112210+00:00
1aPWq56-FuBmaZvC1MeVUICDdBo-cPADD,c06137617abe105bb935a64315984864,2022-04-29T15-00 [exporttegus@gmail.com] Boletín Estadístico IHCAFE al 29 de Abril de 2022.pdf,2026-02-26T09:42:00.112210+00:00
1vNcu3mNA_O6xwpUkWSNdECnae4tXrK0D,820fabf61c8c9afba02d292352e283d8,2022-04-27T14-00 [exporttegus@gmail.com] Boletín Estadístico IHCAFE al 27 de Abril de 2022.pdf,2026-02-26T09:42:00.112210+00:00
1kOn-4uep6gx8zKnBvgLXblWqL1jeJcFE,50c1fac4e586763c2f2b989fe314b277,2022-04-28T14-00 [exporttegus@gmail.com] Boletín Estadístico IHCAFE al 28 de Abril de 2022.pdf,2026-02-26T09:42:00.112210+00:00
1knatoqUJZX8d9jIT9k3jjSdPo0Llup8a,69969fa9779f8048939941df988c9835,2022-04-26T14-00 [exporttegus@gmail.com] Boletín Estadístico IHCAFE al 26 de Abril de 2022.pdf,2026-02-26T09:42:00.112210+00:00
1gaSUdZ6aCFyRp__S5algqzlWsrklGR-e,a8e34924be16cf39b72c139ec14b14ce,2022-04-25T14-00 [exporttegus@gmail.com] Boletín Estadístico IHCAFE al 25 de Abril de 2022.pdf,2026-02-26T09:42:00.112210+00:00
165hCEgwXbSReuWJvlylfG-hQpTcngAc8,8ffd5d88b288264b3906857495f7acb1,2022-04-21T14-00 [exporttegus@gmail.com] Boletín Estadístico IHCAFE al 21 de Abril de 2022.pdf,2026-02-26T09:42:00.112210+00:00
1ZDNqyUFwoX6DsDYgugia4_soWxaCuCe3,4ac0cb22af75c99345b0f6eaff736a2c,2022-04-22T15-00 [exporttegus@gmail.com] Boletín Estadístico IHCAFE al 22 de Abril de 2022.pdf,2026-02-26T09:42:00.112210+00:00
1gfm35qcMru0pojUceJFUwc10E_mqPOeu,1c2bb1ca8610e43da9a0c01fff534380,2022-04-20T14-00 [exporttegus@gmail.com] Boletín Estadístico IHCAFE al 20 de Abril de 2022.pdf,2026-02-26T09:42:00.112210+00:00
1bVR0Kz7MapD_cCk1qn4_AFmujjnKk1m0,8be2fea06aa491ad30c63cb7ebe53769,2022-04-18T14-00 [exporttegus@gmail.com] Boletín Estadístico IHCAFE al 18 de Abril de 2022.pdf,2026-02-26T09:42:00.112210+00:00
1eSFd1dfJY22yq8OxYpGhfVIp1s5gkkDk,1c6f01e58e0574b28336010fd920d055,2022-04-19T13-58 [exporttegus@gmail.com] Boletín Estadístico IHCAFE al 19 de Abril de 2022.pdf,2026-02-26T09:42:00.112210+00:00
1XsFGci1hkF4lKcmfhGMgrW0qqOBCIylv,d9d325863741162b0cac0cce6999d2f6,2022-04-12T14-00 [exporttegus@gmail.com] Boletín Estadístico IHCAFE al 12 de Abril de 2022.pdf,2026-02-26T09:42:00.112210+00:00
1uSLZHmtvT6iMubNjm9QToUkkJsERghOj,c9286930fe134ccb5b1cb67818870924,2022-04-11T14-00 [exporttegus@gmail.com] Boletín Estadístico IHCAFE al 11 de Abril de 2022.pdf,2026-02-26T09:42:00.112210+00:00
18e-bVlv41-hZ8Xfyurjh_N0dd-8-xUK7,7fbef00053e69fab06248d9d77345040,2022-04-08T14-00 [exporttegus@gmail.com] Boletín Estadístico IHCAFE al 08 de Abril de 2022.pdf,2026-02-26T09:42:00.112210+00:00
1DZFd2EO3WyKRNmSWfcHlyrrrvtx5GUbU,2f7b76a6dddd7253160314feae3fac36,2022-04-05T15-05 [exporttegus@gmail.com] Boletín Estadístico IHCAFE al 05 de Abril de 2022.pdf,2026-02-26T09:42:00.112210+00:00
1PLX5-KrtevR5gS4GiqzU1S6bJPES_Sd2,466373fd25341adf8040ce2c6e519eb2,2022-04-04T14-50 [exporttegus@gmail.com] Boletín Estadístico IHCAFE al 04 de Abril de 2022.pdf,2026-02-26T09:42:00.112210+00:00
18HqdLUA292Y86ggLD6Pr-AePJ63YxM5M,d43ae1ae02eda47583e887ddeaf73d31,2022-04-07T15-00 [exporttegus@gmail.com] Boletín Estadístico IHCAFE al 07 de Abril de 2022.pdf,2026-02-26T09:42:00.112210+00:00
1FiJcFX1EAmddfqBhp3IP4UYseFoHZr7y,cd34b5e32de03da028e93a4a3aa8d958,2022-04-01T14-05 [exporttegus@gmail.com] Boletín Estadístico IHCAFE al 01 de Abril de 2022.pdf,2026-02-26T09:42:00.112210+00:00
1hLNc0ggn06YPsbd_rUYYrhYDZLUbUGyi,00cd6d0caa5df0d079ed001b4545793f,2022-03-31T14-33 [exporttegus@gmail.com] Boletín Estadístico IHCAFE al 31 de Marzo de 2022.pdf,2026-02-26T09:42:00.112210+00:00
1EbhD8fG1myfSjI-ocyKDMhqPM6lRYfr4,7a85cc5cc4a683da9dc3efea3b844817,2022-03-30T13-57 [exporttegus@gmail.com] Boletín Estadístico IHCAFE al 30 de Marzo de 2022.pdf,2026-02-26T09:42:00.112210+00:00
1fh13I25j5tONqIycglBX-9MVuldgzNPq,9f6ec4a26a515080a0d729fde1d89aae,2022-03-23T15-00 [exporttegus@gmail.com] Boletín Estadístico IHCAFE al 23 de Marzo de 2022.pdf,2026-02-26T09:42:00.112210+00:00
1DE4v5OomZeFRNmEu8BPL5Zd9ndOZq_c3,2b447fb2b657b2df9ba51dc712655b56,2022-03-24T15-00 [exporttegus@gmail.com] Boletín Estadístico IHCAFE al 24 de Marzo de 2022.pdf,2026-02-26T09:42:00.112210+00:00
1LddnJahFEP9riZtMpMk_lPLSMWFkeVzL,1034df7370b93a58b45e2f31a9358591,2022-03-25T15-00 [exporttegus@gmail.com] Boletín Estadístico IHCAFE al 25 de Marzo de 2022.pdf,2026-02-26T09:42:00.112210+00:00
1ZfCp7-taPPWI6OymMim3M1PPKcvG51sz,733c5c45d9f7a4306d34ef5d8f601d5d,2022-03-22T15-00 [exporttegus@gmail.com] Boletín Estadístico IHCAFE al 22 de Marzo de 2022.pdf,2026-02-26T09:42:00.112210+00:00
1Xuz0DBdQ9MFlxOo3ejBgEQZut5TnMPMF,cb2ba67720cf601eae32daae6c065cde,2022-03-21T15-01 [exporttegus@gmail.com] Boletín Estadístico IHCAFE al 21 de Marzo de 2022.pdf,2026-02-26T09:42:00.112210+00:00
10dqP9IlW-9R9tHt59ynGHKFFENiKO8pU,a91268fd50c88e3b239be558b54fc81f,2022-03-18T14-00 [exporttegus@gmail.com] Boletín Estadístico IHCAFE al 18 de Marzo de 2022.pdf,2026-02-26T09:42:00.112210+00:00
1nbwD_iMLAh0DPQwTiWkmpY5r52l3f9UV,3bd290f07a7b1fa80ed643a2a5f3399a,2022-03-16T14-00 [exporttegus@gmail.com] Boletín Estadístico IHCAFE al 16 de Marzo de 2022.pdf,2026-02-26T09:42:00.112210+00:00
1UCvEfxGr5fO7c-w7h8K9BZsHiU5U29-G,48c4295db9ec376c97776d5265dcac36,2022-03-15T15-00 [exporttegus@gmail.com] Boletín Estadístico IHCAFE al 15 de Marzo de 2022.pdf,2026-02-26T09:42:00.112210+00:00
1k93uE_YrlJvXErp52YxJ8Tvn89egekBR,27715b5b49aeecae7c32da0feb3b9f57,2022-03-14T15-00 [exporttegus@gmail.com] Boletín Estadístico IHCAFE al 14 de Marzo de 2022.pdf,2026-02-26T09:42:00.112210+00:00
1KWZqT9AqIYy8-X4DGxq0Yr_nX-CJWudm,4370d200e54429c29497906b1781a287,2022-03-17T14-36 [exporttegus@gmail.com] Boletín Estadístico IHCAFE al 17 de Marzo de 2022.pdf,2026-02-26T09:42:00.112210+00:00
1nIlt3vx6FYQE6lNpgShh6JD0ZLsr7BKB,60730c6e6d901e290f0670265baf9f06,2022-03-10T13-59 [exporttegus@gmail.com] Boletín Estadístico IHCAFE al 10 de Marzo de 2022.pdf,2026-02-26T09:42:00.112210+00:00
1QulExDOTUV5WUtvOM18q6sn1nLGiLGOP,1fe6a69a0abd98f2dd66594d88e30e25,2022-03-11T14-00 [exporttegus@gmail.com] Boletín Estadístico IHCAFE al 11 de Marzo de 2022.pdf,2026-02-26T09:42:00.112210+00:00
1WlTq7XL_bjUYfdaL8Tp1RamPZEJrQtVg,61eb9ef4a874139c5e608a1811bd44bf,2022-03-08T14-10 [exporttegus@gmail.com] Boletín Estadístico IHCAFE al 08 de Marzo de 2022.pdf,2026-02-26T09:42:00.112210+00:00
1n9cNMlQMIVNYkDBbJvcHfxw2zXrZ6y52,1e58eeda7ebb9b1e809d050e965e9ed8,2022-03-09T14-00 [exporttegus@gmail.com] Boletín Estadístico IHCAFE al 09 de Marzo de 2022.pdf,2026-02-26T09:42:00.112210+00:00
1zQVYwIZh3YRm6N9vDLKhOnsHdn7UW_9A,8524383d1056fec2b1c7282346061ae4,2022-03-04T14-00 [exporttegus@gmail.com] Boletín Estadístico IHCAFE al 04 de Marzo de 2022.pdf,2026-02-26T09:42:00.112210+00:00
1nMoSO4UecuHImO2iMmF6QBabZbIg72CJ,452d6b060f580d41fc58a34f5a78274a,2022-03-07T14-00 [exporttegus@gmail.com] Boletín Estadístico IHCAFE al 07 de Marzo de 2022.pdf,2026-02-26T09:42:00.112210+00:00
1S5LPX57W2v2CmAYL-2AE2xokl-yXCUlI,75fb38d3910720e8432191be7b719a48,2022-03-03T14-00 [exporttegus@gmail.com] Boletín Estadístico IHCAFE al 03 de Marzo de 2022.pdf,2026-02-26T09:42:00.112210+00:00
1KQLWYNLmx8nH4hyradlnXEf2DV858B-Z,7d2eb3bc68b6ba247dfd33fdcaa2aeee,2022-03-01T14-00 [exporttegus@gmail.com] Boletín Estadístico IHCAFE al 01 de Marzo de 2022.pdf,2026-02-26T09:42:00.112210+00:00
1qQMtdBvcsS96OJAQayLZxQcPGWS6t73a,402fdae634d59366980a9becb5ae17f0,2022-02-25T14-00 [exporttegus@gmail.com] Boletín Estadístico IHCAFE al 25 de Febrero de 2022.pdf,2026-02-26T09:42:00.112210+00:00
1CHTyfZidrGx6UaK9QAJZGQI4dmkQBG-J,fc50e4a918574d448b62169b1d3b9088,2022-02-28T14-08 [exporttegus@gmail.com] Boletín Estadístico IHCAFE al 28 de Febrero de 2022.pdf,2026-02-26T09:42:00.112210+00:00
1Yiu9w7PFMmEkGkG7Gbs47osvWoRd93e1,d59814c5965dcb530e646404afcd3081,2022-02-24T14-00 [exporttegus@gmail.com] Boletín Estadístico IHCAFE al 24 de Febrero de 2022.pdf,2026-02-26T09:42:00.112210+00:00
1TWSzhFvlzynawkgPpi1X2Wl_-rsesHVm,13015d9f07b2605bc14fec6f49b5b89c,2022-02-23T14-00 [exporttegus@gmail.com] Boletín Estadístico IHCAFE al 23 de Febrero de 2022.pdf,2026-02-26T09:42:00.112210+00:00
114lHmmW_Bk0_0bWcBQFAduCr9CHu6Iq0,fa9c7e011f1e06c32b35cc6b73538659,2022-02-21T14-00 [exporttegus@gmail.com] Boletín Estadístico IHCAFE al 21 de Febrero de 2022.pdf,2026-02-26T09:42:00.112210+00:00
16L7EhI846Eeis7MCJReMM0PclMr896Wr,d212304b6ada4ce3533b2b6f1a804ac7,2022-02-22T14-00 [exporttegus@gmail.com] Boletín Estadístico IHCAFE al 22 de Febrero de 2022.pdf,2026-02-26T09:42:00.112210+00:00
1wsOGy1Q57joVMYlLSvRi9uAGlx-_IttR,f24582a26a545833570e70f7e59ccea8,2022-02-17T14-00 [exporttegus@gmail.com] Boletín Estadístico IHCAFE al 17 de Febrero de 2022.pdf,2026-02-26T09:42:00.112210+00:00
125LAlHiK3Y7sCb9krvBa5bczgLX8eFmC,db626ec0dfbe7f599d3c75fa92abb614,2022-02-18T14-00 [exporttegus@gmail.com] Boletín Estadístico IHCAFE al 18 de Febrero de 2022.pdf,2026-02-26T09:42:00.112210+00:00
1vDTcyEN2b2z6L-cvDFJtx2FrwKZVVO0V,4b2c6c0305f24af4a4fb62fe45685d9e,2022-02-15T14-00 [exporttegus@gmail.com] Boletín Estadístico IHCAFE al 15 de Febrero de 2022.pdf,2026-02-26T09:42:00.112210+00:00
1zg9jNBbpiYjkuF_plxn1twc6mzTqCyGR,0cc3d3b49a49c0066b69cfce4a3aac29,2022-02-16T14-00 [exporttegus@gmail.com] Boletín Estadístico IHCAFE al 16 de Febrero de 2022.pdf,2026-02-26T09:42:00.112210+00:00
1MuQqAHjNXAGox05EzU2KxrO-S3LjHOIJ,338c75027706996e8061f5e47aa0f0c8,2022-02-10T14-00 [exporttegus@gmail.com] Boletín Estadístico IHCAFE al 10 de Febrero de 2022.pdf,2026-02-26T09:42:00.112210+00:00
1BqK2h6ailNZpVukUnxZ3tncyMF5Y4PON,ee23a3b931e301aaea5d7a5d59964f0e,2022-02-14T14-00 [exporttegus@gmail.com] Boletín Estadístico IHCAFE al 14 de Febrero de 2022.pdf,2026-02-26T09:42:00.112210+00:00
1c97PXsI7kfqUtqmjPR8oIHmKMIPn14BT,664741ff2508ca6cb6fc1ff82faef49d,2022-02-11T14-00 [exporttegus@gmail.com] Boletín Estadístico IHCAFE al 11 de Febrero de 2022.pdf,2026-02-26T09:42:00.112210+00:00
17UQfU6hU7REY2Gt7MfqiOY4JQlDNrKaL,271151311d5f8288539330f66dfde04f,2022-02-09T14-45 [exporttegus@gmail.com] Boletín Estadístico IHCAFE al 22 de Febrero de 2022.pdf,2026-02-26T09:42:00.112210+00:00
1M1qcgzDgv43CNqkCTk-7qOVoaeqadfts,9bfe3cf617ef4f250a862917c14f1d1c,2022-02-08T13-58 [exporttegus@gmail.com] Boletín Estadístico IHCAFE al 08 de Febrero de 2022.pdf,2026-02-26T09:42:00.112210+00:00
1huI2w3uz4Ex2uS2mwXej2ecv7hfJ2Ry3,e73416418959eb10a6249a2015c844f8,2022-02-07T14-00 [exporttegus@gmail.com] Boletín Estadístico IHCAFE al 07 de Febrero de 2022.pdf,2026-02-26T09:42:00.112210+00:00
1O_KGk3XEoMOeywsvI7yCq4DEqGm4eeD1,d8333c4f3940fc9f1e2a403a31abd5ea,2022-02-04T14-00 [exporttegus@gmail.com] Boletín Estadístico IHCAFE al 04 de Febrero de 2022.pdf,2026-02-26T09:42:00.112210+00:00
1VTbROGlBXO78BusxNFyrWPsO9i_ILD0M,46bc7def3235985bef9d77e1283e2162,2022-02-03T14-00 [exporttegus@gmail.com] Boletín Estadístico IHCAFE al 03 de Febrero de 2022.pdf,2026-02-26T09:42:00.112210+00:00
1Vymw1_ARl4bNZDbtjk1kSMB0Bl7aa3rY,7dc9a606d8866f8fa34cbbcd804704d5,2022-02-02T14-00 [exporttegus@gmail.com] Boletín Estadístico IHCAFE al 02 de Febrero de 2022.pdf,2026-02-26T09:42:00.112210+00:00
1IZXyRCRbjuWRsm5u9N_6T2cPBNM6u3Hu,b18dee657ce8946decdd00dc3f135095,2022-02-01T14-00 [exporttegus@gmail.com] Boletín Estadístico IHCAFE al 01 de Febrero de 2022.pdf,2026-02-26T09:42:00.112210+00:00
1KR1-ckdlbyltFYzKip1pRj6NVATR1fTG,78bf9c48e52129863cb8f19f2f8e43cb,2022-01-28T13-59 [exporttegus@gmail.com] Boletín Estadístico IHCAFE al 28 de Enero de 2022.pdf,2026-02-26T09:42:00.112210+00:00
179Fxu3T59wTwO4cLJ8mIobVhS5kZwEzP,e36bbea887e831c637350d625a18b111,2022-01-26T14-22 [exporttegus@gmail.com] Boletín Estadístico IHCAFE al 26 de Enero de 2022.pdf,2026-02-26T09:42:00.112210+00:00
1dtmGkjwbW1j3JMqKEDVioNZAW56DgUcA,249761f178e1548dc6b3050fde06b523,2022-01-24T14-00 [exporttegus@gmail.com] Boletín Estadístico IHCAFE al 24 de Enero de 2022.pdf,2026-02-26T09:42:00.112210+00:00
1--yjhe6jeb5wrorEAggBX_84XUNEpD_s,48d17529514297a49e3280ea0c65918c,2022-01-25T13-59 [exporttegus@gmail.com] Boletín Estadístico IHCAFE al 25 de Enero de 2022.pdf,2026-02-26T09:42:00.112210+00:00
12848FtVq9P581qntdvxiUEmw35GvR2_K,92d3f920c70d655adbb29ea6a536126d,2022-01-31T14-00 [exporttegus@gmail.com] Boletín Estadístico IHCAFE al 31 de Enero de 2022.pdf,2026-02-26T09:42:00.112210+00:00
1DqknR8DOJL-EkzAxwEUFSOKTwUIaeMQ4,44b8aa8a7c961740dd084a960cfe81b0,2022-01-21T14-00 [exporttegus@gmail.com] Boletín Estadístico IHCAFE al 21 de Enero de 2022.pdf,2026-02-26T09:42:00.112210+00:00
11dxQPf1QQCRq1HFl128ewkyehWVGrCYc,9e6500615a36c923b68128f3c5eee467,2022-01-17T14-00 [exporttegus@gmail.com] Boletín Estadístico IHCAFE al 17 de Enero de 2022.pdf,2026-02-26T09:42:00.112210+00:00
1FyAKQfJ69Rw2WYt_cTHTmmPnYmsocW9p,51788184307e8604142065ad8353681d,2022-01-19T13-59 [exporttegus@gmail.com] Boletín Estadístico IHCAFE al 19 de Enero de 2022.pdf,2026-02-26T09:42:00.112210+00:00
1FjqSL069UK8zrAFwxPNcRh6CkkVfXlV6,c720f1fbcf52e8f4359555de3098919b,2022-01-20T14-06 [exporttegus@gmail.com] Boletín Estadístico IHCAFE al 20 de Enero de 2022.pdf,2026-02-26T09:42:00.112210+00:00
1HfhiltrzrFMQnNUCu2_ZNogTuXawYQ3_,9de1d22489674ba6cc03128ead73d167,2022-01-18T14-00 [exporttegus@gmail.com] Boletín Estadístico IHCAFE al 18 de Enero de 2022.pdf,2026-02-26T09:42:00.112210+00:00
1GHKcVe83YrcKTqJ173-xY-NnJMd-pz_Q,31ae2be6b85e02fde4c64db2c1b53226,2022-01-13T14-00 [exporttegus@gmail.com] Boletín Estadístico IHCAFE al 13 de Enero de 2022.pdf,2026-02-26T09:42:00.112210+00:00
1ectbwBABl2mqYm85q-q0eb60bGUCzfmM,1df595e11d0c707533605df7a89595c6,2022-01-12T14-00 [exporttegus@gmail.com] Boletín Estadístico IHCAFE al 12 de Enero de 2022.pdf,2026-02-26T09:42:00.112210+00:00
12Xk584AgoSobG_3GpyNwMJ0jbnkdVpgx,1e9c3e3a60fd1544072cd5a6afc1cde4,2022-01-11T13-58 [exporttegus@gmail.com] Boletín Estadístico IHCAFE al 11 de Enero de 2022.pdf,2026-02-26T09:42:00.112210+00:00
1bggEmUO1kRIvqwTzF4dWoNlX9_HKdQDz,8654d95ddad4fbb8e1daa9f31d0bfe21,2022-01-10T14-00 [exporttegus@gmail.com] Boletín Estadístico IHCAFE al 10 de Enero de 2022.pdf,2026-02-26T09:42:00.112210+00:00
1eeRVmiM9KHbgLj0xfJe4MyJ4ZCX8zRbJ,f8e5109cf810edcb66ac640af3b4fa4d,2022-01-06T14-00 [exporttegus@gmail.com] Boletín Estadístico IHCAFE al 06 de Enero de 2022.pdf,2026-02-26T09:42:00.112210+00:00
1VmhI75XO4AWQmZB6MEErpzbQ04X3xRb5,bef62b589b157a30b86ca675b4648450,2022-01-07T14-00 [exporttegus@gmail.com] Boletín Estadístico IHCAFE al 07 de Enero de 2022.pdf,2026-02-26T09:42:00.112210+00:00
1XMeRQCHqenHdbnv88ckSa2Azss4xh6jq,ba8b846044a3973568da502b7a0419d1,2022-01-04T14-00 [exporttegus@gmail.com] Boletín Estadístico IHCAFE al 04 de Enero de 2022.pdf,2026-02-26T09:42:00.112210+00:00
14lxKvi5nJWXFNpQ7sCqD9cq96eNpRCam,1a9e3083600edc9fe6d4093f8a87ec9b,2022-01-05T14-02 [exporttegus@gmail.com] Boletín Estadístico IHCAFE al 05 de Enero de 2022.pdf,2026-02-26T09:42:00.112210+00:00
1nZheutXw2iLiAZdqWsjDGWuyaQqCzSNj,121cd4ea9b74abb5a444852aec096431,2022-01-03T14-00 [exporttegus@gmail.com] Boletín Estadístico IHCAFE al 03 de Enero de 2022.pdf,2026-02-26T09:42:00.112210+00:00
1qcVESofrMi7099KrhitgdTsxMJZgq2IF,16c102783fa14d086063dfe90cef4e81,2021-12-31T14-00 [exporttegus@gmail.com] Boletín Estadístico IHCAFE al 31 de Diciembre de 2021.pdf,2026-02-26T09:42:00.112210+00:00
19mNt5rAwQFDr2aoLpOQo4lvPSYKms_KU,4ad76fb05422c253c3d886ecf08db47d,2021-12-30T14-00 [exporttegus@gmail.com] Boletín Estadístico IHCAFE al 30 de Diciembre de 2021.pdf,2026-02-26T09:42:00.112210+00:00
1yobmUYHagtjt415NaWZt2IaT-E__x2we,c879e1d3d57c7ee360632ad581e6fcc7,2021-12-29T14-00 [exporttegus@gmail.com] Boletín Estadístico IHCAFE al 29 de Diciembre de 2021.pdf,2026-02-26T09:42:00.112210+00:00
1_R7Xp6DVaZNC-8v5OvJhT9q9eeM_eHo1,5c1ec0b188d6aba9c5e4b2f29a865339,2021-12-27T14-08 [exporttegus@gmail.com] Boletín Estadístico IHCAFE al 27 de Diciembre de 2021.pdf,2026-02-26T09:42:00.112210+00:00
1QODHmcCY2IX1Is2SKLtUSYnftK161Hhi,70a5e10b1087fdbce508d6ba023d8587,2021-12-17T14-07 [exporttegus@gmail.com] Boletín Estadístico IHCAFE al 17 de Diciembre de 2021.pdf,2026-02-26T09:42:00.112210+00:00
1rb9a3Tg3MpotEl0nLn_IuycfvtJmNxyz,6f10b60d544a9479101daa4603b9d792,2021-12-16T14-00 [exporttegus@gmail.com] Boletín Estadístico IHCAFE al 16 de Diciembre de 2021.pdf,2026-02-26T09:42:00.112210+00:00
1kCca9_4izj1FE8SPIj0xLrQuJ_a8iDFE,60999ca19f846d24e7555443c5202b9d,2021-12-28T14-00 [exporttegus@gmail.com] Boletín Estadístico IHCAFE al 28 de Diciembre de 2021.pdf,2026-02-26T09:42:00.112210+00:00
13h0vo5Cc1Mff4crIbyxS9yu9v2zyFKeb,6445a5881b10d10fc56675735ea9bc9a,2021-12-09T14-00 [exporttegus@gmail.com] Boletín Estadístico IHCAFE al 09 de Diciembre de 2021.pdf,2026-02-26T09:42:00.112210+00:00
1hf1m5g9o6jYVTGsCNIJbpxXCsAWpgw9e,a867e043db3d5a398ff0b2b4fe8b0b9e,2021-12-15T14-22 [exporttegus@gmail.com] Boletín Estadístico IHCAFE al 15 de Diciembre de 2021.pdf,2026-02-26T09:42:00.112210+00:00
1A_QDBpUGozAuvPAzL_Yap0SdlvK0ibAC,131c6ff6eea7bd954380662110a71216,2021-12-10T14-00 [exporttegus@gmail.com] Boletín Estadístico IHCAFE al 10 de Diciembre de 2021.pdf,2026-02-26T09:42:00.112210+00:00
1GFKSSOF9EOOuMqZy8gc159vR3iL4hst9,d035315e7fa0bc7e9105454b367c627a,2021-12-14T14-00 [exporttegus@gmail.com] Boletín Estadístico IHCAFE al 14 de Diciembre de 2021.pdf,2026-02-26T09:42:00.112210+00:00
1Pjc-_O0fVfzwKC-_ezsiHk3u1NkVHxZW,74043c759568bf433f4a53b6280b0e89,2021-12-08T14-00 [exporttegus@gmail.com] Boletín Estadístico IHCAFE al 08 de Diciembre de 2021.pdf,2026-02-26T09:42:00.112210+00:00
1Elj3d6lyuF4Vw12mkfmVkaa8ZoKAFveX,31b5a8b243ba599e917d10b80f6bfa8d,2021-12-01T14-00 [exporttegus@gmail.com] Boletín Estadístico IHCAFE al 01 de Diciembre de 2021.pdf,2026-02-26T09:42:00.112210+00:00
1EKLVVUVLm62DNgeJeQf25JHf_d3_0-wL,6c893a04d395928a9037655786052a2a,2021-12-06T14-02 [exporttegus@gmail.com] Boletín Estadístico IHCAFE al 06 de Diciembre de 2021.pdf,2026-02-26T09:42:00.112210+00:00
1u0UwknlsQbRCEJCPz2cLGauuba3XNg66,851c5486161a6ba12e9a5560a58196ce,2021-12-07T14-10 [exporttegus@gmail.com] Boletín Estadístico IHCAFE al 07 de Diciembre de 2021.pdf,2026-02-26T09:42:00.112210+00:00
1D14Vz2XQkNBJXJmgakV-Lr8KkJNIWRtH,1bdc0cbc32df891a007b400c6d992626,2021-11-25T14-00 [exporttegus@gmail.com] Boletín Estadístico IHCAFE al 25 de Noviembre de 2021.pdf,2026-02-26T09:42:00.112210+00:00
1WGjCyJXee4haBJ00ov7nyrFm5XuDp9nQ,fa243ed68f4842ae7f056a0172b1815e,2021-11-30T14-00 [exporttegus@gmail.com] Boletín Estadístico IHCAFE al 30 de Noviembre de 2021.pdf,2026-02-26T09:42:00.112210+00:00
1bR7NuulNk8tF6_D3pwkXOVg14UmZ-_nC,fc6e6292697f4e501bfb99f1227e9b93,2021-11-24T14-00 [exporttegus@gmail.com] Boletín Estadístico IHCAFE al 24 de Septiembre de 2021.pdf,2026-02-26T09:42:00.112210+00:00
1hjV1Qv_aITV3oqs-kTTAJt7xnuJpBcHr,44d04ea2bc188b8a3111a435dc4486e5,2021-11-26T14-03 [exporttegus@gmail.com] Boletín Estadístico IHCAFE al 26 de Noviembre de 2021.pdf,2026-02-26T09:42:00.112210+00:00
1ESkXomi23ka3ucs_r9SMLbiVQ9-9F4_C,185f886a8b2d0e32a1424c96421c9ef3,2021-11-29T13-59 [exporttegus@gmail.com] Boletín Estadístico IHCAFE al 29 de Noviembre de 2021.pdf,2026-02-26T09:42:00.112210+00:00
11YpCJ2NkRyChWgig5FpRLnx-XLhjd6W6,6f95e8f9f110b99d8d1bc242dc830f81,2021-11-23T14-00 [exporttegus@gmail.com] Boletín Estadístico IHCAFE al 23 de Noviembre de 2021.pdf,2026-02-26T09:42:00.112210+00:00
1ZNfQw2O8y_IcKDCJ_Nsd_Pf20neMhWZc,327ec24db2049ced1d476551ffb549f2,2021-11-19T14-00 [exporttegus@gmail.com] Boletín Estadístico IHCAFE al 19 de Noviembre de 2021.pdf,2026-02-26T09:42:00.112210+00:00
1PgNiyFBKkfB8m56QawnDpDku26LFg7w9,eecc799e9e78befac42b095fcddcf12a,2021-11-22T14-00 [exporttegus@gmail.com] Boletín Estadístico IHCAFE al 22 de Noviembre de 2021.pdf,2026-02-26T09:42:00.112210+00:00
1Dn00iHkt5i9KPz0WDqe0BM9fwdREbafB,41202b3a51621f14101ebfe9c884dc5d,2021-11-16T14-07 [exporttegus@gmail.com] Boletín Estadístico IHCAFE al 16 de Noviembre de 2021.pdf,2026-02-26T09:42:00.112210+00:00
1Klv7RCsbE6Rs9it3e-RltJA0MhxXge76,cd04966c2162f7de598fd69225c0de25,2021-11-17T14-21 [exporttegus@gmail.com] Boletín Estadístico IHCAFE al 17 de Noviembre de 2021.pdf,2026-02-26T09:42:00.112210+00:00
1PgLT09LiCTpB-KN9svD-RIgJNJ4baTb1,46d1180ec2c294ce895737f5ee119aad,2021-11-18T14-00 [exporttegus@gmail.com] Boletín Estadístico IHCAFE al 18 de Noviembre de 2021.pdf,2026-02-26T09:42:00.112210+00:00
1voteLsR8koc16Ruc6CAGLQDDdnwE4EEu,9e3659b51db00a31a103801c33498cbb,2021-11-15T14-12 [exporttegus@gmail.com] Boletín Estadístico IHCAFE al 15 de Noviembre de 2021.pdf,2026-02-26T09:42:00.112210+00:00
11YkgmsYrmhyum46zVcryBs9LG9EaT3DM,1bbb437205ba96442b72632fe3a540f4,2021-10-05T15-59 [exporttegus@gmail.com] Boletín Estadístico IHCAFE al 30 de Septiembre de 2021 DATOS PRELIMINARES.pdf,2026-02-26T09:42:00.112210+00:00
12xaG5DST-SrD2mPYSgcANZMJYZ5JhUu8,4f8e00360f7f7037299a157a32d4f0a0,2021-10-04T15-00 [exporttegus@gmail.com] Boletín Estadístico IHCAFE al 30 de Septiembre de 2021 DATOS PRELIMINARES.pdf,2026-02-26T09:42:00.112210+00:00
1v8iTpxp4dHs8aTHyZtuxf0amvY5GpBsv,fbef56f3a0570123c28b34c0836bdce4,2021-09-30T15-00 [exporttegus@gmail.com] Boletín Estadístico IHCAFE al 30 de Septiembre de 2021.pdf,2026-02-26T09:42:00.112210+00:00
1fHLL7zwEBp7R-Pq50TtGlQ7R72ASYQ1A,fea01248b3a3f7b380927c2f4c1a7204,2021-09-24T15-00 [exporttegus@gmail.com] Boletín Estadístico IHCAFE al 24 de Septiembre de 2021.pdf,2026-02-26T09:42:00.112210+00:00
1uyrLBj3B00jlYNZRyd0WDR2QkXDVoZco,ad5bbedc7555def8e39bfcddb758e9d5,2021-09-23T15-00 [exporttegus@gmail.com] Boletín Estadístico IHCAFE al 23 de Septiembre de 2021.pdf,2026-02-26T09:42:00.112210+00:00
1S0MAZxnZgVANvlCBohYayIj-St9zshGY,54f36a0b6e4feea9006e3e31c06ef295,2021-09-29T15-00 [exporttegus@gmail.com] Boletín Estadístico IHCAFE al 29 de Septiembre de 2021.pdf,2026-02-26T09:42:00.112210+00:00
1wOVI1THVolp1_injkFKqi_pIsLQMXZU5,0dc4387dcf8da913611094d9b5ef356a,2021-10-01T15-00 [exporttegus@gmail.com] Boletín Estadístico IHCAFE al 30 de Septiembre de 2021 DATOS PRELIMINARES.pdf,2026-02-26T09:42:00.112210+00:00
10PE-BNmVMir5jhS4kcD8t4JFMtj8BoKx,9f208f37b746216477d29e82eba3e144,2021-09-22T15-00 [exporttegus@gmail.com] Boletín Estadístico IHCAFE al 22 de Septiembre de 2021.pdf,2026-02-26T09:42:00.112210+00:00
1RTiD7E51RzeYHxvMro_ROJU4dKC_10Km,5d32bdc110264feae12139465c7d006d,2021-09-21T15-00 [exporttegus@gmail.com] Boletín Estadístico IHCAFE al 21 de Septiembre de 2021.pdf,2026-02-26T09:42:00.112210+00:00
1UMsjgcX1Og2mE3GqXTbnJ2Hi84UlJEfj,fb1bed99028d22a07811700ecb61c0b2,2021-09-17T15-00 [exporttegus@gmail.com] Boletín Estadístico IHCAFE al 17 de Septiembre de 2021.pdf,2026-02-26T09:42:00.112210+00:00
1cXn_ginVUWZURYTOGo4T22aBxAH8S8uL,2bd2446d099293424839dab8e54625e8,2021-09-20T15-00 [exporttegus@gmail.com] Boletín Estadístico IHCAFE al 20 de Septiembre de 2021.pdf,2026-02-26T09:42:00.112210+00:00
1h7-4ucDFqFZGaZ2dDBYWwe5JPB-AzpHQ,8900a374b98309fb78c7206285cac9c9,2021-09-16T15-00 [exporttegus@gmail.com] Boletín Estadístico IHCAFE al 16 de Septiembre de 2021.pdf,2026-02-26T09:42:00.112210+00:00
1IaA5psivY1eNc1HlEJ7gEhvdNQIoFF6d,253e5fccc4a472710b4dfa5f7568e049,2021-09-10T15-00 [exporttegus@gmail.com] Boletín Estadístico IHCAFE al 10 de Septiembre de 2021.pdf,2026-02-26T09:42:00.112210+00:00
1MDX0OoGdIRR0_oN401z0MjHUEBTL1XFH,020691bcd18c50c4184e17ba8fbb12e5,2021-09-09T17-20 [exporttegus@gmail.com] Boletín Estadístico IHCAFE al 09 de Septiembre de 2021.pdf,2026-02-26T09:42:00.112210+00:00
1hPyMzbbp9f2RgPHKIbgxR-lwgwiDvz_t,06afd2b6b2f14f0959150a411cbd19db,2021-09-14T15-00 [exporttegus@gmail.com] Boletín Estadístico IHCAFE al 14 de Septiembre de 2021.pdf,2026-02-26T09:42:00.112210+00:00
1wPtPnpLWxx83Akbgahxixl3if12LwW4-,b0233767c5018baea9973324eea25c46,2021-09-07T15-00 [exporttegus@gmail.com] Boletín Estadístico IHCAFE al 07 de Septiembre de 2021.pdf,2026-02-26T09:42:00.112210+00:00
1EVDzrHp1HOj1s80B_YFFAMdtuSadJ4pw,8c85465a7e48c0c7e56a50b1e5c22746,2021-09-13T15-00 [exporttegus@gmail.com] Boletín Estadístico IHCAFE al 13 de Septiembre de 2021.pdf,2026-02-26T09:42:00.112210+00:00
1s0sxUc7ku2FIad-VnDvbXLRipGEsa0dI,0498266cba1cbfb04976e31b96750266,2021-09-06T15-00 [exporttegus@gmail.com] Boletín Estadístico IHCAFE al 06 de Septiembre de 2021.pdf,2026-02-26T09:42:00.112210+00:00
12yUKQAJjv93boRjC62VMjnDOhjL4d9Mk,53a2232384b21a5e6e43b97676b690ba,2021-09-03T15-00 [exporttegus@gmail.com] Boletín Estadístico IHCAFE al 03 de Septiembre de 2021.pdf,2026-02-26T09:42:00.112210+00:00
1jkngqzUTwspzAHKUW3mu8Eh0Dj4J94zi,ec4269e2c96907fcb744ed770e77e47e,2021-09-02T15-00 [exporttegus@gmail.com] Boletín Estadístico IHCAFE al 02 de Septiembre de 2021.pdf,2026-02-26T09:42:00.112210+00:00
1QECQusAoeCfy4CTzBbjVH2p6V_NIRffP,d807af2eb26a4a549857da0006ac05c8,2021-08-30T15-00 [exporttegus@gmail.com] Boletín Estadístico IHCAFE al 30 de Agosto de 2021.pdf,2026-02-26T09:42:00.112210+00:00
1YmxpzEXydlfY9PEGO-8OibzygSTEkPjj,f2a61ca8a09ef2f4946d6f6de2ca8cf2,2021-09-01T15-00 [exporttegus@gmail.com] Boletín Estadístico IHCAFE al 01 de Septiembre de 2021.pdf,2026-02-26T09:42:00.112210+00:00
1w9WSX0i8dE1rW2ogRTORzPnGhoLVr3Iy,d451dddf5d1dcc0a4520f061ee511a60,2021-08-26T15-00 [exporttegus@gmail.com] Boletín Estadístico IHCAFE al 26 de Agosto de 2021.pdf,2026-02-26T09:42:00.112210+00:00
1Zfn23EKVNeP4LSXrYrT2oTwJQ2uyylr_,f2a859c3eb1af6f4945d0a22354d8ef9,2021-08-27T15-00 [exporttegus@gmail.com] Boletín Estadístico IHCAFE al 27 de Agosto de 2021.pdf,2026-02-26T09:42:00.112210+00:00
1juBnV2YcAg5iwJ7oX_GAO8UCiH_R4K8o,86158cf3c77bbb98419fac53f8f9083d,2021-08-24T15-00 [exporttegus@gmail.com] Boletín Estadístico IHCAFE al 24 de Agosto de 2021.pdf,2026-02-26T09:42:00.112210+00:00
1CJ5eViQo88-D_MAOVhCVIItEI3GEf5lq,177607c3c6ed2c32b1b481019edcb867,2021-08-18T15-00 [exporttegus@gmail.com] Boletín Estadístico IHCAFE al 18 de Agosto de 2021.pdf,2026-02-26T09:42:00.112210+00:00
1zrGk9Bw-B994Neu8ZkxJuzEHIlIl_Dmn,c71398be58f4dcc3819622b104da1bd7,2021-08-20T15-00 [exporttegus@gmail.com] Boletín Estadístico IHCAFE al 20 de Agosto de 2021.pdf,2026-02-26T09:42:00.112210+00:00
1iQjepjn131GxX-Rtn7QI-QLsTn8-nMgj,d858f2c532f9b80ecc164d820cefee22,2021-08-16T15-00 [exporttegus@gmail.com] Boletín Estadístico IHCAFE al 16 de Agosto de 2021.pdf,2026-02-26T09:42:00.112210+00:00
1xk4_1jhWf3bRdS3qpEGL5vfrK1DR7yCg,7e19a4a547c265297921db45294d882f,2021-08-13T15-00 [exporttegus@gmail.com] Boletín Estadístico IHCAFE al 13 de Agosto de 2021.pdf,2026-02-26T09:42:00.112210+00:00
16l0Jwmbc7SCLpRxmRfkaSw0F3r_Zalt-,8cf7fa140bc0bcd1e635ace2f537ff23,2021-08-12T15-00 [exporttegus@gmail.com] Boletín Estadístico IHCAFE al 12 de Agosto de 2021.pdf,2026-02-26T09:42:00.112210+00:00
1NlCpH8zSEciUsOh9eJm0_UA6_ukk_CtN,3ac921821f1cdc5abed6e8243c956c4b,2021-08-11T15-00 [exporttegus@gmail.com] Boletín Estadístico IHCAFE al 11 de Agosto de 2021.pdf,2026-02-26T09:42:00.112210+00:00
1UTdOpYxC2r9yaXj3uBNIGUzVoMyqaGT5,a699583a8ac47cf78af221d2e577f39d,2021-08-09T15-00 [exporttegus@gmail.com] Boletín Estadístico IHCAFE al 09 de Agosto de 2021.pdf,2026-02-26T09:42:00.112210+00:00
15oTcqCtocD8NjWLMFG8SF4towPqLth5u,2090fa70bc74ad3fcb08a256beae468a,2021-08-02T15-00 [exporttegus@gmail.com] Boletín Estadístico IHCAFE al 02 de Agosto de 2021.pdf,2026-02-26T09:42:00.112210+00:00
1ZhkBe27qMsmkI0Yw7Fk8NUP9auWgYnRN,916aaa8fa2b50c6d31a1a48305fca89d,2021-08-04T15-00 [exporttegus@gmail.com] Boletín Estadístico IHCAFE al 04 de Agosto de 2021.pdf,2026-02-26T09:42:00.112210+00:00
1QqELkCBmqyi7KtBPID84nfxcS4qUJq_B,540d367d31e128e2ffe5599b789e19a8,2021-07-30T15-00 [exporttegus@gmail.com] Boletín Estadístico IHCAFE al 30 de Julio de 2021.pdf,2026-02-26T09:42:00.112210+00:00
1jb03J6Vq3vM1j1mKIhT_xrdW8NyLBJ6d,6cfff8494a5095d03e1c34b187086b10,2021-07-29T15-00 [exporttegus@gmail.com] Boletín Estadístico IHCAFE al 29 de Julio de 2021.pdf,2026-02-26T09:42:00.112210+00:00
1T0uvClXG0bMr81MWCl3yDDtabuVFTyhQ,68e9ac4db468e81d2e69075e04cfd990,2021-07-28T15-00 [exporttegus@gmail.com] Boletín Estadístico IHCAFE al 28 de Julio de 2021.pdf,2026-02-26T09:42:00.112210+00:00
1kZ9exGFfo8-wF8EkhPIqYT-gYH9mZt6x,94163041ad7ce807efbcb82e581aca84,2021-07-27T15-00 [exporttegus@gmail.com] Boletín Estadístico IHCAFE al 27 de Julio de 2021.pdf,2026-02-26T09:42:00.112210+00:00
1V8STg2wHgev6MrpOZtTQiLuMFumAY5p2,b64cc31bc9bd2cde41360405fd8007f2,2021-07-26T15-00 [exporttegus@gmail.com] Boletín Estadístico IHCAFE al 26 de Julio de 2021.pdf,2026-02-26T09:42:00.112210+00:00
1eyCLidaG3KT9n0PamUhOmE1ist2vh5vp,55644ccae15e9acc9eade7d46aa05c8f,2021-07-23T15-00 [exporttegus@gmail.com] Boletín Estadístico IHCAFE al 23 de Julio de 2021.pdf,2026-02-26T09:42:00.112210+00:00
1aZEUtfT1pOlMCITqq_4e7sIxQwAUBY4C,a89e55b75dfe2c17e85d7bbe082d1ff5,2021-07-21T15-00 [exporttegus@gmail.com] Boletín Estadístico IHCAFE 21 de Julio de 2021.pdf,2026-02-26T09:42:00.112210+00:00
1EMc1nR3ZLd1eUjR58IQRMS5PTWgZjKuy,fa54e9efddb1ef811374efc869c4b095,2021-07-22T15-00 [exporttegus@gmail.com] Boletín Estadístico IHCAFE al 22 de Julio de 2021.pdf,2026-02-26T09:42:00.112210+00:00
1rwI97xYJzwK5t8bd_spvdl2KZ5_bArFT,aedcc7728a87965f08c50b887dfa0859,2021-07-20T15-00 [exporttegus@gmail.com] Boletín Estadístico IHCAFE 20 de Julio de 2021.pdf,2026-02-26T09:42:00.112210+00:00
1vb6M5yZy49vY8rifhAe8CykWPcTw1Da4,c4bf3d99aee9a4d1922763ec928841c2,2021-07-14T15-00 [exporttegus@gmail.com] Boletín Estadístico IHCAFE 14 de Julio de 2021.pdf,2026-02-26T09:42:00.112210+00:00
1Bc_Vz_1JKcn7ICu8arx71qUdvKrLnNWS,3960b5f4b008f6b871e2dc551e7350e4,2021-07-19T15-00 [exporttegus@gmail.com] Boletín Estadístico IHCAFE 17 de Julio de 2021.pdf,2026-02-26T09:42:00.112210+00:00
1XnGffvlWfXnQNCA-wrf6MOFHq-yQ5yvx,2824780d87237583093258cba508c0a8,2021-07-16T15-00 [exporttegus@gmail.com] Boletín Estadístico IHCAFE 16 de Julio de 2021.pdf,2026-02-26T09:42:00.112210+00:00
1HOPIjrqHUjadn_YBDE5oppIEpAxvLZeq,f7730d6395f2043d2dfa5dd6c1b02d85,2021-07-15T15-01 [exporttegus@gmail.com] Boletín Estadístico IHCAFE 15 de Julio de 2021.pdf,2026-02-26T09:42:00.112210+00:00
1LRJtcfnzQceGinjr1PCoc8Ei0Ljgcdt4,efaedabde9bee59a14b938e475ffd566,2021-07-13T15-09 [exporttegus@gmail.com] Boletín Estadístico IHCAFE 13 de Julio de 2021.pdf,2026-02-26T09:42:00.112210+00:00
113etxV1g6zpNa2xtmrP06BF2NkYm8oAx,1869b88f2cd7018304f42fb2052f9ebb,2021-07-09T15-00 [exporttegus@gmail.com] Boletín Estadístico IHCAFE 09 de Julio de 2021.pdf,2026-02-26T09:42:00.112210+00:00
1l-wJS8Am_-JiMU8IA41CjahZPY8f0EyI,b7d7d9bf9a6073f9abb43c475215e81f,2021-07-12T15-00 [exporttegus@gmail.com] Boletín Estadístico IHCAFE 12 de Julio de 2021.pdf,2026-02-26T09:42:00.112210+00:00
1s-FwuU-tTZ4EpZ5Uu65De2xxee3cXHki,0c58b2893a556f5628d905aee212fb74,2021-07-07T15-00 [exporttegus@gmail.com] Boletín Estadístico IHCAFE 7 de Julio de 2021.pdf,2026-02-26T09:42:00.112210+00:00
1nZjhzMUsLXKkjLOtK1l_NeI18nA8yG7r,f50f582453a747b092c06ed12107dfc8,2021-07-08T15-00 [exporttegus@gmail.com] Boletín Estadístico IHCAFE 08 de Julio de 2021.pdf,2026-02-26T09:42:00.112210+00:00
1cKNTWKxlfNKJ9-1tJSG7DqWtSHVvQSRY,55e8c03eec6329f19e0d1875698c0a0b,2021-07-05T14-00 [exporttegus@gmail.com] Boletín Estadístico IHCAFE 05 de Julio de 2021.pdf,2026-02-26T09:42:00.112210+00:00
1uT_CuuM6sLtoIIGjeNuWqKf_GHmZ4KN_,4635898c6286847ed6605f84d4f15cf2,2021-07-06T15-00 [exporttegus@gmail.com] Boletín Estadístico IHCAFE 06 de Julio de 2021.pdf,2026-02-26T09:42:00.112210+00:00
16ITCfX8P_QulDIli4_3EMCSbj6q4whRC,9ab5960ec304a762baa3ee62c4556259,2021-07-02T15-00 [exporttegus@gmail.com] Boletín Estadístico IHCAFE 02 de Julio de 2021.pdf,2026-02-26T09:42:00.112210+00:00
107ej_83qxEHIpznG6smpzDgUe2Kmc3FB,725e561a88695df524692a98b1287de7,2021-06-28T15-00 [exporttegus@gmail.com] Boletín Estadístico IHCAFE 28 de Junio de 2021.pdf,2026-02-26T09:42:00.112210+00:00
1NrfmABGagf9zTVraI84u0qN_9J0C_a_k,e61afc0889eee1785afacbf9bbb1d6f3,2021-07-01T15-00 [exporttegus@gmail.com] Boletín Estadístico IHCAFE 1 de Julio de 2021.pdf,2026-02-26T09:42:00.112210+00:00
14vW8dLdyg1_ZgOMXDz_-uLODihv_9iVu,c8c2e9d328e12460cbf834e2451c0ee9,2021-06-25T15-00 [exporttegus@gmail.com] Boletín Estadístico IHCAFE 25 de Junio de 2021.pdf,2026-02-26T09:42:00.112210+00:00
1n-tl1FW9_GwTM23ui6SXodGIgO9b9lca,f62ea3eab89ad46dff4948ed6ae21e5e,2021-06-23T15-00 [exporttegus@gmail.com] Boletín Estadístico IHCAFE 23 de Junio de 2021.pdf,2026-02-26T09:42:00.112210+00:00
1EIgNuFMnB8iJhw08seoCrdeQGGlOeCbX,703c8e506fb3ee331397c4c9db461d24,2021-06-24T15-00 [exporttegus@gmail.com] Boletín Estadístico IHCAFE 24 de Junio de 2021.pdf,2026-02-26T09:42:00.112210+00:00
1JAbaTo_hHzli-CzVyP54Uq1Xk50css2d,6b6802465fae51e5d37431e105db23c9,2021-06-18T15-00 [exporttegus@gmail.com] Boletín Estadístico IHCAFE 18 de Junio de 2021.pdf,2026-02-26T09:42:00.112210+00:00
1bSpKB92Z47NKXnb11co0GwxHHCBZDshg,1943c2931a26db3d3bee81ce9679d8fb,2021-06-21T15-00 [exporttegus@gmail.com] Boletín Estadístico IHCAFE 21 de Junio de 2021.pdf,2026-02-26T09:42:00.112210+00:00
1SnY2EIqsoyyDItTKX48-665TtZhfr1GK,9ea76929b64237eabaa346cbe8c82365,2021-06-22T15-00 [exporttegus@gmail.com] Boletín Estadístico IHCAFE 22 de Junio de 2021.pdf,2026-02-26T09:42:00.112210+00:00
1_q9_o4r0IzhZ9TX24hz3HJR03Akus7WV,d4a4ad18c8548983e051400772275cfe,2021-06-16T15-00 [exporttegus@gmail.com] Boletín Estadístico IHCAFE 16 de Junio de 2021.pdf,2026-02-26T09:42:00.112210+00:00
1lTeJWglAYtyxcEodAyy6b1qjtWdcGhDs,067433a3de859934b974d3956f99afd9,2021-06-17T14-59 [exporttegus@gmail.com] Boletín Estadístico IHCAFE 17 de Junio de 2021.pdf,2026-02-26T09:42:00.112210+00:00
1hLDYlE_YXQ-c7IHAOTH3vjA5hBeEbm8_,44ade90ac6d670f078caf710bf4ffe1e,2021-06-15T15-00 [exporttegus@gmail.com] Boletín Estadístico IHCAFE 15 de Junio de 2021.pdf,2026-02-26T09:42:00.112210+00:00
1pmIxJx6dJBXhncIVbd5BJV3tSOtMgtJi,a1a1bbbf82de9e9ed00cc2b4370f2870,2021-06-14T15-00 [exporttegus@gmail.com] Boletín Estadístico IHCAFE 14 de Junio de 2021.pdf,2026-02-26T09:42:00.112210+00:00
1WiBhSz_tVokcdi1KTcT9lEOhirmY9n4M,5194a62963924060dedce9df56e24299,2021-06-10T15-00 [exporttegus@gmail.com] Boletín Estadístico IHCAFE 10 de Junio de 2021.pdf,2026-02-26T09:42:00.112210+00:00
1RnebT4gm98t992hBhskTg7xmvDlJs0sE,170c49e5282a827c3f215b60a474ab8b,2021-06-11T15-00 [exporttegus@gmail.com] Boletín Estadístico IHCAFE 17 de Junio de 2021.pdf,2026-02-26T09:42:00.112210+00:00
1COUM83Xy0G8cUTUhefzNnke_zeQzVNtj,c00f36980bf3a5ef8bff00b57052a117,2021-06-09T16-01 [exporttegus@gmail.com] Boletín Estadístico IHCAFE 09 de Junio de 2021.pdf,2026-02-26T09:42:00.112210+00:00
1lCH_ehBvmjeJ7HKPweJqBH9NP05McypK,1500c9a15ad95dfe19df1ee561016b07,2021-06-07T15-00 [exporttegus@gmail.com] Boletín Estadístico IHCAFE 7 de Junio de 2021.pdf,2026-02-26T09:42:00.112210+00:00
1w9sCZqXkQqUoY9kSYlUXEcYxDDYAU-wa,27acd38bd870ebd09723d1f0063be331,2021-06-04T15-00 [exporttegus@gmail.com] Boletín Estadístico IHCAFE 04 de Junio de 2021.pdf,2026-02-26T09:42:00.112210+00:00
1OTc_wQhRV2lNsNNHQiAhf2MbqtDhTgiW,22c022d1c9e2a7a4253999593f570a0f,2021-06-03T15-00 [exporttegus@gmail.com] Boletín Estadístico IHCAFE 03 de Junio de 2021.pdf,2026-02-26T09:42:00.112210+00:00
16ICqrihoSed3Fbc4TN_XirmliR0jVy1s,d6524b3f6f07c44a2a4aa362249be7a6,2021-06-02T15-00 [exporttegus@gmail.com] Boletín Estadístico IHCAFE 02 de Junio de 2021.pdf,2026-02-26T09:42:00.112210+00:00
1lLeXttPzPxqGEe8qRcVF-jfBD70uXv3L,29005b41041a2742a45e9adcabd491ff,2021-05-28T15-00 [exporttegus@gmail.com] Boletín Estadístico IHCAFE 28 de Mayo de 2021.pdf,2026-02-26T09:42:00.112210+00:00
1C-4QP8b1MSqLbVf7pg9YtvrLRdBuAbTW,402bdb597d350e5e126b8c2fa221a8bc,2021-05-31T14-00 [exporttegus@gmail.com] Boletín Estadístico IHCAFE 31 de Mayo de 2021.pdf,2026-02-26T09:42:00.112210+00:00
1rzAWAheel-cHAx-RZ85g3m5XuLp3u7WU,0e40669d12b195044967e28e93ebd64c,2021-06-01T15-00 [exporttegus@gmail.com] Boletín Estadístico IHCAFE 1 de Junio de 2021.pdf,2026-02-26T09:42:00.112210+00:00
1fIiifdVFROR0iBy_vqbNYWfpIKyb5wlL,6d0532a4bce8a07307ce082b83225593,2021-05-20T15-00 [exporttegus@gmail.com] Boletín Estadístico IHCAFE 20 de Mayo de 2021.pdf,2026-02-26T09:42:00.112210+00:00
1_qi2Yb2AndiuqC2695Thl9JGmujBOMBK,9253ca5b4445f249b4f7612130b6333f,2021-05-25T15-00 [exporttegus@gmail.com] Boletín Estadístico IHCAFE 25 de Mayo de 2021.pdf,2026-02-26T09:42:00.112210+00:00
1CHWCkCvmqt4-QKoPJ54Ua8o9A9hkC2Uj,6652bf360e2c64935ac32c2b53b738b1,2021-05-19T15-00 [exporttegus@gmail.com] Boletín Estadístico IHCAFE 19 de Mayo de 2021.pdf,2026-02-26T09:42:00.112210+00:00
17ofZTc5ICMx8Ccg1_HF7jtKmdGVwF-rk,754cc159abb9263798838b6de23801bb,2021-05-18T14-52 [exporttegus@gmail.com] Boletín Estadístico IHCAFE 18 de Mayo de 2021.pdf,2026-02-26T09:42:00.112210+00:00
1jvebPJBaEPGd6FAGTTpPQcpcsmZ8RImf,ebee2fe20f23032a1dba0d63c433e482,2021-05-17T15-00 [exporttegus@gmail.com] Boletín Estadístico IHCAFE 17 de Mayo de 2021.pdf,2026-02-26T09:42:00.112210+00:00
1G75G-BD4u3MUsPfyZrRQ_p_kth8rvBJJ,c3b94e5591edff8e126477a31f74be0b,2021-05-12T15-00 [exporttegus@gmail.com] Boletín Estadístico IHCAFE 12 de Mayo de 2021.pdf,2026-02-26T09:42:00.112210+00:00
1EbSFZRe-Mjrnev2ViNBYbVtq6yL7Tn2c,7a6b958f06cc9a0e2485e17231bfd8d3,2021-05-14T15-00 [exporttegus@gmail.com] Boletín Estadístico IHCAFE 14 de Mayo de 2021.pdf,2026-02-26T09:42:00.112210+00:00
1qoBeBEiqiD8hGkelAYf2bppcZK6g8-Wz,b4dbc5b04c92d539963d9ab900f20d41,2021-05-13T15-00 [exporttegus@gmail.com] Boletín Estadístico IHCAFE 13 de Mayo de 2021.pdf,2026-02-26T09:42:00.112210+00:00
1F-b5wAUnZfiPkI4WuRbc65_Q8AfKjdjy,fbe17b36c1e16d665800167b9bd2b426,2021-05-10T15-00 [exporttegus@gmail.com] Boletín Estadístico IHCAFE 10 de Mayo de 2021.pdf,2026-02-26T09:42:00.112210+00:00
1VrtOd4zHakDlKDqHT2mkRvfUcHrBxfQ2,34ca8f7cb6a649e938d9829d2248d31e,2021-05-11T15-00 [exporttegus@gmail.com] Boletín Estadístico IHCAFE 11 de Mayo de 2021.pdf,2026-02-26T09:42:00.112210+00:00
1O0sJp443VGs42ml7zkYnXXGho7DYnuJb,0c289a7ac6da96ddb82bab91da049908,2021-04-28T15-00 [exporttegus@gmail.com] Boletín Estadístico IHCAFE 28 de Abril de 2021.pdf,2026-02-26T09:42:00.112210+00:00
1jpeTPrQUlNAzxd9m9Vy0R7_qM2FiaEvV,bc6644eb22b24b143395f57ee369893a,2021-04-27T15-00 [exporttegus@gmail.com] Boletín Estadístico IHCAFE 27 de Abril de 2021.pdf,2026-02-26T09:42:00.112210+00:00
1_8lGYP4UO6LlRWKwxWOd4j0_rIZS60zq,07ac6447df7cd79ba7ce3781237e1ddc,2021-04-23T15-07 [exporttegus@gmail.com] Boletín Estadístico IHCAFE 23 de Abril de 2021.pdf,2026-02-26T09:42:00.112210+00:00
1_lf6qUrocZh29JoyXbFrt4xYsifMGfqB,4dc131970692cde1ddfab6aa9a8d0563,2021-04-26T15-00 [exporttegus@gmail.com] Boletín Estadístico IHCAFE 26 de Abril de 2021.pdf,2026-02-26T09:42:00.112210+00:00
1UfpjeGiIlqeG1KKqwukuRwpN2yqZq1Oz,2073aa91f0c61c5828bd5a373bd6aff1,2021-04-21T15-00 [exporttegus@gmail.com] Boletín Estadístico IHCAFE 21 de Abril de 2021.pdf,2026-02-26T09:42:00.112210+00:00
1nEj1hINIHDeYsHo07wLIRAJCVoYGPCGs,e03ec16b2ce04c8d94239d05b6efc47a,2021-04-20T15-00 [exporttegus@gmail.com] Boletín Estadístico IHCAFE 20 de Abril de 2021.pdf,2026-02-26T09:42:00.112210+00:00
1XFBjrRPHfEyEos_MA5BN2DbrWKXYyNs4,97b9a66e702861e3558c3578d7b18fc3,2021-04-16T15-00 [exporttegus@gmail.com] Boletín Estadístico IHCAFE 16 de Abril de 2021.pdf,2026-02-26T09:42:00.112210+00:00
1vuHgMhnJpjmVGhemn3aQ7gYpna38Lb2x,5b0ed47eb2abd4e336e37233b4a62add,2021-04-22T15-00 [exporttegus@gmail.com] Boletín Estadístico IHCAFE 22 de Abril de 2021.pdf,2026-02-26T09:42:00.112210+00:00
13ENsYJqUxoL0L4z4Q4wbLa8pWKw4jtc-,08c15fd07fe5e4198cb42e1a391b12ad,2021-04-15T15-00 [exporttegus@gmail.com] Boletín Estadístico IHCAFE 15 de Abril de 2021.pdf,2026-02-26T09:42:00.112210+00:00
1CQcVDs7OdKmkctklaFVmdEMV82qCyXoL,4e96a068ca955ab7ad3bb977e3229dbf,2021-04-08T15-00 [exporttegus@gmail.com] Boletín Estadístico IHCAFE 08 de Abril de 2021.pdf,2026-02-26T09:42:00.112210+00:00
18zp7wTUKoHYKeD9HP1lqadKaaSF3FJ3Q,f24ece4aee8502554d7d428ac3adba0f,2021-04-13T15-00 [exporttegus@gmail.com] Boletín Estadístico IHCAFE 13 de Abril de 2021.pdf,2026-02-26T09:42:00.112210+00:00
1ZHlHGB6nqZ2UhZpFZ9p5Y9nhIs16AMeC,2da1abd0a39fa2e6e08cd019576dc0a0,2021-04-12T15-00 [exporttegus@gmail.com] Boletín Estadístico IHCAFE 12 de Abril de 2021.pdf,2026-02-26T09:42:00.112210+00:00
1iWM1rUlKUByq26Ensl8hQ0wCtDpjk2zr,37651e6f8ddc4f8c9cea89e52ee190b7,2021-04-14T15-00 [exporttegus@gmail.com] Boletín Estadístico IHCAFE 14 de Abril de 2021.pdf,2026-02-26T09:42:00.112210+00:00
1i3dJtGgYpLcoZ6fsLZCqUENL-z5i5EUJ,c9f1e09b9d4b3b06956f6df9d28b9b0c,2021-04-05T15-00 [exporttegus@gmail.com] Boletín Estadístico IHCAFE 05 de Abril de 2021.pdf,2026-02-26T09:42:00.112210+00:00
10f11zFD8VmZLXeK1NNwWWOPV5hyoFmHb,c9f84fbd516729e318347d69108db554,2021-04-07T15-00 [exporttegus@gmail.com] Boletín Estadístico IHCAFE 07 de Abril de 2021.pdf,2026-02-26T09:42:00.112210+00:00
1DdKInxy87KjEJrLwGOfNmvUG9aqGUcNW,c731ae0b719fb040fdd29516a92bb4d9,2021-04-06T15-00 [exporttegus@gmail.com] Boletín Estadístico IHCAFE 06 de Abril de 2021.pdf,2026-02-26T09:42:00.112210+00:00
1PXxYU3-3-X2LgqXIPr11RsMLpNUgejG4,6829bcfd8276d375b5f5a5117bda0a9e,2021-03-30T15-00 [exporttegus@gmail.com] Boletín Estadístico IHCAFE 30 de Marzo de 2021.pdf,2026-02-26T09:42:00.112210+00:00
1kjtNgGwjIWYsz8Yt_XK6E_dwokrRWJc7,15f02330ec1db1c2003a46d4d45ecc7f,2021-03-25T15-00 [exporttegus@gmail.com] Boletín Estadístico IHCAFE 25 de Marzo de 2021.pdf,2026-02-26T09:42:00.112210+00:00
1wPT16OK3-p-BZxGCtAq57N9Z4DjbVcMW,00446dd04f7e308c45296043e2085eea,2021-03-29T15-00 [exporttegus@gmail.com] Boletín Estadístico IHCAFE 29 de Marzo de 2021.pdf,2026-02-26T09:42:00.112210+00:00
17Ey0jg4WIblqu_FCHRxRdknatIKqsMGp,43ab3826cb3e39810f452d6f8e18e268,2021-03-24T15-00 [exporttegus@gmail.com] Boletín Estadístico IHCAFE 24 de Marzo de 2021.pdf,2026-02-26T09:42:00.112210+00:00
19Ifsx_ZoeQSbMd7DCFvoqQoNZXRPJfTd,c3ef75a916dcc84490790c61eddde50c,2021-03-26T15-00 [exporttegus@gmail.com] Boletín Estadístico IHCAFE 26 de Marzo de 2021.pdf,2026-02-26T09:42:00.112210+00:00
1o15BgcMmu6ONsA4y-4QasvxEeKmDV6q_,3a48f2c128e2b8a4ae024d45bcc350a1,2021-03-23T15-00 [exporttegus@gmail.com] Boletín Estadístico IHCAFE 23 de Marzo de 2021.pdf,2026-02-26T09:42:00.112210+00:00
10ZegF00-ApBvEQrgXiBM8E2nnCptZt-d,3e794a937559ecff872918c95c635969,2021-03-19T15-00 [exporttegus@gmail.com] Boletín Estadístico IHCAFE 19 de Marzo de 2021.pdf,2026-02-26T09:42:00.112210+00:00
1bTTCmByBorjBDalSs4zyuP14iIcLweCz,b3a177d9f9517878b0a6b9230dde3784,2021-03-18T15-00 [exporttegus@gmail.com] Boletín Estadístico IHCAFE 18 de Marzo de 2021.pdf,2026-02-26T09:42:00.112210+00:00
1d3jRD2HkJ1vP0hGwcwQBrwMmOlUJ67L-,c5767fbce98f927e4058e4a70c33a5b6,2021-03-17T15-00 [exporttegus@gmail.com] Boletín Estadístico IHCAFE 17 de Marzo de 2021.pdf,2026-02-26T09:42:00.112210+00:00
1l4AIXEybaQe0w19LF12Nn3OBeilU4eS4,fb60369519df027c700a46839e7b3fc2,2021-03-22T15-00 [exporttegus@gmail.com] Boletín Estadístico IHCAFE 22 de Marzo de 2021.pdf,2026-02-26T09:42:00.112210+00:00
1JD3zbP0R3vdm-8NLtuWOqhSOiHsychAJ,ef015ab59fedd4d2747fee2cae6d1236,2021-03-16T15-00 [exporttegus@gmail.com] Boletín Estadístico IHCAFE 16 de Marzo de 2021.pdf,2026-02-26T09:42:00.112210+00:00
1azpPrLRrrzz2iVpvDfqlt3AzaJx0o1Fg,e2cdde818aceb6376dd347b580fdc1ef,2021-03-15T15-08 [exporttegus@gmail.com] Boletín Estadístico IHCAFE 15 de Marzo de 2021.pdf,2026-02-26T09:42:00.112210+00:00
10QNghh-f4ok1DnZcKkcDCClWnq4U9B_j,963a2f9f428513afc773ee5d866fb86f,2021-03-10T14-00 [exporttegus@gmail.com] Boletín Estadístico IHCAFE 10 de Marzo de 2021.pdf,2026-02-26T09:42:00.112210+00:00
1PcAok6k2f_sN_Ra41GFIuMOL3zoUCqnl,586aeb0efe14ab3e3cc81d4220eec40b,2021-03-11T14-00 [exporttegus@gmail.com] Boletín Estadístico IHCAFE 11 de Marzo de 2021.pdf,2026-02-26T09:42:00.112210+00:00
1hVWB9MOuV7OOKKbEcuwfc6DmbtK3udGD,c1522d89599888069047a4f35ed5ba5c,2021-03-09T14-00 [exporttegus@gmail.com] Boletín Estadístico IHCAFE 09 de Marzo de 2021.pdf,2026-02-26T09:42:00.112210+00:00
1yLROpt3y6hlJjAD8zl_E4BKrPD874xo8,c68b2d601e8ce55f06176c1e96a67121,2021-03-08T14-00 [exporttegus@gmail.com] Boletín Estadístico IHCAFE 08 de Marzo de 2021.pdf,2026-02-26T09:42:00.112210+00:00
1-UdEw1rd92OylqqM0UrR1OdDImW-sg4f,7a7ff8f2e8eebd1bb14a017a52b4f361,2021-03-12T14-00 [exporttegus@gmail.com] Boletín Estadístico IHCAFE 12 de Marzo de 2021.pdf,2026-02-26T09:42:00.112210+00:00
1Ga8gsKACmw2c8WFjGzEKMqAdTUvurO05,eabef5e74e1b45f33eee2d42f2c137c0,2021-03-05T14-00 [exporttegus@gmail.com] Boletín Estadístico IHCAFE 05 de Marzo de 2021.pdf,2026-02-26T09:42:00.112210+00:00
1vMWp7I27nQOePL9sdvvgvPfRB3bUmzEz,3df49c4c54dacc7e65c5c759ef65a118,2021-03-04T14-00 [exporttegus@gmail.com] Boletín Estadístico IHCAFE 04 de Marzo de 2021.pdf,2026-02-26T09:42:00.112210+00:00
1n6LZlogW2VshbDSDmsUeK2Z_aJ1doeD9,428f85c6168132d1448850bcabfb810b,2021-03-01T14-00 [exporttegus@gmail.com] Boletín Estadístico IHCAFE 01 de Marzo de 2021.pdf,2026-02-26T09:42:00.112210+00:00
1lM9UEo-Qw9OXPODIYaI5szV5VL_4C3iG,b2897686119189b32b7a2a548c149148,2021-03-02T14-00 [exporttegus@gmail.com] Boletín Estadístico IHCAFE 02 de Marzo de 2021.pdf,2026-02-26T09:42:00.112210+00:00
1AUVGrswPAxb-6eWt7zHFqJHEE9xC_lth,fdb0b57a796bf19eb59f56b7aa42ea19,2021-03-03T14-00 [exporttegus@gmail.com] Boletín Estadístico IHCAFE 03 de Marzo de 2021.pdf,2026-02-26T09:42:00.112210+00:00
1ef4mhATPcsPb_qNHTalc9a8gs8bJuvDA,63881d1165aa92a4564cadbd5daaf324,2021-02-24T14-00 [exporttegus@gmail.com] Boletín Estadístico IHCAFE 24 de Febrero de 2021.pdf,2026-02-26T09:42:00.112210+00:00
1g6_sWK2v8wWfrAvr8L7Ot4GMNjFPvdOW,df504e1aced67e31007797fe9503dec3,2021-02-26T14-00 [exporttegus@gmail.com] Boletín Estadístico IHCAFE 26 de Febrero de 2021.pdf,2026-02-26T09:42:00.112210+00:00
132w17R5wEcv3KpDOACI5siVyn34UBUjI,a2738ec4a1012c1986350272789b3f30,2021-02-23T14-00 [exporttegus@gmail.com] Boletín Estadístico IHCAFE 23 de Febrero de 2021.pdf,2026-02-26T09:42:00.112210+00:00
1sWoPLJ_jYzoI0-gstEiZDnuCVYpm6GDG,c1bfb1cf839eaa99bc2ee7386c097556,2021-02-25T14-00 [exporttegus@gmail.com] Boletín Estadístico IHCAFE 25 de Febrero de 2021.pdf,2026-02-26T09:42:00.112210+00:00
1znVivVEfGG3Opa9EnKf_yWPr-uM1OuRv,745a4bdb6c7aa1672dc35ec3c0d68e98,2021-02-22T14-00 [exporttegus@gmail.com] Boletín Estadístico IHCAFE 22 de Febrero de 2021.pdf,2026-02-26T09:42:00.112210+00:00
16iX2v6q728bVC6aGzPz_yujF6u2emK3T,cf074e75660b63817ecbc02709279692,2021-02-19T14-00 [exporttegus@gmail.com] Boletín Estadístico IHCAFE 19 de Febrero de 2021.pdf,2026-02-26T09:42:00.112210+00:00
1xNszqvrGfN6HrxOeOpJKy1PEt97sRnBW,535e67ca16f1073fae7b59417f13499c,2021-02-17T14-00 [exporttegus@gmail.com] Boletín Estadístico IHCAFE 17 de Febrero de 2021.pdf,2026-02-26T09:42:00.112210+00:00
1HzYonGM4wS8wyyd0keEEFvgS4sDIk6H4,52b3589df00241c5e1300a93190c544e,2021-02-18T14-00 [exporttegus@gmail.com] Boletín Estadístico IHCAFE 18 de Febrero de 2021.pdf,2026-02-26T09:42:00.112210+00:00
1432TyLxH3BlxBEkMLu2-NhTtNvQgxMZx,29aa6921e9d40243ae7f8f9b48fcc2f5,2021-02-15T14-00 [exporttegus@gmail.com] Boletín Estadístico IHCAFE 15 de Febrero de 2021.pdf,2026-02-26T09:42:00.112210+00:00
186VCNnHLWOhKI8o_TI1fTHaDD9kr-Bkm,a57dcee9ea8296378760fd42d02c2b00,2021-02-16T14-00 [exporttegus@gmail.com] Boletín Estadístico IHCAFE 16 de Febrero de 2021.pdf,2026-02-26T09:42:00.112210+00:00
1hjqDjex1h9rKyFUdSVNeKt1N9wc5aYga,60542fe6969ccd1882737669122af65e,2021-02-11T14-00 [exporttegus@gmail.com] Boletín Estadístico IHCAFE 11 de Febrero de 2021.pdf,2026-02-26T09:42:00.112210+00:00
1LTFXr_B0pwW-re_En3ostYCe1guyCI6E,c7e154ed4c0243ffcdc75339369e0796,2021-02-12T14-00 [exporttegus@gmail.com] Boletín Estadístico IHCAFE 12 de Febrero de 2021.pdf,2026-02-26T09:42:00.112210+00:00
1ccIIjwnplqEvFygoWfYnZ-_bQUP-pkbn,4314a8b8678aaaf28042004dbaa85848,2021-02-10T14-00 [exporttegus@gmail.com] Boletín Estadístico IHCAFE 10 de Febrero de 2021.pdf,2026-02-26T09:42:00.112210+00:00
1tQ35X__0B5vcmoGQyyIkBdOYiDxNfEsP,77a71f237966aeecf447f30d05b36bb5,2021-02-08T14-00 [exporttegus@gmail.com] Boletín Estadístico IHCAFE 08 de Febrero de 2021.pdf,2026-02-26T09:42:00.112210+00:00
1Vw9GBf8Xzq6MsqhXfK-k92XtWU4jjRrK,b2e05ca2f5353b1bbcd559188065d463,2021-02-04T14-00 [exporttegus@gmail.com] Boletín Estadístico IHCAFE 04 de Febrero de 2021.pdf,2026-02-26T09:42:00.112210+00:00
1dYQrwe0fs4DZ7sAnW8Fbe8W7d47zdTHn,46ba0acc29a5723e7952a89c38dd9c79,2021-02-05T14-00 [exporttegus@gmail.com] Boletín Estadístico IHCAFE 05 de Febrero de 2021.pdf,2026-02-26T09:42:00.112210+00:00
1PJdqxo3EZqulUgMLtt5obD5P_1ScxUzf,fd9e04257bac2a96680b482350a7597a,2021-02-02T14-42 [exporttegus@gmail.com] Boletín Estadístico IHCAFE 02 de Febrero de 2021.pdf,2026-02-26T09:42:00.112210+00:00
1uQM3XpOUPXpXhFmW7grjqHLrZhuWVBoY,549ec1f28d6e6a58f3b94bae635e6d7a,2021-02-03T14-00 [exporttegus@gmail.com] Boletín Estadístico IHCAFE 03 de Febrero de 2021.pdf,2026-02-26T09:42:00.112210+00:00
1ta39MWHhqypG6qwJrGgxttWAMv4go32V,f87ad98429f17a5a4cd3da339ee071ac,2021-02-01T14-00 [exporttegus@gmail.com] Boletín Estadístico IHCAFE 01 de Febrero de 2021.pdf,2026-02-26T09:42:00.112210+00:00
1QFOVjtw06iguiMjji7oPJ_VvS4hAumN-,10588b23d1af45f55bce810218b4cd80,2021-01-28T14-00 [exporttegus@gmail.com] Boletín Estadístico IHCAFE 28 de Enero de 2021.pdf,2026-02-26T09:42:00.112210+00:00
1G71JhsCiweKjXk8WZtAbGkAPtrXRvGss,dec8e3e55b2bca07df56c24704f6c99a,2021-01-26T14-00 [exporttegus@gmail.com] Boletín Estadístico IHCAFE 26 de Enero de 2021.pdf,2026-02-26T09:42:00.112210+00:00
19cf2lbWFVEEDQk84HL05Bsix2oPSFk72,769e9d20f4fb9a46848f733b1ae4c046,2021-01-22T14-00 [exporttegus@gmail.com] Boletín Estadístico IHCAFE 22 de Enero de 2021.pdf,2026-02-26T09:42:00.112210+00:00
1vlWxy-JTrONE0WDekfp6frBcCP4PaElf,cbd731964261405889287f17804aff7b,2021-01-21T13-59 [exporttegus@gmail.com] Boletín Estadístico IHCAFE 21 de Enero de 2021.pdf,2026-02-26T09:42:00.112210+00:00
1soQ3o4Q96TV4mpINpKLbV1RrNZYsE4fx,4b6c1618e675144d30cf716f74a10d0c,2021-01-29T14-05 [exporttegus@gmail.com] Boletín Estadístico IHCAFE 29 de Enero de 2021.pdf,2026-02-26T09:42:00.112210+00:00
1H8pFLNuXOPqVy-uWfkJztkTdvCSdOOwW,58026cd85ff0a799b38f21832bcb40e0,2021-01-25T14-00 [exporttegus@gmail.com] Boletín Estadístico IHCAFE 25 de Enero de 2021.pdf,2026-02-26T09:42:00.112210+00:00
1-nv_kM6-xM_qgV7XkJKlILsDZPsLrPS5,edeaaf0a85ae5f1575ca34eb81a136f2,2021-01-27T14-00 [exporttegus@gmail.com] Boletín Estadístico IHCAFE 27 de Enero de 2021.pdf,2026-02-26T09:42:00.112210+00:00
1FFqCn2mCy_vmISFQU6HmzUhOKKaon7Ad,2721ef1beb9d3133c6906d509aa93275,2021-01-20T13-58 [exporttegus@gmail.com] Boletín Estadístico IHCAFE 20 de Enero de 2021.pdf,2026-02-26T09:42:00.112210+00:00
1XiufW3xjbUTa6JBNCAoJ1GtieDXnHYY1,e5cec3f7363198cb9efef2a878e7c948,2021-01-18T14-00 [exporttegus@gmail.com] Boletín Estadístico IHCAFE 18 de Enero de 2021.pdf,2026-02-26T09:42:00.112210+00:00
1pSFMs07jyhSxoqkRQGShbEyVB0rb6zKp,4663f0d7d8dfe1405408cc023c376e72,2021-01-19T14-00 [exporttegus@gmail.com] Boletín Estadístico IHCAFE 19 de Enero de 2021.pdf,2026-02-26T09:42:00.112210+00:00
1Tb7ViKqDGHKFNzfaDNzRG0dv7cQYnWfx,d296055d516fadf82fc426563d24651a,2021-01-15T14-00 [exporttegus@gmail.com] Boletín Estadístico IHCAFE 15 de Enero de 2021.pdf,2026-02-26T09:42:00.112210+00:00
1IsOVTczCE8FGw2J9MbHgdouYaCBcEYGr,39cf850d3c77334507ad298d5ac516a1,2021-01-13T14-00 [exporttegus@gmail.com] Boletín Estadístico IHCAFE 13 de Enero de 2021.pdf,2026-02-26T09:42:00.112210+00:00
1B3b5nGgNkp0S5Cif0MJgGp9EMb3NReiw,6726a0582a71c01f749dd63e7565faca,2021-01-14T14-06 [exporttegus@gmail.com] Boletín Estadístico IHCAFE 14 de Enero de 2021.pdf,2026-02-26T09:42:00.112210+00:00
1VNlTU4KPEMmwyKQIr9pS_fhciQJUGnZi,902ab9ca5d7feff70b67eedc455e1238,2021-01-12T13-58 [exporttegus@gmail.com] Boletín Estadístico IHCAFE 12 de Enero de 2021.pdf,2026-02-26T09:42:00.112210+00:00
1m0F1XemAcoEhWp97ntDKyP_cLQbqbROw,228b71f8cda3f922fe354901b955a27b,2021-01-11T14-00 [exporttegus@gmail.com] Boletín Estadístico IHCAFE 11 de Enero de 2021.pdf,2026-02-26T09:42:00.112210+00:00
1vl2XvteZb8gC6usEmhu_ICPXGzEaDjB8,b291d6d7d61db5ff49298454e1ad47e2,2021-01-08T14-02 [exporttegus@gmail.com] Boletín Estadístico IHCAFE 08 de Enero de 2021.pdf,2026-02-26T09:42:00.112210+00:00
1DUdLbXlucpaI7Iaj4Vt-6y2PfpYlKMWv,68afc1a994b7c284961c2ed4183dac09,2021-01-07T14-00 [exporttegus@gmail.com] Boletín Estadístico IHCAFE 7 de Enero de 2021.pdf,2026-02-26T09:42:00.112210+00:00
1fC02sV8phogAY6-ftUPvSYNutTPJP_X_,1a57093f26dd914ff1c2c09e7bb8c5da,2021-01-04T14-00 [exporttegus@gmail.com] Boletín Estadístico IHCAFE 04 de Enero de 2021.pdf,2026-02-26T09:42:00.112210+00:00
1-ycgfuCYPUJTTEWjPvYS_Ae2AWsGvfSg,5985c58b61a8cdb63f90b68b7192c972,2021-01-05T14-06 [exporttegus@gmail.com] Boletín Estadístico IHCAFE 05 de Enero de 2021.pdf,2026-02-26T09:42:00.112210+00:00
11Umh6jEop4Jg7l4tdi89L92S_vBnbZB6,1f7804ac1f205ac7986597d265733422,2021-01-06T14-00 [exporttegus@gmail.com] Boletín Estadístico IHCAFE 06 de Enero de 2021.pdf,2026-02-26T09:42:00.112210+00:00
1qSbtMBbZWJzd7VlGGjtPP8IOdr7k-L7U,c882f82998c372fe94ecbfeb62180187,2020-12-21T14-00 [exporttegus@gmail.com] Boletín Estadístico IHCAFE 21 de Diciembre de 2020.pdf,2026-02-26T09:42:00.112210+00:00
11du9-PnhogXoUvdDy6tO_scN8ZVu1SP7,6cc619c9b7785cb17975c12c1beb8d21,2020-12-22T14-00 [exporttegus@gmail.com] Boletín Estadístico IHCAFE 22 de Diciembre de 2020.pdf,2026-02-26T09:42:00.112210+00:00
1L-M4yHB6ZTss20KQg3dw1X9VdZa_ZpDd,ebf61bbc8f61d65768df69f63d36fa2a,2020-12-18T14-16 [exporttegus@gmail.com] Boletín Estadístico IHCAFE 18 de Diciembre de 2020.pdf,2026-02-26T09:42:00.112210+00:00
1irl_z5Ve-s6WV2JsjqchicZYANU7h6rX,2eef0f95a39705728203c0207b6e9bfa,2020-12-17T14-30 [exporttegus@gmail.com] Boletín Estadístico IHCAFE 17 de Diciembre de 2020.pdf,2026-02-26T09:42:00.112210+00:00
1TdWlWUODr9qWP5qnJZ5RmyKLzVe4HRaC,d68226210bee620f87251aad66fc3798,2020-12-16T15-31 [exporttegus@gmail.com] Boletín Estadístico IHCAFE 16 de Diciembre de 2020 ***Corrección Precios Bolsa.pdf,2026-02-26T09:42:00.112210+00:00
1FA68HWl5HrayOTmh1If8hntQOc-8avzl,96dd0b9b99b5738652d29f65a2253e1a,2020-12-16T15-15 [exporttegus@gmail.com] Boletín Estadístico IHCAFE 16 de Diciembre de 2020.pdf,2026-02-26T09:42:00.112210+00:00
19RLi6dFnr0FmplADN_XXGHw9iI-6lSjF,c3438048b467d5c3a98620d75cacd5d7,2020-12-15T14-00 [exporttegus@gmail.com] Boletín Estadístico IHCAFE 15 de Diciembre de 2020.pdf,2026-02-26T09:42:00.112210+00:00
10OKPaV7eBHHy9VGAH73RfTiybRH1ITCK,ce8869d729c71b9c21852359cfbded71,2020-12-14T14-17 [exporttegus@gmail.com] Boletín Estadístico IHCAFE 14 de Diciembre de 2020.pdf,2026-02-26T09:42:00.112210+00:00
1kjFdGkSCilxlOtIk22qXK83waVKm4w92,f8c6c1552d885a4b530561d5af7dae46,2020-12-11T14-00 [exporttegus@gmail.com] Boletín Estadístico IHCAFE 11 de Enero de 2020.pdf,2026-02-26T09:42:00.112210+00:00
1bfQD-eqgAalT0Xps-G3G3VHBZ2N6In_i,4c1714cade4258a7be1fb43f28530498,2020-12-08T14-00 [exporttegus@gmail.com] Boletín Estadístico IHCAFE 08 de Diciembre de 2020.pdf,2026-02-26T09:42:00.112210+00:00
1pH_83vpKn_Gtf3IIReWL99OPJQl_wuDg,1e9a8ea8c222e3fd3e236b0645962b33,2020-12-07T14-00 [exporttegus@gmail.com] Boletín Estadístico IHCAFE 7 de Diciembre de 2020.pdf,2026-02-26T09:42:00.112210+00:00
1VP4yB9jiHeKxhVIw2pQtqXMKuv39JPVG,44ce44f2be4dadf7a26bc519b5229fc6,2020-12-04T14-00 [exporttegus@gmail.com] Boletín Estadístico IHCAFE 04 de Diciembre de 2020.pdf,2026-02-26T09:42:00.112210+00:00
1JfdF50UD-HHnkHIxvvfxfmtwJaeVsiHg,e814133db052a89d33163841e41f097c,2020-12-10T14-00 [exporttegus@gmail.com] Boletín Estadístico IHCAFE 10 de Diciembre de 2020.pdf,2026-02-26T09:42:00.112210+00:00
1JHGy76vs33ru1Zit0a2K73N0YaI-laFP,e47f922a00998290c3483f1adece7ade,2020-11-27T14-01 [exporttegus@gmail.com] Boletín Estadístico IHCAFE 27 de Noviembre de 2020.pdf,2026-02-26T09:42:00.112210+00:00
1eclT4wxi5Q_AFaDL3aKqshhAdnIge1hH,1bc999d790fd8a4f9b844037a988f725,2020-12-03T14-00 [exporttegus@gmail.com] Boletín Estadístico IHCAFE 03 de Diciembre de 2020.pdf,2026-02-26T09:42:00.112210+00:00
1TVlNwVg6nDetgLzr0oYGR7rkYrMZVSDR,3d3db4a42411a183da2b9c2ca55889ff,2019-02-14T12-58 [SMejia@freepoint.com] FW: Boletín Estadístico IHCAFE al 13 de Febrero de 2019.pdf,2026-02-26T09:42:00.112210+00:00
1ZnquLoUG3mUwSIpsdBcxwUZlq9FPdaor,de3243572cd23a220f26d9cdf0383b68,[exporttegusTEST@gmail.com] 2026-02-26T16-59 Boletin Estadistico Comercialización TESTTESTTEST 26-02-2026.pdf,2026-02-26T12:15:05.678731+00:00
18M7bHKtYG6EMS0zNVp2mALX2_swy7B-n,e7de2cd8055bb34ea7faa41b156fbfea,2026-02-26T14-05 [exporttegus@gmail.com] Boletín Estadístico IHCAFE al 26 de Febrero de 2026.pdf,2026-02-26T19:30:04.763382+00:00
12nsz9DAuQFis3tgl28Wor2ADELFCfX4_,b65ce7b2378dc10b81193c588eee69c4,2026-02-26T14-09 [exporttegus@gmail.com] Boletín Estadístico IHCAFE al 26 de Febrero de 2026.pdf,2026-02-26T19:30:04.763382+00:00
1ge3Y-q1ZLGxq4_-Ma7IRu7r3kY5cFG0u,dadaf531b79ff7db314a324850950c5d,[exporttegus@gmail.com] 2026-02-26T14-05 Boletin Estadistico Comercialización 26-02-2026.pdf,2026-02-26T19:30:04.763382+00:00
11hYY2X6HnZTBAPCRs9yR8PkPPuT3SrlX,90502ed3e0c7b9e7bc0fba4d7b15d452,[exporttegus@gmail.com] 2026-02-26T14-09 Boletin Estadistico Comercialización 26-02-2026.pdf,2026-02-26T19:30:04.763382+00:00
11KrPRXupJpPaDkjR-_aY2zCL8YF5pXL3,819c0f013dadd3b26072d5dda0b7618d,2026-02-27T14-05 [exporttegus@gmail.com] Boletín Estadístico IHCAFE al 27 de Febrero de 2026.pdf,2026-02-27T19:33:45.835575+00:00
1jbQQffjWZLukjdDxjRKzsK4KblcTBYjN,8223593c1da6b4e16a813a3c066c1e07,[exporttegus@gmail.com] 2026-02-27T14-05 Boletin Estadistico Comercialización 27-02-2026.pdf,2026-02-27T19:33:45.835575+00:00
1bs2q257IdS791LA-mbaPtgCnbQMM2kHh,1301337109978fd3e3fa7d08eb396e2a,2026-03-03T14-02 [exporttegus@gmail.com] Boletín Estadístico IHCAFE al 03 de Marzo de 2026.pdf,2026-03-03T19:15:04.616898+00:00
1s1UlTySMF6ZUxdDomPmooejd1G0F5zJB,2766d4928436ad46d36ef7332ffa140f,[exporttegus@gmail.com] 2026-03-03T14-02 Boletin Estadistico Comercialización 03-03-2026.pdf,2026-03-03T19:15:04.616898+00:00
1vmw5BBbbXXPy3y0UixK1lzdc3iBmUx1D,902eab54a99e84d7cccf95419c470351,2026-03-04T14-01 [exporttegus@gmail.com] Boletín Estadístico IHCAFE al 04 de Marzo de 2026.pdf,2026-03-04T19:15:04.493587+00:00
1xiCktuODq8AW7WzqrjrSWSZmrYHKCdHv,fcaef6601a6a023b4fbed6b5c68ed429,[exporttegus@gmail.com] 2026-03-04T14-01 Boletin Estadistico Comercialización 04-03-2026.pdf,2026-03-04T19:15:04.493587+00:00
1KlbNjyLPMswGOggjEMaDPXCEHf18E2So,c7bc12c99341835c1479b03e481466e2,2026-03-05T14-06 [exporttegus@gmail.com] Boletín Estadístico IHCAFE al 05 de Marzo de 2026.pdf,2026-03-05T19:15:04.104684+00:00
1BnYlpzWV8WBOIvTjRjmVJWKITG__OxRV,48183ceebd5993ae28218658258569af,[exporttegus@gmail.com] 2026-03-05T14-06 Boletin Estadistico Comercialización 05-03-2026.pdf,2026-03-05T19:15:04.104684+00:00
1FvDa3WK8COd2s_F4jMOarqNwaNyXuBzZ,a0c6d3e461189eb077538303cdb4a280,2026-03-06T13-59 [exporttegus@gmail.com] Boletín Estadístico IHCAFE al 06 de Marzo de 2026.pdf,2026-03-06T19:19:48.017756+00:00
1MBTUD3x-Lx_plTCpA7pa0Q09wg2Dcdi2,3cd99e8f5bb3d9239c52996b979475ae,[exporttegus@gmail.com] 2026-03-06T13-59 Boletin Estadistico Comercialización 06-03-2026.pdf,2026-03-06T19:19:48.017756+00:00
1fdXecAfbeBsld1FyA5gQBK0-LyGQoBP1,f823cb3e228e89288fc9d1e82e743266,2026-03-09T14-57 [exporttegus@gmail.com] Boletín Estadístico IHCAFE al 09 de Marzo de 2026.pdf,2026-03-09T19:15:04.057032+00:00
1knQ0DiDrU8LITfqecmCQXe1PwJaX_YRM,25c28d5ddc6dd8637bc1171202a40905,[exporttegus@gmail.com] 2026-03-09T14-57 Boletin Estadistico Comercialización 09-03-2026.pdf,2026-03-09T19:15:04.057032+00:00
1cvoJm0ox3dsCNJqwAveR5HtZOhuO2_En,ee53a96b5dd35fb799aa527909841ddc,2026-03-10T14-57 [exporttegus@gmail.com] Boletín Estadístico IHCAFE al 10 de Marzo de 2026.pdf,2026-03-10T19:15:03.416858+00:00
18T2_He0hnD4NU9mEYuOjszIfMVVp64qZ,0418267a076747876a9c1dc48b14b999,[exporttegus@gmail.com] 2026-03-10T14-57 Boletin Estadistico Comercialización 10-03-2026.pdf,2026-03-10T19:15:03.416858+00:00
1h51cF12wR6Mk8ZYbhvIyX6XbThrjeGY-,feccdd24d8b8b797c7f201eafb733d0b,2026-03-11T14-58 [exporttegus@gmail.com] Boletín Estadístico IHCAFE al 11 de Marzo de 2026.pdf,2026-03-11T19:19:32.906228+00:00
16CWhmBNQnHMHQX-7yCo980ryCOWZMqi8,05f04390356b77b37876111b548d8aa8,[exporttegus@gmail.com] 2026-03-11T14-58 Boletin Estadistico Comercialización 11-03-2026.pdf,2026-03-11T19:19:32.906228+00:00
1piStWExLt6mqTNUFIgGxXJSLY55MVnRm,2d2ccaba67cb13fcb9d18d8bc48e5c25,2026-03-12T14-58 [exporttegus@gmail.com] Boletín Estadístico IHCAFE al 12 de Marzo de 2026.pdf,2026-03-12T19:15:04.447330+00:00
1hCkNiUvGHQtjup5JC0uDYm6pbsgy8LJE,36353f70d074b1b63958b3e590367355,[exporttegus@gmail.com] 2026-03-12T14-58 Boletin Estadistico Comercialización 12-03-2026.pdf,2026-03-12T19:15:04.447330+00:00
1eYYXdKMITQynQ-X5-aP9vu4YdMSPeYJY,2bc43ee93e424ff4bd443d93cf593b5d,2026-03-13T14-57 [exporttegus@gmail.com] Boletín Estadístico IHCAFE al 13 de Marzo de 2026.pdf,2026-03-13T19:06:29.904067+00:00
1wYPQrgZ8zWFhgo1ghipj_270Acl7cyrz,7b336e2eb18037d0faab5812da0d01d5,[exporttegus@gmail.com] 2026-03-13T14-57 Boletin Estadistico Comercialización 13-03-2026.pdf,2026-03-13T19:06:29.904067+00:00
1Tv3KRDYLtx6FeqS5V4hnlj4jxwy1tFVl,69dc0b6072f44f8fb73a415153ede58f,2026-03-16T14-57 [exporttegus@gmail.com] Boletín Estadístico IHCAFE al 16 de Marzo de 2026.pdf,2026-03-16T19:30:04.464380+00:00
1NQDjDhBHtdYG7npSPdaI8W8lwAkzVIvo,616f8a9aae410a18ebe14b21a0f83708,[exporttegus@gmail.com] 2026-03-16T14-57 Boletin Estadistico Comercialización 16-03-2026.pdf,2026-03-16T19:30:04.464380+00:00
1clgmRNmEdHIMHwfw1N33WIVOfJTNjYVD,471b5b7b4e690ea5f892259bd8c14d96,2026-03-17T14-57 [exporttegus@gmail.com] Boletín Estadístico IHCAFE al 17 de Marzo de 2026.pdf,2026-03-17T19:15:04.641107+00:00
1cMMDotOdU8Qck4YNSvog6cTv-HHPf28D,436584634005028218f7eaa9d41431f2,[exporttegus@gmail.com] 2026-03-17T14-57 Boletin Estadistico Comercialización 17-03-2026.pdf,2026-03-17T19:15:04.641107+00:00
1nlsXOopxJ4fcYrj4oGkYZ9fdrTulLsBH,f55df4b30ecfc8b2e76c7116dbf587f1,2026-03-18T14-57 [exporttegus@gmail.com] Boletín Estadístico IHCAFE al 18 de Marzo de 2026.pdf,2026-03-18T20:06:02.308924+00:00
1X1tZq510F7CYw7fIxrzVCBfesikZU4uq,62a271b1c42ddf7aefd85a48ce035c49,[exporttegus@gmail.com] 2026-03-18T14-57 Boletin Estadistico Comercialización 18-03-2026.pdf,2026-03-18T20:06:02.308924+00:00
1Cb90zLkL5uwPEqgtltry9O1OM7_j7UUz,6a209b0f167561e5717b11784caa3565,2026-03-19T14-57 [exporttegus@gmail.com] Boletín Estadístico IHCAFE al 19 de Marzo de 2026.pdf,2026-03-19T19:16:17.637279+00:00
17BkisilZ3HOql3p3-41M890ctyVd6L5H,182c9cdf89378848074c3e717c3826c0,[exporttegus@gmail.com] 2026-03-19T14-57 Boletin Estadistico Comercialización 19-03-2026.pdf,2026-03-19T19:16:17.637279+00:00
1dPZq7Mdo-DwmQe6ZBH3FK_ioMigTlcBB,b056d23a53197934b6447f913e2687fe,2026-03-20T14-57 [exporttegus@gmail.com] Boletín Estadístico IHCAFE al 20 de Marzo de 2026.pdf,2026-03-20T19:02:44.345917+00:00
1l_6V2tk6x71I4FTZBJmO3glfGhgyfeFI,8e8058ba87df2e0af393d14efed8f2b7,[exporttegus@gmail.com] 2026-03-20T14-57 Boletin Estadistico Comercialización 20-03-2026.pdf,2026-03-20T19:18:19.143895+00:00
1amoY3C_-uMdQbrpKx0l6ycH1tqbAS0UO,48cfb46a1f437f0a59540379de14a7b0,2026-03-23T14-57 [exporttegus@gmail.com] Boletín Estadístico IHCAFE al 23 de Marzo de 2026.pdf,2026-03-23T19:15:04.601128+00:00
1nf0Ia0HdJ7DiXOY5yDvV8EantuHHGF8z,e847c7352b5caeba04be4da244af9f62,[exporttegus@gmail.com] 2026-03-23T14-57 Boletin Estadistico Comercialización 23-03-2026.pdf,2026-03-23T19:15:04.601128+00:00
