🔁 First run detected: full historical backfill.
✅ [exporttegus@gmail.com] 2026-02-26T13-59 Boletin Estadistico Comercialización TESTTESTTEST 26-02-2026.pdf: 12 rows
✅ 2026-02-25T13-59 [exporttegus@gmail.com] Boletín Estadístico IHCAFE al 25 de Febrero de 2026.pdf: 12 rows
✅ 2026-02-23T14-04 [exporttegus@gmail.com] Boletín Estadístico IHCAFE al 23 de Febrero de 2026.pdf: 12 rows
✅ [exporttegus@gmail.com] 2026-02-23T14-04 Boletin Estadistico Comercialización 23-02-2026.pdf: 12 rows
✅ [exporttegus@gmail.com] 2026-02-25T13-59 Boletin Estadistico Comercialización 25-02-2026.pdf: 12 rows
✅ 2026-02-24T14-12 [exporttegus@gmail.com] Boletín Estadístico IHCAFE al 24 de Febrero de 2026.pdf: 12 rows
✅ [exporttegus@gmail.com] 2026-02-26T12-59 Boletin Estadistico Comercialización TESTTESTTEST 26-02-2026.pdf: 12 rows
✅ [exporttegus@gmail.com] 2026-02-24T14-12 Boletin Estadistico Comercialización 24-02-2026.pdf: 12 rows
✅ [exporttegus@gmail.com] 2026-02-20T14-08 Boletin Estadistico Comercialización 20-02-2026.pdf: 12 rows
❌ 2026-02-19T15-03 [support@cloudhq.net] Save Emails to Google Drive: The first save of your email messages is done. Your backup will keep running in the background..pdf: Pattern 'Exportaciones Mensuales' not found on last page
✅ 2026-02-19T14-16 [exporttegus@gmail.com] Boletín Estadístico IHCAFE al 19 de Febrero de 2026.pdf: 12 rows
✅ [exporttegus@gmail.com] 2026-02-19T14-16 Boletin Estadistico Comercialización 19-02-2026.pdf: 12 rows
✅ [exporttegus@gmail.com] 2026-02-17T14-10 Boletin Estadistico Comercialización 17-02-2026.pdf: 12 rows
✅ 2026-02-18T14-06 [exporttegus@gmail.com] Boletín Estadístico IHCAFE al 18 de Febrero de 2026.pdf: 12 rows
✅ [exporttegus@gmail.com] 2026-02-18T14-06 Boletin Estadistico Comercialización 18-02-2026.pdf: 12 rows
✅ 2026-02-20T14-08 [exporttegus@gmail.com] Boletín Estadístico IHCAFE al 20 de Febrero de 2026.pdf: 12 rows
✅ [exporttegus@gmail.com] 2026-02-16T13-57 Boletin Estadistico Comercialización 16-02-2026.pdf: 12 rows
✅ 2026-02-17T14-10 [exporttegus@gmail.com] Boletín Estadístico IHCAFE al 17 de Febrero de 2026.pdf: 12 rows
✅ [exporttegus@gmail.com] 2026-02-13T14-05 Boletin Estadistico Comercialización 13-02-2026.pdf: 12 rows
✅ [exporttegus@gmail.com] 2026-02-12T14-03 Boletin Estadistico Comercialización 12-02-2026.pdf: 12 rows
✅ 2026-02-13T14-05 [exporttegus@gmail.com] Boletín Estadístico IHCAFE al 13 de Febrero de 2026.pdf: 12 rows
✅ 2026-02-12T14-03 [exporttegus@gmail.com] Boletín Estadístico IHCAFE al 12 de Febrero de 2026.pdf: 12 rows
✅ 2026-02-16T13-57 [exporttegus@gmail.com] Boletín Estadístico IHCAFE al 16 de Febrero de 2026.pdf: 12 rows
✅ [exporttegus@gmail.com] 2026-02-11T14-05 Boletin Estadistico Comercialización 11-02-2026.pdf: 12 rows
✅ 2026-02-11T14-05 [exporttegus@gmail.com] Boletín Estadístico IHCAFE al 11 de Febrero de 2026.pdf: 12 rows
✅ [exporttegus@gmail.com] 2026-02-10T14-08 Boletin Estadistico Comercialización 10-02-2026.pdf: 12 rows
✅ [exporttegus@gmail.com] 2026-02-09T14-04 Boletin Estadistico Comercialización 09-02-2026.pdf: 12 rows
✅ 2026-02-10T14-08 [exporttegus@gmail.com] Boletín Estadístico IHCAFE al 10 de Febrero de 2026.pdf: 12 rows
✅ 2026-01-26T09-00 [exporttegus@gmail.com] Boletín Estadístico IHCAFE al 26 de Enero de 2026.pdf: 12 rows
✅ [exporttegus@gmail.com] 2026-01-26T09-00 Boletin Estadistico Comercialización 26-01-2026.pdf: 12 rows
✅ [exporttegus@gmail.com] 2026-01-19T09-00 Boletin Estadistico Comercialización 19-01-2026.pdf: 12 rows
✅ 2026-02-09T14-04 [exporttegus@gmail.com] Boletín Estadístico IHCAFE al 09 de Febrero de 2026.pdf: 12 rows
✅ 2026-01-19T09-00 [exporttegus@gmail.com] Boletín Estadístico IHCAFE al 19 de Enero de 2026.pdf: 12 rows
✅ 2026-01-15T09-00 [exporttegus@gmail.com] Boletín Estadístico IHCAFE al 15 de Enero de 2026.pdf: 12 rows
✅ [exporttegus@gmail.com] 2026-01-13T09-00 Boletin Estadistico Comercialización 13-01-2026.pdf: 12 rows
✅ [exporttegus@gmail.com] 2026-01-15T09-00 Boletin Estadistico Comercialización 15-01-2026.pdf: 12 rows
✅ [exporttegus@gmail.com] 2026-01-12T09-00 Boletin Estadistico Comercialización 12-01-2026.pdf: 12 rows
✅ 2026-01-13T09-00 [exporttegus@gmail.com] Boletín Estadístico IHCAFE al 13 de Enero de 2026.pdf: 12 rows
✅ 2026-01-12T09-00 [exporttegus@gmail.com] Boletín Estadístico IHCAFE al 12 de Enero de 2026.pdf: 12 rows
✅ [exporttegus@gmail.com] 2026-01-09T14-16 Boletin Estadistico Comercialización 09-01-2026.pdf: 12 rows
✅ 2026-01-09T14-16 [exporttegus@gmail.com] Boletín Estadístico IHCAFE al 09 de Enero de 2026.pdf: 12 rows
✅ [exporttegus@gmail.com] 2025-12-31T13-42 Boletin Estadistico Comercialización 31-12-2025.pdf: 12 rows
✅ [exporttegus@gmail.com] 2026-01-05T14-00 Boletin Estadistico Comercialización 05-01-2026.pdf: 12 rows
✅ [exporttegus@gmail.com] 2025-12-30T14-17 Boletin Estadistico Comercialización 30-12-2025.pdf: 12 rows
✅ 2025-12-31T13-42 [exporttegus@gmail.com] Boletín Estadístico IHCAFE al 31 de Diciembre de 2025.pdf: 12 rows
✅ 2026-01-05T14-00 [exporttegus@gmail.com] Boletín Estadístico IHCAFE al 05 de Enero de 2026.pdf: 12 rows
✅ 2025-12-30T14-17 [exporttegus@gmail.com] Boletín Estadístico IHCAFE al 30 de Diciembre de 2025.pdf: 12 rows
✅ [exporttegus@gmail.com] 2025-12-29T14-04 Boletin Estadistico Comercialización 29-12-2025.pdf: 12 rows
✅ 2025-12-29T14-04 [exporttegus@gmail.com] Boletín Estadístico IHCAFE al 29 de Diciembre de 2025.pdf: 12 rows
✅ [exporttegus@gmail.com] 2025-12-24T16-26 Boletin Estadistico Comercialización 24-12-2025.pdf: 12 rows
✅ [exporttegus@gmail.com] 2025-12-22T14-00 Boletin Estadistico Comercialización 22-12-2025.pdf: 12 rows
✅ 2025-12-24T16-26 [exporttegus@gmail.com] Boletín Estadístico IHCAFE al 24 de Diciembre de 2025.pdf: 12 rows
✅ 2025-12-22T14-00 [exporttegus@gmail.com] Boletín Estadístico IHCAFE al 22 de Diciembre de 2025.pdf: 12 rows
✅ [exporttegus@gmail.com] 2025-12-19T13-59 Boletin Estadistico Comercialización 19-12-2025.pdf: 12 rows
✅ 2025-12-19T13-59 [exporttegus@gmail.com] Boletín Estadístico IHCAFE al 19 de Diciembre de 2025.pdf: 12 rows
✅ [exporttegus@gmail.com] 2025-12-16T14-09 Boletin Estadistico Comercialización 16-12-2025.pdf: 12 rows
✅ [exporttegus@gmail.com] 2025-12-18T14-16 Boletin Estadistico Comercialización 18-12-2025.pdf: 12 rows
✅ 2025-12-18T14-16 [exporttegus@gmail.com] Boletín Estadístico IHCAFE al 18 de Diciembre de 2025.pdf: 12 rows
✅ [exporttegus@gmail.com] 2025-12-17T14-08 Boletin Estadistico Comercialización 17-12-2025.pdf: 12 rows
✅ 2025-12-16T14-09 [exporttegus@gmail.com] Boletín Estadístico IHCAFE al 16 de Diciembre de 2025.pdf: 12 rows
✅ [exporttegus@gmail.com] 2025-12-15T14-39 Boletin Estadistico Comercialización 15-12-2025.pdf: 12 rows
✅ 2025-12-17T14-08 [exporttegus@gmail.com] Boletín Estadístico IHCAFE al 17 de Diciembre de 2025.pdf: 12 rows
✅ 2025-12-15T14-39 [exporttegus@gmail.com] Boletín Estadístico IHCAFE al 15 de Diciembre de 2025.pdf: 12 rows
✅ [exporttegus@gmail.com] 2025-12-12T14-51 Boletin Estadistico Comercialización 12-12-2025.pdf: 12 rows
✅ 2025-12-10T14-39 [exporttegus@gmail.com] Boletín Estadístico IHCAFE al 10 de Diciembre de 2025.pdf: 12 rows
✅ [exporttegus@gmail.com] 2025-12-10T14-39 Boletin Estadistico Comercialización 10-12-2025.pdf: 12 rows
✅ 2025-12-12T14-51 [exporttegus@gmail.com] Boletín Estadístico IHCAFE al 12 de Diciembre de 2025.pdf: 12 rows
✅ [exporttegus@gmail.com] 2025-12-08T14-14 Boletin Estadistico Comercialización 08-12-2025.pdf: 12 rows
✅ [exporttegus@gmail.com] 2025-12-05T14-10 Boletin Estadistico Comercialización 05-12-2025.pdf: 12 rows
✅ 2025-12-08T14-14 [exporttegus@gmail.com] Boletín Estadístico IHCAFE al 08 de Diciembre de 2025.pdf: 12 rows
✅ 2025-12-05T14-10 [exporttegus@gmail.com] Boletín Estadístico IHCAFE al 05 de Diciembre de 2025.pdf: 12 rows
✅ 2025-12-03T15-11 [exporttegus@gmail.com] Boletín Estadístico IHCAFE al 03 de Diciembre de 2025.pdf: 12 rows
✅ [exporttegus@gmail.com] 2025-12-03T15-11 Boletin Estadistico Comercialización 03-12-2025.pdf: 12 rows
✅ [exporttegus@gmail.com] 2025-11-28T14-13 Boletin Estadistico Comercialización 28-11-2025.pdf: 12 rows
✅ [exporttegus@gmail.com] 2025-12-02T14-09 Boletin Estadistico Comercialización 02-12-2025.pdf: 12 rows
✅ [exporttegus@gmail.com] 2025-11-27T15-46 Boletin Estadistico Comercialización 27-11-2025.pdf: 12 rows
✅ 2025-12-02T14-09 [exporttegus@gmail.com] Boletín Estadístico IHCAFE al 02 de Diciembre de 2025.pdf: 12 rows
✅ 2025-11-28T14-13 [exporttegus@gmail.com] Boletín Estadístico IHCAFE al 28 de Noviembre de 2025.pdf: 12 rows
✅ 2025-11-27T15-46 [exporttegus@gmail.com] Boletín Estadístico IHCAFE al 27 de Noviembre de 2025.pdf: 12 rows
✅ [exporttegus@gmail.com] 2025-11-26T14-13 Boletin Estadistico Comercialización 26-11-2025.pdf: 12 rows
✅ 2025-11-26T14-13 [exporttegus@gmail.com] Boletín Estadístico IHCAFE al 26 de Noviembre de 2025.pdf: 12 rows
✅ 2025-11-25T14-26 [exporttegus@gmail.com] Boletín Estadístico IHCAFE al 25 de Noviembre de 2025.pdf: 12 rows
✅ [exporttegus@gmail.com] 2025-11-25T14-26 Boletin Estadistico Comercialización 25-11-2025.pdf: 12 rows
✅ [exporttegus@gmail.com] 2025-11-24T14-18 Boletin Estadistico Comercialización 24-11-2025.pdf: 12 rows
✅ [exporttegus@gmail.com] 2025-11-18T14-00 Boletin Estadistico Comercialización 18-11-2025.pdf: 12 rows
✅ [exporttegus@gmail.com] 2025-11-19T14-33 Boletin Estadistico Comercialización 19-11-2025.pdf: 12 rows
✅ 2025-11-24T14-18 [exporttegus@gmail.com] Boletín Estadístico IHCAFE al 24 de Noviembre de 2025.pdf: 12 rows
✅ 2025-11-18T14-00 [exporttegus@gmail.com] Boletín Estadístico IHCAFE al 18 de Noviembre de 2025.pdf: 12 rows
✅ 2025-11-19T14-33 [exporttegus@gmail.com] Boletín Estadístico IHCAFE al 19 de Noviembre de 2025.pdf: 12 rows
✅ [exporttegus@gmail.com] 2025-11-17T14-28 Boletin Estadistico Comercialización 17-11-2025.pdf: 12 rows
✅ 2025-11-17T14-28 [exporttegus@gmail.com] Boletín Estadístico IHCAFE al 17 de Noviembre de 2025.pdf: 12 rows
✅ [exporttegus@gmail.com] 2025-11-12T14-25 Boletin Estadistico Comercialización 12-11-2025.pdf: 12 rows
✅ 2025-11-12T14-25 [exporttegus@gmail.com] Boletín Estadístico IHCAFE al 12 de Noviembre de 2025.pdf: 12 rows
✅ [exporttegus@gmail.com] 2025-11-11T14-18 Boletin Estadistico Comercialización 11-11-2025.pdf: 12 rows
✅ [exporttegus@gmail.com] 2025-11-14T14-11 Boletin Estadistico Comercialización 14-11-2025.pdf: 12 rows
✅ 2025-11-11T14-18 [exporttegus@gmail.com] Boletín Estadístico IHCAFE al 11 de Noviembre de 2025.pdf: 12 rows
✅ 2025-11-14T14-11 [exporttegus@gmail.com] Boletín Estadístico IHCAFE al 14 de Noviembre de 2025.pdf: 12 rows
✅ [exporttegus@gmail.com] 2025-11-06T14-08 Boletin Estadistico Comercialización 06-11-2025.pdf: 12 rows
✅ [exporttegus@gmail.com] 2025-11-10T14-14 Boletin Estadistico Comercialización 10-11-2025.pdf: 12 rows
✅ 2025-11-06T14-08 [exporttegus@gmail.com] Boletín Estadístico IHCAFE al 06 de Noviembre de 2025.pdf: 12 rows
✅ 2025-11-07T14-05 [exporttegus@gmail.com] Boletín Estadístico IHCAFE al 07 de Noviembre de 2025.pdf: 12 rows
✅ 2025-11-10T14-14 [exporttegus@gmail.com] Boletín Estadístico IHCAFE al 10 de Noviembre de 2025.pdf: 12 rows
✅ [exporttegus@gmail.com] 2025-11-07T14-05 Boletin Estadistico Comercialización 07-11-2025.pdf: 12 rows
✅ [exporttegus@gmail.com] 2025-11-05T14-28 Boletin Estadistico Comercialización 05-11-2025.pdf: 12 rows
✅ 2025-11-05T14-28 [exporttegus@gmail.com] Boletín Estadístico IHCAFE al 05 de Noviembre de 2025.pdf: 12 rows
✅ [exporttegus@gmail.com] 2025-11-03T15-50 Boletin Estadistico Comercialización 03-11-2025.pdf: 12 rows
✅ [exporttegus@gmail.com] 2025-11-04T14-34 Boletin Estadistico Comercialización 04-11-2025.pdf: 12 rows
✅ [exporttegus@gmail.com] 2025-09-30T14-57 Boletin Estadistico Comercialización 29-09-2025 PRELIMINAR.pdf: 12 rows
✅ 2025-11-03T15-50 [exporttegus@gmail.com] Boletín Estadístico IHCAFE al 03 de Noviembre de 2025.pdf: 12 rows
✅ 2025-11-04T14-34 [exporttegus@gmail.com] Boletín Estadístico IHCAFE al 04 de Noviembre de 2025.pdf: 12 rows
✅ 2025-09-30T14-57 [exporttegus@gmail.com] Boletín Estadístico IHCAFE al 30 de Septiembre de 2025.pdf: 12 rows
✅ [exporttegus@gmail.com] 2025-09-29T14-57 Boletin Estadistico Comercialización 29-09-2025.pdf: 12 rows
✅ 2025-09-29T14-57 [exporttegus@gmail.com] Boletín Estadístico IHCAFE al 29 de Septiembre de 2025.pdf: 12 rows
✅ [exporttegus@gmail.com] 2025-09-25T14-57 Boletin Estadistico Comercialización 25-09-2025.pdf: 12 rows
✅ [exporttegus@gmail.com] 2025-09-26T14-57 Boletin Estadistico Comercialización 26-09-2025.pdf: 12 rows
✅ [exporttegus@gmail.com] 2025-09-24T14-57 Boletin Estadistico Comercialización 24-09-2025.pdf: 12 rows
✅ 2025-09-26T14-57 [exporttegus@gmail.com] Boletín Estadístico IHCAFE al 26 de Septiembre de 2025.pdf: 12 rows
✅ 2025-09-25T14-57 [exporttegus@gmail.com] Boletín Estadístico IHCAFE al 25 de Septiembre de 2025.pdf: 12 rows
✅ 2025-09-23T14-57 [exporttegus@gmail.com] Boletín Estadístico IHCAFE al 23 de Septiembre de 2025.pdf: 12 rows
✅ [exporttegus@gmail.com] 2025-09-23T14-57 Boletin Estadistico Comercialización 23-09-2025.pdf: 12 rows
✅ 2025-09-24T14-57 [exporttegus@gmail.com] Boletín Estadístico IHCAFE al 24 de Septiembre de 2025.pdf: 12 rows
✅ 2025-09-22T14-57 [exporttegus@gmail.com] Boletín Estadístico IHCAFE al 22 de Septiembre de 2025.pdf: 12 rows
✅ [exporttegus@gmail.com] 2025-09-22T14-57 Boletin Estadistico Comercialización 22-09-2025.pdf: 12 rows
✅ [exporttegus@gmail.com] 2025-09-19T14-57 Boletin Estadistico Comercialización 19-09-2025.pdf: 12 rows
✅ [exporttegus@gmail.com] 2025-09-18T14-57 Boletin Estadistico Comercialización 18-09-2025.pdf: 12 rows
✅ 2025-09-19T14-57 [exporttegus@gmail.com] Boletín Estadístico IHCAFE al 19 de Septiembre de 2025.pdf: 12 rows
✅ [exporttegus@gmail.com] 2025-09-17T14-57 Boletin Estadistico Comercialización 17-09-2025.pdf: 12 rows
✅ 2025-09-18T14-57 [exporttegus@gmail.com] Boletín Estadístico IHCAFE al 18 de Septiembre de 2025.pdf: 12 rows
✅ 2025-09-17T14-57 [exporttegus@gmail.com] Boletín Estadístico IHCAFE al 17 de Septiembre de 2025.pdf: 12 rows
✅ [exporttegus@gmail.com] 2025-09-16T14-57 Boletin Estadistico Comercialización 16-09-2025.pdf: 12 rows
✅ 2025-09-16T14-57 [exporttegus@gmail.com] Boletín Estadístico IHCAFE al 16 de Septiembre de 2025.pdf: 12 rows
✅ [exporttegus@gmail.com] 2025-09-12T14-57 Boletin Estadistico Comercialización 12-09-2025.pdf: 12 rows
✅ 2025-09-10T14-57 [exporttegus@gmail.com] Boletín Estadístico IHCAFE al 10 de Septiembre de 2025.pdf: 12 rows
✅ 2025-09-09T14-57 [exporttegus@gmail.com] Boletín Estadístico IHCAFE al 09 de Septiembre de 2025.pdf: 12 rows
✅ [exporttegus@gmail.com] 2025-09-10T14-57 Boletin Estadistico Comercialización 10-09-2025.pdf: 12 rows
✅ 2025-09-12T14-57 [exporttegus@gmail.com] Boletín Estadístico IHCAFE al 12 de Septiembre de 2025.pdf: 12 rows
✅ [exporttegus@gmail.com] 2025-09-09T14-57 Boletin Estadistico Comercialización 09-09-2025.pdf: 12 rows
✅ 2025-09-08T14-57 [exporttegus@gmail.com] Boletín Estadístico IHCAFE al 08 de Septiembre de 2025.pdf: 12 rows
✅ [exporttegus@gmail.com] 2025-09-05T14-57 Boletin Estadistico Comercialización 05-09-2025.pdf: 12 rows
✅ [exporttegus@gmail.com] 2025-09-03T14-57 Boletin Estadistico Comercialización 03-09-2025.pdf: 12 rows
✅ [exporttegus@gmail.com] 2025-09-08T14-57 Boletin Estadistico Comercialización 08-09-2025.pdf: 12 rows
✅ 2025-09-05T14-57 [exporttegus@gmail.com] Boletín Estadístico IHCAFE al 05 de Septiembre de 2025.pdf: 12 rows
✅ [exporttegus@gmail.com] 2025-09-04T14-57 Boletin Estadistico Comercialización 04-09-2025.pdf: 12 rows
✅ 2025-09-04T14-57 [exporttegus@gmail.com] Boletín Estadístico IHCAFE al 04 de Septiembre de 2025.pdf: 12 rows
✅ 2025-09-03T14-57 [exporttegus@gmail.com] Boletín Estadístico IHCAFE al 03 de Septiembre de 2025.pdf: 12 rows
✅ [exporttegus@gmail.com] 2025-09-01T14-57 Boletin Estadistico Comercialización 01-09-2025.pdf: 12 rows
✅ 2025-09-02T14-57 [exporttegus@gmail.com] Boletín Estadístico IHCAFE al 02 de Septiembre de 2025.pdf: 12 rows
✅ [exporttegus@gmail.com] 2025-09-02T14-57 Boletin Estadistico Comercialización 02-09-2025.pdf: 12 rows
✅ 2025-08-29T14-57 [exporttegus@gmail.com] Boletín Estadístico IHCAFE al 29 de Agosto de 2025.pdf: 12 rows
✅ 2025-09-01T14-57 [exporttegus@gmail.com] Boletín Estadístico IHCAFE al 01 de Septiembre de 2025.pdf: 12 rows
✅ [exporttegus@gmail.com] 2025-08-29T14-57 Boletin Estadistico Comercialización 29-08-2025.pdf: 12 rows
✅ [exporttegus@gmail.com] 2025-08-28T15-00 Boletin Estadistico Comercialización 28-08-2025.pdf: 12 rows
✅ [exporttegus@gmail.com] 2025-08-27T14-57 Boletin Estadistico Comercialización 27-08-2025.pdf: 12 rows
✅ 2025-08-28T15-00 [exporttegus@gmail.com] Boletín Estadístico IHCAFE al 28 de Agosto de 2025.pdf: 12 rows
✅ 2025-08-27T14-57 [exporttegus@gmail.com] Boletín Estadístico IHCAFE al 27 de Agosto de 2025.pdf: 12 rows
✅ 2025-08-26T14-57 [exporttegus@gmail.com] Boletín Estadístico IHCAFE al 26 de Agosto de 2025.pdf: 12 rows
✅ [exporttegus@gmail.com] 2025-08-25T14-58 Boletin Estadistico Comercialización 25-08-2025.pdf: 12 rows
✅ [exporttegus@gmail.com] 2025-08-26T14-57 Boletin Estadistico Comercialización 26-08-2025.pdf: 12 rows
✅ 2025-08-25T14-58 [exporttegus@gmail.com] Boletín Estadístico IHCAFE al 25 de Agosto de 2025.pdf: 12 rows
✅ [exporttegus@gmail.com] 2025-08-22T14-57 Boletin Estadistico Comercialización 22-08-2025.pdf: 12 rows
✅ 2025-08-22T14-57 [exporttegus@gmail.com] Boletín Estadístico IHCAFE al 22 de Agosto de 2025.pdf: 12 rows
✅ [exporttegus@gmail.com] 2025-08-21T14-57 Boletin Estadistico Comercialización 21-08-2025.pdf: 12 rows
✅ 2025-08-21T14-57 [exporttegus@gmail.com] Boletín Estadístico IHCAFE al 21 de Agosto de 2025.pdf: 12 rows
✅ [exporttegus@gmail.com] 2025-08-19T14-57 Boletin Estadistico Comercialización 19-08-2025.pdf: 12 rows
✅ [exporttegus@gmail.com] 2025-08-20T14-57 Boletin Estadistico Comercialización 20-08-2025.pdf: 12 rows
✅ 2025-08-20T14-57 [exporttegus@gmail.com] Boletín Estadístico IHCAFE al 20 de Agosto de 2025.pdf: 12 rows
✅ [exporttegus@gmail.com] 2025-08-18T14-57 Boletin Estadistico Comercialización 18-08-2025.pdf: 12 rows
✅ 2025-08-19T14-57 [exporttegus@gmail.com] Boletín Estadístico IHCAFE al 19 de Agosto de 2025.pdf: 12 rows
✅ 2025-08-18T14-57 [exporttegus@gmail.com] Boletín Estadístico IHCAFE al 18 de Agosto de 2025.pdf: 12 rows
✅ [exporttegus@gmail.com] 2025-08-15T14-57 Boletin Estadistico Comercialización 15-08-2025.pdf: 12 rows
✅ 2025-08-15T14-57 [exporttegus@gmail.com] Boletín Estadístico IHCAFE al 15 de Agosto de 2025.pdf: 12 rows
✅ [exporttegus@gmail.com] 2025-08-14T14-57 Boletin Estadistico Comercialización 14-08-2025.pdf: 12 rows
✅ 2025-08-14T14-57 [exporttegus@gmail.com] Boletín Estadístico IHCAFE al 14 de Agosto de 2025.pdf: 12 rows
✅ [exporttegus@gmail.com] 2025-08-13T14-57 Boletin Estadistico Comercialización 13-08-2025.pdf: 12 rows
✅ 2025-08-13T14-57 [exporttegus@gmail.com] Boletín Estadístico IHCAFE al 12 de Agosto de 2025.pdf: 12 rows
✅ [exporttegus@gmail.com] 2025-08-12T14-57 Boletin Estadistico Comercialización 12-08-2025.pdf: 12 rows
✅ 2025-08-12T14-57 [exporttegus@gmail.com] Boletín Estadístico IHCAFE al 12 de Agosto de 2025.pdf: 12 rows
✅ [exporttegus@gmail.com] 2025-08-08T14-57 Boletin Estadistico Comercialización 08-08-2025.pdf: 12 rows
✅ [exporttegus@gmail.com] 2025-08-11T14-57 Boletin Estadistico Comercialización 11-08-2025.pdf: 12 rows
✅ 2025-08-11T14-57 [exporttegus@gmail.com] Boletín Estadístico IHCAFE al 11 de Agosto de 2025.pdf: 12 rows
✅ 2025-08-08T14-57 [exporttegus@gmail.com] Boletín Estadístico IHCAFE al 08 de Agosto de 2025.pdf: 12 rows
✅ [exporttegus@gmail.com] 2025-08-07T14-57 Boletin Estadistico Comercialización 07-08-2025.pdf: 12 rows
✅ 2025-08-07T14-57 [exporttegus@gmail.com] Boletín Estadístico IHCAFE al 07 de Agosto de 2025.pdf: 12 rows
✅ [exporttegus@gmail.com] 2025-08-06T14-57 Boletin Estadistico Comercialización 06-08-2025.pdf: 12 rows
✅ 2025-08-06T14-57 [exporttegus@gmail.com] Boletín Estadístico IHCAFE al 06 de Agosto de 2025.pdf: 12 rows
✅ [exporttegus@gmail.com] 2025-08-05T14-57 Boletin Estadistico Comercialización 05-08-2025.pdf: 12 rows
✅ [exporttegus@gmail.com] 2025-08-04T14-57 Boletin Estadistico Comercialización 04-08-2025.pdf: 12 rows
✅ 2025-08-05T14-57 [exporttegus@gmail.com] Boletín Estadístico IHCAFE al 05 de Agosto de 2025.pdf: 12 rows
✅ [exporttegus@gmail.com] 2025-08-01T14-57 Boletin Estadistico Comercialización 01-08-2025.pdf: 12 rows
✅ 2025-08-04T14-57 [exporttegus@gmail.com] Boletín Estadístico IHCAFE al 04 de Agosto de 2025.pdf: 12 rows
✅ 2025-08-01T14-57 [exporttegus@gmail.com] Boletín Estadístico IHCAFE al 01 de Agosto de 2025.pdf: 12 rows
✅ 2025-07-31T14-57 [exporttegus@gmail.com] Boletín Estadístico IHCAFE al 31 de Julio de 2025.pdf: 12 rows
✅ [exporttegus@gmail.com] 2025-07-31T14-57 Boletin Estadistico Comercialización 31-07-2025.pdf: 12 rows
✅ [exporttegus@gmail.com] 2025-07-29T14-57 Boletin Estadistico Comercialización 29-07-2025.pdf: 12 rows
✅ 2025-07-29T14-57 [exporttegus@gmail.com] Boletín Estadístico IHCAFE al 29 de Julio de 2025.pdf: 12 rows
✅ [exporttegus@gmail.com] 2025-07-30T14-57 Boletin Estadistico Comercialización 30-07-2025.pdf: 12 rows
✅ 2025-07-30T14-57 [exporttegus@gmail.com] Boletín Estadístico IHCAFE al 30 de Julio de 2025.pdf: 12 rows
✅ [exporttegus@gmail.com] 2025-07-28T14-57 Boletin Estadistico Comercialización 28-07-2025.pdf: 12 rows
✅ [exporttegus@gmail.com] 2025-07-25T14-57 Boletin Estadistico Comercialización 25-07-2025.pdf: 12 rows
✅ 2025-07-25T14-57 [exporttegus@gmail.com] Boletín Estadístico IHCAFE al 25 de Julio de 2025.pdf: 12 rows
✅ 2025-07-28T14-57 [exporttegus@gmail.com] Boletín Estadístico IHCAFE al 28 de Julio de 2025.pdf: 12 rows
✅ [exporttegus@gmail.com] 2025-07-24T14-57 Boletin Estadistico Comercialización 24-07-2025.pdf: 12 rows
✅ 2025-07-24T14-57 [exporttegus@gmail.com] Boletín Estadístico IHCAFE al 24 de Julio de 2025.pdf: 12 rows
✅ [exporttegus@gmail.com] 2025-07-23T14-57 Boletin Estadistico Comercialización 23-07-2025.pdf: 12 rows
✅ 2025-07-23T14-57 [exporttegus@gmail.com] Boletín Estadístico IHCAFE al 23 de Julio de 2025.pdf: 12 rows
✅ [exporttegus@gmail.com] 2025-07-22T14-57 Boletin Estadistico Comercialización 22-07-2025.pdf: 12 rows
✅ [exporttegus@gmail.com] 2025-07-21T14-57 Boletin Estadistico Comercialización 21-07-2025.pdf: 12 rows
✅ 2025-07-22T14-57 [exporttegus@gmail.com] Boletín Estadístico IHCAFE al 22 de Julio de 2025.pdf: 12 rows
✅ 2025-07-21T14-57 [exporttegus@gmail.com] Boletín Estadístico IHCAFE al 21 de Julio de 2025.pdf: 12 rows
✅ 2025-07-17T14-57 [exporttegus@gmail.com] Boletín Estadístico IHCAFE al 17 de Julio de 2025.pdf: 12 rows
✅ 2025-07-18T14-57 [exporttegus@gmail.com] Boletín Estadístico IHCAFE al 18 de Julio de 2025.pdf: 12 rows
✅ [exporttegus@gmail.com] 2025-07-18T14-57 Boletin Estadistico Comercialización 18-07-2025.pdf: 12 rows
✅ 2025-07-16T14-57 [exporttegus@gmail.com] Boletín Estadístico IHCAFE al 16 de Julio de 2025.pdf: 12 rows
✅ [exporttegus@gmail.com] 2025-07-17T14-57 Boletin Estadistico Comercialización 17-07-2025.pdf: 12 rows
✅ 2025-07-14T14-57 [exporttegus@gmail.com] Boletín Estadístico IHCAFE al 14 de Julio de 2025.pdf: 12 rows
✅ 2025-07-15T14-57 [exporttegus@gmail.com] Boletín Estadístico IHCAFE al 15 de Julio de 2025.pdf: 12 rows
✅ 2025-07-11T15-00 [exporttegus@gmail.com] Boletín Estadístico IHCAFE al 11 de Julio de 2025.pdf: 12 rows
✅ 2025-07-10T14-57 [exporttegus@gmail.com] Boletín Estadístico IHCAFE al 10 de Julio de 2025.pdf: 12 rows
✅ 2025-07-09T14-57 [exporttegus@gmail.com] Boletín Estadístico IHCAFE al 09 de Julio de 2025.pdf: 12 rows
✅ 2025-07-08T14-57 [exporttegus@gmail.com] Boletín Estadístico IHCAFE al 08 de Julio de 2025.pdf: 12 rows
✅ 2025-07-04T15-00 [exporttegus@gmail.com] Boletín Estadístico IHCAFE al 04 de Julio de 2025.pdf: 12 rows
✅ 2025-07-01T14-58 [exporttegus@gmail.com] Boletín Estadístico IHCAFE al 01 de Julio de 2025.pdf: 12 rows
✅ 2025-06-30T14-59 [exporttegus@gmail.com] Boletín Estadístico IHCAFE al 30 de Junio de 2025.pdf: 12 rows
✅ 2025-06-25T15-00 [exporttegus@gmail.com] Boletín Estadístico IHCAFE al 25 de Junio de 2025.pdf: 12 rows
✅ 2025-06-26T14-57 [exporttegus@gmail.com] Boletín Estadístico IHCAFE al 26 de Junio de 2025.pdf: 12 rows
✅ 2025-06-27T14-57 [exporttegus@gmail.com] Boletín Estadístico IHCAFE al 27 de Enero de 2025.pdf: 12 rows
✅ 2025-06-24T14-57 [exporttegus@gmail.com] Boletín Estadístico IHCAFE al 24 de Junio de 2025.pdf: 12 rows
✅ 2025-06-19T14-57 [exporttegus@gmail.com] Boletín Estadístico IHCAFE al 19 de Junio de 2025.pdf: 12 rows
✅ 2025-06-23T14-57 [exporttegus@gmail.com] Boletín Estadístico IHCAFE al 23 de Junio de 2025.pdf: 12 rows
✅ 2025-06-20T14-57 [exporttegus@gmail.com] Boletín Estadístico IHCAFE al 20 de Junio de 2025.pdf: 12 rows
✅ 2025-06-18T15-23 [exporttegus@gmail.com] Boletín Estadístico IHCAFE al 18 de Junio de 2025.pdf: 12 rows
✅ 2025-06-17T14-57 [exporttegus@gmail.com] Boletín Estadístico IHCAFE al 17 de Junio de 2025.pdf: 12 rows
✅ 2025-06-13T14-59 [exporttegus@gmail.com] Boletín Estadístico IHCAFE al 13 de Junio de 2025.pdf: 12 rows
✅ 2025-06-10T14-57 [exporttegus@gmail.com] Boletín Estadístico IHCAFE al 10 de Junio de 2025.pdf: 12 rows
✅ 2025-06-06T14-57 [exporttegus@gmail.com] Boletín Estadístico IHCAFE al 06 de Junio de 2025.pdf: 12 rows
✅ 2025-06-16T14-57 [exporttegus@gmail.com] Boletín Estadístico IHCAFE al 16 de Junio de 2025.pdf: 12 rows
✅ 2025-06-09T14-57 [exporttegus@gmail.com] Boletín Estadístico IHCAFE al 09 de Junio de 2025.pdf: 12 rows
✅ 2025-06-12T14-57 [exporttegus@gmail.com] Boletín Estadístico IHCAFE al 12 de Junio de 2025.pdf: 12 rows
✅ 2025-06-11T14-57 [exporttegus@gmail.com] Boletín Estadístico IHCAFE al 11 de Junio de 2025.pdf: 12 rows
✅ 2025-06-04T14-57 [exporttegus@gmail.com] Boletín Estadístico IHCAFE al 04 de Junio de 2025.pdf: 12 rows
✅ 2025-06-05T14-57 [exporttegus@gmail.com] Boletín Estadístico IHCAFE al 05 de Junio de 2025.pdf: 12 rows
✅ 2025-06-03T14-57 [exporttegus@gmail.com] Boletín Estadístico IHCAFE al 03 de Junio de 2025.pdf: 12 rows
✅ 2025-06-02T14-57 [exporttegus@gmail.com] Boletín Estadístico IHCAFE al 02 de Junio de 2025.pdf: 12 rows
✅ 2025-05-29T14-57 [exporttegus@gmail.com] Boletín Estadístico IHCAFE al 29 de Mayo de 2025.pdf: 12 rows
✅ 2025-05-27T15-00 [exporttegus@gmail.com] Boletín Estadístico IHCAFE al 27 de Mayo de 2025.pdf: 12 rows
✅ 2025-05-28T14-57 [exporttegus@gmail.com] Boletín Estadístico IHCAFE al 28 de Mayo de 2025.pdf: 12 rows
✅ 2025-05-26T15-00 [exporttegus@gmail.com] Boletín Estadístico IHCAFE al 26 de Mayo de 2025.pdf: 12 rows
✅ 2025-05-22T23-49 [exporttegus@gmail.com] Boletín Estadístico IHCAFE al 22 de Mayo de 2025.pdf: 12 rows
✅ 2025-05-30T14-57 [exporttegus@gmail.com] Boletín Estadístico IHCAFE al 30 de Mayo de 2025.pdf: 12 rows
✅ 2025-05-20T15-00 [exporttegus@gmail.com] Boletín Estadístico IHCAFE al 20 de Mayo de 2025.pdf: 12 rows
✅ 2025-05-14T15-01 [exporttegus@gmail.com] Boletín Estadístico IHCAFE al 14 de Mayo de 2025.pdf: 12 rows
✅ 2025-05-16T18-01 [exporttegus@gmail.com] Boletín Estadístico IHCAFE al 16 de Mayo de 2025.pdf: 12 rows
✅ 2025-05-09T14-57 [exporttegus@gmail.com] Boletín Estadístico IHCAFE al 09 de Mayo de 2025.pdf: 12 rows
✅ 2025-05-19T15-27 [exporttegus@gmail.com] Boletín Estadístico IHCAFE al 19 de Mayo de 2025.pdf: 12 rows
✅ 2025-05-12T14-57 [exporttegus@gmail.com] Boletín Estadístico IHCAFE al 12 de Mayo de 2025.pdf: 12 rows
✅ 2025-05-13T14-57 [exporttegus@gmail.com] Boletín Estadístico IHCAFE al 13 de Mayo de 2025.pdf: 12 rows
✅ 2025-05-08T14-57 [exporttegus@gmail.com] Boletín Estadístico IHCAFE al 08 de Mayo de 2025.pdf: 12 rows
❌ 2025-04-29T15-06 [exporttegus@gmail.com] Cierre de Bolsa ICE al 29 de Abril de 2025.pdf: Pattern 'Exportaciones Mensuales' not found on last page
✅ 2025-05-07T14-57 [exporttegus@gmail.com] Boletín Estadístico IHCAFE al 07 de Mayo de 2025.pdf: 12 rows
✅ 2025-05-06T14-57 [exporttegus@gmail.com] Boletín Estadístico IHCAFE al 06 de Mayo de 2025.pdf: 12 rows
✅ 2025-05-02T15-34 [exporttegus@gmail.com] Boletín Estadístico IHCAFE al 02 de Mayo de 2025.pdf: 12 rows
✅ 2025-05-05T14-57 [exporttegus@gmail.com] Boletín Estadístico IHCAFE al 05 de Mayo de 2025.pdf: 12 rows
✅ 2025-04-25T14-57 [exporttegus@gmail.com] Boletín Estadístico IHCAFE al 25 de Abril de 2025.pdf: 12 rows
✅ 2025-04-30T14-57 [exporttegus@gmail.com] Boletín Estadístico IHCAFE al 30 de Abril de 2025.pdf: 12 rows
✅ 2025-04-28T15-13 [exporttegus@gmail.com] Boletín Estadístico IHCAFE al 28 de Abril de 2025.pdf: 12 rows
✅ 2025-04-24T14-56 [exporttegus@gmail.com] Boletín Estadístico IHCAFE al 24 de Abril de 2025.pdf: 12 rows
✅ 2025-04-22T15-00 [exporttegus@gmail.com] Boletín Estadístico IHCAFE al 22 de Abril de 2025.pdf: 12 rows
✅ 2025-04-15T14-57 [exporttegus@gmail.com] Boletín Estadístico IHCAFE al 15 de Abril de 2025.pdf: 12 rows
✅ 2025-04-14T14-57 [exporttegus@gmail.com] Boletín Estadístico IHCAFE al 14 de Abril de 2025.pdf: 12 rows
✅ 2025-04-23T15-00 [exporttegus@gmail.com] Boletín Estadístico IHCAFE al 23 de Abril de 2025.pdf: 12 rows
✅ 2025-04-10T14-57 [exporttegus@gmail.com] Boletín Estadístico IHCAFE al 10 de Abril de 2025.pdf: 12 rows
✅ 2025-04-11T14-57 [exporttegus@gmail.com] Boletín Estadístico IHCAFE al 11 de Abril de 2025.pdf: 12 rows
✅ 2025-04-09T14-57 [exporttegus@gmail.com] Boletín Estadístico IHCAFE al 09 de Abril de 2025.pdf: 12 rows
✅ 2025-04-08T14-57 [exporttegus@gmail.com] Boletín Estadístico IHCAFE al 08 de Abril de 2025.pdf: 12 rows
✅ 2025-04-07T15-00 [exporttegus@gmail.com] Boletín Estadístico IHCAFE al 07 de Abril de 2025.pdf: 12 rows
✅ 2025-03-31T14-57 [exporttegus@gmail.com] Boletín Estadístico IHCAFE al 31 de Marzo de 2025.pdf: 12 rows
✅ 2025-04-01T14-57 [exporttegus@gmail.com] Boletín Estadístico IHCAFE al 01 de Abril de 2025.pdf: 12 rows
✅ 2025-04-04T14-57 [exporttegus@gmail.com] Boletín Estadístico IHCAFE al 04 de Abril de 2025.pdf: 12 rows
✅ 2025-04-03T15-18 [exporttegus@gmail.com] Boletín Estadístico IHCAFE al 03 de Abril de 2025.pdf: 12 rows
✅ 2025-03-28T14-57 [exporttegus@gmail.com] Boletín Estadístico IHCAFE al 28 de Marzo de 2025.pdf: 12 rows
✅ 2025-03-27T14-57 [exporttegus@gmail.com] Boletín Estadístico IHCAFE al 27 de Marzo de 2025.pdf: 12 rows
✅ 2025-03-25T14-57 [exporttegus@gmail.com] Boletín Estadístico IHCAFE al 25 de Marzo de 2025.pdf: 12 rows
✅ 2025-03-26T15-00 [exporttegus@gmail.com] Boletín Estadístico IHCAFE al 26 de Marzo de 2025.pdf: 12 rows
✅ 2025-03-20T14-57 [exporttegus@gmail.com] Boletín Estadístico IHCAFE al 20 de Marzo de 2025.pdf: 12 rows
✅ 2025-03-19T14-57 [exporttegus@gmail.com] Boletín Estadístico IHCAFE al 19 de Marzo de 2025.pdf: 12 rows
✅ 2025-03-24T14-57 [exporttegus@gmail.com] Boletín Estadístico IHCAFE al 24 de Marzo de 2025.pdf: 12 rows
✅ 2025-03-18T14-57 [exporttegus@gmail.com] Boletín Estadístico IHCAFE al 18 de Marzo de 2025.pdf: 12 rows
✅ 2025-03-13T15-02 [exporttegus@gmail.com] Boletín Estadístico IHCAFE al 13 de Marzo de 2025.pdf: 12 rows
✅ 2025-03-17T14-57 [exporttegus@gmail.com] Boletín Estadístico IHCAFE al 17 de Marzo de 2025.pdf: 12 rows
✅ 2025-03-12T14-58 [exporttegus@gmail.com] Boletín Estadístico IHCAFE al 12 de Marzo de 2025.pdf: 12 rows
✅ 2025-03-06T14-04 [exporttegus@gmail.com] Boletín Estadístico IHCAFE al 06 de Marzo de 2025.pdf: 12 rows
✅ 2025-03-11T14-57 [exporttegus@gmail.com] Boletín Estadístico IHCAFE al 11 de Marzo de 2025.pdf: 12 rows
✅ 2025-03-10T14-57 [exporttegus@gmail.com] Boletín Estadístico IHCAFE al 10 de Marzo de 2025.pdf: 12 rows
❌ 2025-02-28T10-59 [exporttegus@gmail.com] Compras, Ventas y Exportaciones al 27Feb2025.pdf: Pattern 'Exportaciones Mensuales' not found on last page
✅ 2025-03-07T14-00 [exporttegus@gmail.com] Boletín Estadístico IHCAFE al 07 de Marzo de 2025.pdf: 12 rows
✅ 2025-03-05T14-00 [exporttegus@gmail.com] Boletín Estadístico IHCAFE al 05 de Marzo de 2025.pdf: 12 rows
✅ 2025-03-04T14-01 [exporttegus@gmail.com] Boletín Estadístico IHCAFE al 04 de Marzo de 2025.pdf: 12 rows
✅ 2025-03-03T13-59 [exporttegus@gmail.com] Boletín Estadístico IHCAFE al 03 de Marzo de 2025.pdf: 12 rows
✅ 2025-02-28T14-00 [exporttegus@gmail.com] Boletín Estadístico IHCAFE al 28 de Febrero de 2025.pdf: 12 rows
✅ 2025-02-24T14-00 [exporttegus@gmail.com] Boletín Estadístico IHCAFE al 24 de Febrero de 2025.pdf: 12 rows
✅ 2025-02-27T13-59 [exporttegus@gmail.com] Boletín Estadístico IHCAFE al 27 de Febrero de 2025.pdf: 12 rows
✅ 2025-02-26T13-59 [exporttegus@gmail.com] Boletín Estadístico IHCAFE al 26 de Febrero de 2025.pdf: 12 rows
✅ 2025-02-21T14-02 [exporttegus@gmail.com] Boletín Estadístico IHCAFE al 21 de Febrero de 2025.pdf: 12 rows
✅ 2025-02-25T14-01 [exporttegus@gmail.com] Boletín Estadístico IHCAFE al 25 de Febrero de 2025.pdf: 12 rows
✅ 2025-02-20T13-59 [exporttegus@gmail.com] Boletín Estadístico IHCAFE al 20 de Febrero de 2025.pdf: 12 rows
✅ 2025-02-19T14-05 [exporttegus@gmail.com] Boletín Estadístico IHCAFE al 19 de Febrero de 2025.pdf: 12 rows
✅ 2025-02-18T14-01 [exporttegus@gmail.com] Boletín Estadístico IHCAFE al 18 de Febrero de 2025.pdf: 12 rows
✅ 2025-02-17T13-58 [exporttegus@gmail.com] Boletín Estadístico IHCAFE al 17 de Febrero de 2025.pdf: 12 rows
✅ 2025-02-12T14-00 [exporttegus@gmail.com] Boletín Estadístico IHCAFE al 12 de Febrero de 2025.pdf: 12 rows
✅ 2025-02-14T14-01 [exporttegus@gmail.com] Boletín Estadístico IHCAFE al 14 de Febrero de 2025.pdf: 12 rows
✅ 2025-02-11T14-03 [exporttegus@gmail.com] Boletín Estadístico IHCAFE al 11 de Febrero de 2025.pdf: 12 rows
✅ 2025-02-07T13-59 [exporttegus@gmail.com] Boletín Estadístico IHCAFE al 07 de Febrero de 2025.pdf: 12 rows
✅ 2025-02-13T13-59 [exporttegus@gmail.com] Boletín Estadístico IHCAFE al 13 de Febrero de 2025.pdf: 12 rows
✅ 2025-02-10T14-02 [exporttegus@gmail.com] Boletín Estadístico IHCAFE al 12 de Febrero de 2025.pdf: 12 rows
✅ 2025-02-06T14-00 [exporttegus@gmail.com] Boletín Estadístico IHCAFE al 06 de Febrero de 2025.pdf: 12 rows
✅ 2025-02-04T13-59 [exporttegus@gmail.com] Boletín Estadístico IHCAFE al 04 de Febrero de 2025.pdf: 12 rows
✅ 2025-02-03T14-00 [exporttegus@gmail.com] Boletín Estadístico IHCAFE al 03 de Febrero de 2025.pdf: 12 rows
✅ 2025-01-27T14-02 [exporttegus@gmail.com] Boletín Estadístico IHCAFE al 27 de Enero de 20245.pdf: 12 rows
✅ 2025-01-31T14-01 [exporttegus@gmail.com] Boletín Estadístico IHCAFE al 31 de Enero de 2025.pdf: 12 rows
✅ 2025-01-24T13-57 [exporttegus@gmail.com] Boletín Estadístico IHCAFE al 24 de Enero de 2025.pdf: 12 rows
✅ 2025-01-28T14-02 [exporttegus@gmail.com] Boletín Estadístico IHCAFE al 28 de Enero de 2025.pdf: 12 rows
✅ 2025-01-30T14-04 [exporttegus@gmail.com] Boletín Estadístico IHCAFE al 30 de Enero de 2025.pdf: 12 rows
✅ 2025-01-29T14-00 [exporttegus@gmail.com] Boletín Estadístico IHCAFE al 29 de Enero de 2025.pdf: 12 rows
✅ 2025-01-23T14-00 [exporttegus@gmail.com] Boletín Estadístico IHCAFE al 23 de Enero de 2025.pdf: 12 rows
✅ 2025-01-20T13-59 [exporttegus@gmail.com] Boletín Estadístico IHCAFE al 20 de Enero de 2025.pdf: 12 rows
✅ 2025-01-22T14-05 [exporttegus@gmail.com] Boletín Estadístico IHCAFE al 22 de Enero de 2025.pdf: 12 rows
✅ 2025-01-17T13-57 [exporttegus@gmail.com] Boletín Estadístico IHCAFE al 17 de Enero de 2025.pdf: 12 rows
✅ 2025-01-14T14-03 [exporttegus@gmail.com] Boletín Estadístico IHCAFE al 14 de Enero de 2025.pdf: 12 rows
✅ 2025-01-10T14-02 [exporttegus@gmail.com] Boletín Estadístico IHCAFE al 10 de Enero de 2025.pdf: 12 rows
✅ 2025-01-15T14-03 [exporttegus@gmail.com] Boletín Estadístico IHCAFE al 15 de Enero de 2025.pdf: 12 rows
✅ 2025-01-09T14-00 [exporttegus@gmail.com] Boletín Estadístico IHCAFE al 09 de Enero de 2025.pdf: 12 rows
✅ 2025-01-08T14-05 [exporttegus@gmail.com] Boletín Estadístico IHCAFE al 08 de Enero de 2025.pdf: 12 rows
✅ 2025-01-06T14-04 [exporttegus@gmail.com] Boletín Estadístico IHCAFE al 06 de Enero de 2025.pdf: 12 rows
✅ 2024-12-20T21-08 [exporttegus@gmail.com] Boletín Estadístico IHCAFE al 20 de Diciembre de 2024.pdf: 12 rows
✅ 2024-12-18T18-36 [exporttegus@gmail.com] Boletín Estadístico IHCAFE al 18 de Diciembre de 2024.pdf: 12 rows
✅ 2024-12-27T14-35 [exporttegus@gmail.com] Boletín Estadístico IHCAFE al 27 de Diciembre de 2024.pdf: 12 rows
✅ 2025-01-07T14-04 [exporttegus@gmail.com] Boletín Estadístico IHCAFE al 07 de Enero de 2025.pdf: 12 rows
✅ 2024-12-16T22-53 [exporttegus@gmail.com] Boletín Estadístico IHCAFE al 16 de Diciembre de 2024.pdf: 12 rows
✅ 2024-12-12T16-02 [exporttegus@gmail.com] Boletín Estadístico IHCAFE al 12 de Diciembre de 2024.pdf: 12 rows
✅ 2024-12-10T14-00 [exporttegus@gmail.com] Boletín Estadístico IHCAFE al 10 de Diciembre de 2024.pdf: 12 rows
✅ 2024-12-09T14-03 [exporttegus@gmail.com] Boletín Estadístico IHCAFE al 09 de Diciembre de 2024.pdf: 12 rows
✅ 2024-12-06T14-13 [exporttegus@gmail.com] Boletín Estadístico IHCAFE al 06 de Diciembre de 2024.pdf: 12 rows
✅ 2024-12-05T14-05 [exporttegus@gmail.com] Boletín Estadístico IHCAFE al 05 de Diciembre de 2024.pdf: 12 rows
✅ 2024-11-29T13-57 [exporttegus@gmail.com] Boletín Estadístico IHCAFE al 29 de Noviembre de 2024.pdf: 12 rows
✅ 2024-11-28T14-00 [exporttegus@gmail.com] Boletín Estadístico IHCAFE al 28 de Noviembre de 2024.pdf: 12 rows
✅ 2024-12-04T14-04 [exporttegus@gmail.com] Boletín Estadístico IHCAFE al 04 de Diciembre de 2024.pdf: 12 rows
✅ 2024-12-03T14-11 [exporttegus@gmail.com] Boletín Estadístico IHCAFE al 03 de Diciembre de 2024.pdf: 12 rows
✅ 2024-11-26T14-11 [exporttegus@gmail.com] Boletín Estadístico IHCAFE al 26 de Noviembre de 2024.pdf: 12 rows
✅ 2024-11-27T14-03 [exporttegus@gmail.com] Boletín Estadístico IHCAFE al 27 de Noviembre de 2024.pdf: 12 rows
✅ 2024-11-25T14-12 [exporttegus@gmail.com] Boletín Estadístico IHCAFE al 25 de Noviembre de 2024.pdf: 12 rows
✅ 2024-11-18T14-02 [exporttegus@gmail.com] Boletín Estadístico IHCAFE al 18 de Noviembre de 2024.pdf: 12 rows
✅ 2024-11-21T14-10 [exporttegus@gmail.com] Boletín Estadístico IHCAFE al 21 de Noviembre de 2024.pdf: 12 rows
✅ 2024-11-22T13-59 [exporttegus@gmail.com] Boletín Estadístico IHCAFE al 22 de Noviembre de 2024.pdf: 12 rows
✅ 2024-11-19T14-05 [exporttegus@gmail.com] Boletín Estadístico IHCAFE al 19 de Noviembre de 2024.pdf: 12 rows
✅ 2024-11-20T14-00 [exporttegus@gmail.com] Boletín Estadístico IHCAFE al 20 de Noviembre de 2024.pdf: 12 rows
✅ 2024-11-14T14-12 [exporttegus@gmail.com] Boletín Estadístico IHCAFE al 14 de Noviembre de 2024.pdf: 12 rows
✅ 2024-11-13T14-01 [exporttegus@gmail.com] Boletín Estadístico IHCAFE al 13 de Noviembre de 2024.pdf: 12 rows
✅ 2024-11-15T14-12 [exporttegus@gmail.com] Boletín Estadístico IHCAFE al 15 de Noviembre de 2024.pdf: 12 rows
✅ 2024-11-07T14-07 [exporttegus@gmail.com] Boletín Estadístico IHCAFE al 07 de Noviembre de 2024.pdf: 12 rows
✅ 2024-11-08T14-07 [exporttegus@gmail.com] Boletín Estadístico IHCAFE al 08 de Noviembre de 2024.pdf: 12 rows
✅ 2024-11-12T13-44 [exporttegus@gmail.com] Boletín Estadístico IHCAFE al 12 de Noviembre de 2024.pdf: 12 rows
✅ 2024-11-05T15-17 [exporttegus@gmail.com] Boletín Estadístico IHCAFE al 05 de Noviembre de 2024.pdf: 12 rows
✅ 2024-11-06T14-14 [exporttegus@gmail.com] Boletín Estadístico IHCAFE al 06 de Noviembre de 2024.pdf: 12 rows
✅ 2024-11-04T14-26 [exporttegus@gmail.com] Boletín Estadístico IHCAFE al 04 de Noviembre de 2024.pdf: 12 rows
✅ 2024-09-26T14-57 [exporttegus@gmail.com] Boletín Estadístico IHCAFE al 26 de Septiembre de 2024.pdf: 11 rows
✅ 2024-09-27T14-57 [exporttegus@gmail.com] Boletín Estadístico IHCAFE al 27 de Septiembre de 2024.pdf: 11 rows
✅ 2024-09-30T14-57 [exporttegus@gmail.com] Boletín Estadístico IHCAFE al 30 de Septiembre de 2024.pdf: 11 rows
✅ 2024-09-23T14-57 [exporttegus@gmail.com] Boletín Estadístico IHCAFE al 23 de Septiembre de 2024.pdf: 11 rows
✅ 2024-09-19T14-59 [exporttegus@gmail.com] Boletín Estadístico IHCAFE al 19 de Septiembre de 2024.pdf: 11 rows
✅ 2024-09-20T14-57 [exporttegus@gmail.com] Boletín Estadístico IHCAFE al 20 de Septiembre de 2024.pdf: 11 rows
✅ 2024-09-24T14-57 [exporttegus@gmail.com] Boletín Estadístico IHCAFE al 24 de Septiembre de 2024.pdf: 11 rows
✅ 2024-09-16T14-57 [exporttegus@gmail.com] Boletín Estadístico IHCAFE al 16 de Septiembre de 2024.pdf: 11 rows
✅ 2024-09-17T14-57 [exporttegus@gmail.com] Boletín Estadístico IHCAFE al 17 de Septiembre de 2024.pdf: 11 rows
✅ 2024-09-18T14-57 [exporttegus@gmail.com] Boletín Estadístico IHCAFE al 18 de Septiembre de 2024.pdf: 11 rows
✅ 2024-09-13T14-57 [exporttegus@gmail.com] Boletín Estadístico IHCAFE al 13 de Septiembre de 2024.pdf: 11 rows
✅ 2024-09-12T14-57 [exporttegus@gmail.com] Boletín Estadístico IHCAFE al 12 de Septiembre de 2024.pdf: 11 rows
✅ 2024-09-11T14-57 [exporttegus@gmail.com] Boletín Estadístico IHCAFE al 11 de Septiembre de 2024.pdf: 11 rows
✅ 2024-09-09T14-57 [exporttegus@gmail.com] Boletín Estadístico IHCAFE al 09 de Septiembre de 2024.pdf: 11 rows
✅ 2024-09-04T14-57 [exporttegus@gmail.com] Boletín Estadístico IHCAFE al 04 de Septiembre de 2024.pdf: 11 rows
✅ 2024-09-10T14-57 [exporttegus@gmail.com] Boletín Estadístico IHCAFE al 10 de Septiembre de 2024.pdf: 11 rows
✅ 2024-09-05T14-57 [exporttegus@gmail.com] Boletín Estadístico IHCAFE al 05 de Septiembre de 2024.pdf: 11 rows
✅ 2024-09-02T14-58 [exporttegus@gmail.com] Boletín Estadístico IHCAFE al 02 de Septiembre de 2024.pdf: 11 rows
✅ 2024-09-03T14-57 [exporttegus@gmail.com] Boletín Estadístico IHCAFE al 03 de Septiembre de 2024.pdf: 11 rows
✅ 2024-08-30T15-00 [exporttegus@gmail.com] Boletín Estadístico IHCAFE al 30 de Agosto de 2024.pdf: 11 rows
✅ 2024-08-29T15-07 [exporttegus@gmail.com] Boletín Estadístico IHCAFE al 29 de Agosto de 2024.pdf: 11 rows
✅ 2024-08-26T14-57 [exporttegus@gmail.com] Boletín Estadístico IHCAFE al 26 de Agosto de 2024.pdf: 11 rows
✅ 2024-08-27T15-00 [exporttegus@gmail.com] Boletín Estadístico IHCAFE al 27 de Agosto de 2024.pdf: 10 rows
✅ 2024-08-22T15-00 [exporttegus@gmail.com] Boletín Estadístico IHCAFE al 22 de Agosto de 2024.pdf: 10 rows
✅ 2024-08-23T15-14 [exporttegus@gmail.com] Boletín Estadístico IHCAFE al 23 de Agosto de 2024.pdf: 10 rows
✅ 2024-08-20T15-00 [exporttegus@gmail.com] Boletín Estadístico IHCAFE al 20 de Agosto de 2024.pdf: 10 rows
✅ 2024-08-19T14-57 [exporttegus@gmail.com] Boletín Estadístico IHCAFE al 19 de Agosto de 2024.pdf: 11 rows
✅ 2024-08-16T15-00 [exporttegus@gmail.com] Boletín Estadístico IHCAFE al 16 de Agosto de 2024.pdf: 10 rows
✅ 2024-08-14T15-00 [exporttegus@gmail.com] Boletín Estadístico IHCAFE al 14 de Agosto de 2024.pdf: 10 rows
✅ 2024-08-15T15-00 [exporttegus@gmail.com] Boletín Estadístico IHCAFE al 15 de Agosto de 2024.pdf: 10 rows
✅ 2024-08-13T15-00 [exporttegus@gmail.com] Boletín Estadístico IHCAFE al 13 de Agosto de 2024.pdf: 10 rows
✅ 2024-08-12T15-00 [exporttegus@gmail.com] Boletín Estadístico IHCAFE al 12 de Agosto de 2024.pdf: 10 rows
✅ 2024-08-09T15-00 [exporttegus@gmail.com] Boletín Estadístico IHCAFE al 09 de Agosto de 2024.pdf: 10 rows
❌ 2024-08-05T15-22 [exporttegus@gmail.com] Boletín Estadístico IHCAFE al 05 de Agosto de 2024.pdf: Pattern 'Exportaciones Mensuales' not found on last page
✅ 2024-08-07T15-27 [exporttegus@gmail.com] Boletín Estadístico IHCAFE al 07 de Agosto de 2024.pdf: 10 rows
✅ 2024-08-08T15-05 [exporttegus@gmail.com] Boletín Estadístico IHCAFE al 08 de Agosto de 2024.pdf: 10 rows
✅ 2024-08-06T15-13 [exporttegus@gmail.com] Boletín Estadístico IHCAFE al 06 de Agosto de 2024.pdf: 11 rows
✅ 2024-08-05T15-24 [exporttegus@gmail.com] Boletín Estadístico IHCAFE al 05 de Agosto de 2024.pdf: 10 rows
✅ 2024-07-30T14-07 [exporttegus@gmail.com] Boletín Estadístico IHCAFE al 30 de Julio de 2024.pdf: 10 rows
✅ 2024-07-29T14-34 [exporttegus@gmail.com] Boletín Estadístico IHCAFE al 29 de Julio de 2024.pdf: 10 rows
✅ 2024-08-02T14-15 [exporttegus@gmail.com] Boletín Estadístico IHCAFE al 02 de Agosto de 2024.pdf: 10 rows
✅ 2024-07-31T14-29 [exporttegus@gmail.com] Boletín Estadístico IHCAFE al 31 de Julio de 2024.pdf: 10 rows
✅ 2024-07-26T15-09 [exporttegus@gmail.com] Boletín Estadístico IHCAFE al 26 de Julio de 2024.pdf: 10 rows
✅ 2024-07-24T15-19 [exporttegus@gmail.com] Boletín Estadístico IHCAFE al 24 de Julio de 2024.pdf: 10 rows
✅ 2024-07-25T15-08 [exporttegus@gmail.com] Boletín Estadístico IHCAFE al 24 de julio de 2024.pdf: 10 rows
✅ 2024-07-22T15-15 [exporttegus@gmail.com] Boletín Estadístico IHCAFE al 22 de Julio de 2024.pdf: 10 rows
✅ 2024-07-19T15-11 [exporttegus@gmail.com] Boletín Estadístico IHCAFE al 19 de Julio de 2024.pdf: 10 rows
✅ 2024-07-23T15-59 [exporttegus@gmail.com] Boletín Estadístico IHCAFE al 23 de Julio de 2024.pdf: 10 rows
✅ 2024-07-18T15-07 [exporttegus@gmail.com] Boletín Estadístico IHCAFE al 18 de Julio de 2024.pdf: 10 rows
✅ 2024-07-17T15-08 [exporttegus@gmail.com] Boletín Estadístico IHCAFE al 17 de Julio de 2024.pdf: 10 rows
✅ 2024-07-16T14-57 [exporttegus@gmail.com] Boletín Estadístico IHCAFE al 16 de Julio de 2024.pdf: 11 rows
✅ 2024-07-15T15-07 [exporttegus@gmail.com] Boletín Estadístico IHCAFE al 15 de Julio de 2024.pdf: 10 rows
✅ 2024-07-12T14-58 [exporttegus@gmail.com] Boletín Estadístico IHCAFE al 12 de Julio de 2024.pdf: 11 rows
✅ 2024-07-11T14-58 [exporttegus@gmail.com] Boletín Estadístico IHCAFE al 11 de Julio de 2024.pdf: 11 rows
✅ 2024-07-10T14-58 [exporttegus@gmail.com] Boletín Estadístico IHCAFE al 10 de Julio de 2024.pdf: 11 rows
✅ 2024-07-04T14-04 [exporttegus@gmail.com] Boletín Estadístico IHCAFE al 04 de Julio de 2024.pdf: 10 rows
✅ 2024-07-05T14-55 [exporttegus@gmail.com] Boletín Estadístico IHCAFE al 05 de Julio de 2024.pdf: 11 rows
✅ 2024-07-09T15-02 [exporttegus@gmail.com] Boletín Estadístico IHCAFE al 09 de Julio de 2024.pdf: 10 rows
✅ 2024-07-08T15-23 [exporttegus@gmail.com] Boletín Estadístico IHCAFE al 08 de Julio de 2024.pdf: 10 rows
✅ 2024-07-02T14-06 [exporttegus@gmail.com] Boletín Estadístico IHCAFE al 02 de Julio de 2024.pdf: 10 rows
✅ 2024-07-03T15-04 [exporttegus@gmail.com] Boletín Estadístico IHCAFE al 03 de Julio de 2024.pdf: 10 rows
✅ 2024-07-01T15-16 [exporttegus@gmail.com] Boletín Estadístico IHCAFE al 01 de Julio de 2024.pdf: 10 rows
✅ 2024-06-25T15-13 [exporttegus@gmail.com] Boletín Estadístico IHCAFE al 25 de Junio de 2024.pdf: 10 rows
✅ 2024-06-28T15-00 [exporttegus@gmail.com] Boletín Estadístico IHCAFE al 27 de Junio de 2024.pdf: 10 rows
✅ 2024-06-26T15-09 [exporttegus@gmail.com] Boletín Estadístico IHCAFE al 26 de Junio de 2024.pdf: 10 rows
✅ 2024-06-27T15-10 [exporttegus@gmail.com] Boletín Estadístico IHCAFE al 27 de Junio de 2024.pdf: 10 rows
✅ 2024-06-20T15-41 [exporttegus@gmail.com] Boletín Estadístico IHCAFE al 20 de Junio de 2024.pdf: 10 rows
✅ 2024-06-21T14-56 [exporttegus@gmail.com] Boletín Estadístico IHCAFE al 21 de Junio de 2024.pdf: 11 rows
✅ 2024-06-24T15-27 [exporttegus@gmail.com] Boletín Estadístico IHCAFE al 24 de Junio de 2024.pdf: 11 rows
✅ 2024-06-19T15-17 [exporttegus@gmail.com] Boletín Estadístico IHCAFE al 19 de Junio de 2024.pdf: 10 rows
✅ 2024-06-14T15-10 [exporttegus@gmail.com] Boletín Estadístico IHCAFE al 14 de Junio de 2024.pdf: 10 rows
✅ 2024-06-18T15-02 [exporttegus@gmail.com] Boletín Estadístico IHCAFE al 18 de Junio de 2024.pdf: 10 rows
✅ 2024-06-12T15-12 [exporttegus@gmail.com] Boletín Estadístico IHCAFE al 12 de Junio de 2024.pdf: 11 rows
✅ 2024-06-13T15-02 [exporttegus@gmail.com] Boletín Estadístico IHCAFE al 13 de Junio de 2024.pdf: 10 rows
✅ 2024-06-17T15-04 [exporttegus@gmail.com] Boletín Estadístico IHCAFE al 17 de Junio de 2024.pdf: 10 rows
✅ 2024-06-10T15-09 [exporttegus@gmail.com] Boletín Estadístico IHCAFE al 10 de Junio de 2024.pdf: 10 rows
✅ 2024-06-06T15-04 [exporttegus@gmail.com] Boletín Estadístico IHCAFE al 06 de Junio de 2024.pdf: 10 rows
✅ 2024-06-07T14-57 [exporttegus@gmail.com] Boletín Estadístico IHCAFE al 07 de Junio de 2024.pdf: 11 rows
✅ 2024-06-05T15-07 [exporttegus@gmail.com] Boletín Estadístico IHCAFE al 05 de Junio de 2024.pdf: 10 rows
✅ 2024-06-04T15-20 [exporttegus@gmail.com] Boletín Estadístico IHCAFE al 04 de Junio de 2024.pdf: 10 rows
✅ 2024-06-03T15-02 [exporttegus@gmail.com] Boletín Estadístico IHCAFE al 03 de Junio de 2024.pdf: 10 rows
✅ 2024-05-30T14-57 [exporttegus@gmail.com] Boletín Estadístico IHCAFE al 30 de Mayo de 2024.pdf: 11 rows
✅ 2024-05-27T15-06 [exporttegus@gmail.com] Boletín Estadístico IHCAFE al 27 de Mayo de 2024.pdf: 10 rows
✅ 2024-05-29T15-06 [exporttegus@gmail.com] Boletín Estadístico IHCAFE al 29 de Mayo de 2024.pdf: 10 rows
✅ 2024-05-28T15-09 [exporttegus@gmail.com] Boletín Estadístico IHCAFE al 28 de Mayo de 2024.pdf: 11 rows
✅ 2024-05-31T15-02 [exporttegus@gmail.com] Boletín Estadístico IHCAFE al 31 de Mayo de 2024.pdf: 10 rows
✅ 2024-05-23T15-17 [exporttegus@gmail.com] Boletín Estadístico IHCAFE al 23 de Mayo de 2024.pdf: 10 rows
✅ 2024-05-22T15-21 [exporttegus@gmail.com] Boletín Estadístico IHCAFE al 22 de Mayo de 2024.pdf: 10 rows
✅ 2024-05-20T14-41 [exporttegus@gmail.com] Boletín Estadístico IHCAFE al 20 de Mayo de 2024.pdf: 10 rows
✅ 2024-05-16T15-02 [exporttegus@gmail.com] Boletín Estadístico IHCAFE al 16 de Mayo de 2024.pdf: 10 rows
✅ 2024-05-15T15-00 [exporttegus@gmail.com] Boletín Estadístico IHCAFE al 15 de Mayo de 2024.pdf: 10 rows
✅ 2024-05-13T15-16 [exporttegus@gmail.com] Boletín Estadístico IHCAFE al 13 de Mayo de 2024.pdf: 10 rows
✅ 2024-05-21T16-07 [exporttegus@gmail.com] Boletín Estadístico IHCAFE al 21 de Mayo de 2024.pdf: 10 rows
✅ 2024-05-17T15-14 [exporttegus@gmail.com] Boletín Estadístico IHCAFE al 17 de Mayo de 2024.pdf: 10 rows
✅ 2024-05-07T15-08 [exporttegus@gmail.com] Boletín Estadístico IHCAFE al 07 de Mayo de 2024.pdf: 11 rows
✅ 2024-05-08T15-03 [exporttegus@gmail.com] Boletín Estadístico IHCAFE al 08 de Mayo de 2024.pdf: 10 rows
✅ 2024-05-09T15-27 [exporttegus@gmail.com] Boletín Estadístico IHCAFE al 09 de Mayo de 2024.pdf: 10 rows
✅ 2024-05-06T15-17 [exporttegus@gmail.com] Boletín Estadístico IHCAFE al 06 de Mayo de 2024.pdf: 11 rows
✅ 2024-04-30T15-02 [exporttegus@gmail.com] Boletín Estadístico IHCAFE al 30 de Abril de 2024.pdf: 11 rows
✅ 2024-05-02T16-28 [exporttegus@gmail.com] Boletín Estadístico IHCAFE al 02 de Mayo de 2024.pdf: 11 rows
✅ 2024-05-03T15-41 [exporttegus@gmail.com] Boletín Estadístico IHCAFE al 03 de Mayo de 2024.pdf: 11 rows
✅ 2024-04-29T15-34 [exporttegus@gmail.com] Boletín Estadístico IHCAFE al 29 de Abril de 2024.pdf: 11 rows
✅ 2024-04-24T15-14 [exporttegus@gmail.com] Boletín Estadístico IHCAFE al 24 de Abril de 2024.pdf: 11 rows
✅ 2024-04-25T15-20 [exporttegus@gmail.com] Boletín Estadístico IHCAFE al 25 de Abril de 2024.pdf: 11 rows
✅ 2024-04-26T15-00 [exporttegus@gmail.com] Boletín Estadístico IHCAFE al 26 de Abril de 2024.pdf: 11 rows
✅ 2024-04-18T15-06 [exporttegus@gmail.com] Boletín Estadístico IHCAFE al 18 de Abril de 2024.pdf: 11 rows
✅ 2024-04-22T15-10 [exporttegus@gmail.com] Boletín Estadístico IHCAFE al 22 de Abril de 2024.pdf: 11 rows
✅ 2024-04-23T15-09 [exporttegus@gmail.com] Boletín Estadístico IHCAFE al 23 de Abril de 2024.pdf: 11 rows
✅ 2024-04-19T15-32 [exporttegus@gmail.com] Boletín Estadístico IHCAFE al 19 de Abril de 2024.pdf: 11 rows
✅ 2024-04-16T16-01 [exporttegus@gmail.com] Boletín Estadístico IHCAFE al 16 de Abril de 2024.pdf: 11 rows
✅ 2024-04-15T15-33 [exporttegus@gmail.com] Boletín Estadístico IHCAFE al 15 de Abril de 2024.pdf: 11 rows
✅ 2024-04-11T16-02 [exporttegus@gmail.com] Boletín Estadístico IHCAFE al 11 de Abril de 2024.pdf: 11 rows
✅ 2024-04-10T15-31 [exporttegus@gmail.com] Boletín Estadístico IHCAFE al 10 de Abril de 2024.pdf: 11 rows
✅ 2024-04-08T15-39 [exporttegus@gmail.com] Boletín Estadístico IHCAFE al 08 de Abril de 2024.pdf: 11 rows
✅ 2024-04-09T15-05 [exporttegus@gmail.com] Boletín Estadístico IHCAFE al 09 de Abril de 2024.pdf: 11 rows
✅ 2024-04-05T16-20 [exporttegus@gmail.com] Boletín Estadístico IHCAFE al 05 de Abril de 2024.pdf: 11 rows
✅ 2024-04-03T15-11 [exporttegus@gmail.com] Boletín Estadístico IHCAFE al 03 de Abril de 2024.pdf: 11 rows
✅ 2024-04-02T16-45 [exporttegus@gmail.com] Boletín Estadístico IHCAFE al 02 de Abril de 2024.pdf: 11 rows
✅ 2024-04-01T15-20 [exporttegus@gmail.com] Boletín Estadístico IHCAFE al 01 de Abril de 2024.pdf: 11 rows
✅ 2024-03-22T17-00 [exporttegus@gmail.com] Boletín Estadístico IHCAFE al 22 de Marzo de 2024.pdf: 11 rows
✅ 2024-03-21T14-58 [exporttegus@gmail.com] Boletín Estadístico IHCAFE al 21 de Marzo de 2024.pdf: 11 rows
✅ 2024-04-04T14-55 [exporttegus@gmail.com] Boletín Estadístico IHCAFE al 04 de Abril de 2024.pdf: 11 rows
✅ 2024-03-20T14-55 [exporttegus@gmail.com] Boletín Estadístico IHCAFE al 20 de Marzo de 2024.pdf: 11 rows
✅ 2024-03-15T15-00 [exporttegus@gmail.com] Boletín Estadístico IHCAFE al 15 de Marzo de 2024.pdf: 11 rows
✅ 2024-03-18T14-51 [exporttegus@gmail.com] Boletín Estadístico IHCAFE al 18 de Marzo de 2024.pdf: 11 rows
✅ 2024-03-19T14-55 [exporttegus@gmail.com] Boletín Estadístico IHCAFE al 19 de Marzo de 2024.pdf: 11 rows
✅ 2024-03-12T15-08 [exporttegus@gmail.com] Boletín Estadístico IHCAFE al 12 de Marzo de 2024.pdf: 11 rows
✅ 2024-03-14T14-55 [exporttegus@gmail.com] Boletín Estadístico IHCAFE al 14 de Marzo de 2024.pdf: 11 rows
✅ 2024-03-07T14-00 [exporttegus@gmail.com] Boletín Estadístico IHCAFE al 07 de Marzo de 2024.pdf: 11 rows
✅ 2024-03-13T15-00 [exporttegus@gmail.com] Boletín Estadístico IHCAFE al 13 de Marzo de 2024.pdf: 11 rows
✅ 2024-03-08T14-00 [exporttegus@gmail.com] Boletín Estadístico IHCAFE al 08 de Marzo de 2024.pdf: 11 rows
✅ 2024-02-27T14-16 [exporttegus@gmail.com] Boletín Estadístico IHCAFE al 27 de Febrero de 2024.pdf: 11 rows
✅ 2024-03-04T14-00 [exporttegus@gmail.com] Boletín Estadístico IHCAFE al 04 de Marzo de 2024.pdf: 11 rows
✅ 2024-03-01T14-00 [exporttegus@gmail.com] Boletín Estadístico IHCAFE al 01 de Marzo de 2024.pdf: 11 rows
✅ 2024-03-06T14-00 [exporttegus@gmail.com] Boletín Estadístico IHCAFE al 06 de Marzo de 2024.pdf: 11 rows
✅ 2024-02-28T13-58 [exporttegus@gmail.com] Boletín Estadístico IHCAFE al 28 de Febrero de 2024.pdf: 11 rows
✅ 2024-02-29T14-03 [exporttegus@gmail.com] Boletín Estadístico IHCAFE al 29 de Febrero de 2024.pdf: 11 rows
✅ 2024-02-23T14-00 [exporttegus@gmail.com] Boletín Estadístico IHCAFE al 23 de Febrero de 2024.pdf: 11 rows
✅ 2024-02-26T14-07 [exporttegus@gmail.com] Boletín Estadístico IHCAFE al 26 de Febrero de 2024.pdf: 11 rows
✅ 2024-02-21T14-20 [exporttegus@gmail.com] Boletín Estadístico IHCAFE al 21 de Febrero de 2024.pdf: 11 rows
✅ 2024-02-19T14-00 [exporttegus@gmail.com] Boletín Estadístico IHCAFE al 19 de Enero de 2024.pdf: 11 rows
✅ 2024-02-22T14-12 [exporttegus@gmail.com] Boletín Estadístico IHCAFE al 22 de Febrero de 2024.pdf: 11 rows
✅ 2024-02-13T14-00 [exporttegus@gmail.com] Boletín Estadístico IHCAFE al 13 de Febrero de 2024.pdf: 11 rows
✅ 2024-02-20T14-09 [exporttegus@gmail.com] Boletín Estadístico IHCAFE al 20 de Febrero de 2024.pdf: 11 rows
✅ 2024-02-15T14-00 [exporttegus@gmail.com] Boletín Estadístico IHCAFE al 15 de Febrero de 2024.pdf: 11 rows
✅ 2024-02-14T13-59 [exporttegus@gmail.com] Boletín Estadístico IHCAFE al 14 de Febrero de 2024.pdf: 11 rows
✅ 2024-02-12T14-00 [exporttegus@gmail.com] Boletín Estadístico IHCAFE al 12 de Febrero de 2024.pdf: 11 rows
✅ 2024-02-07T13-59 [exporttegus@gmail.com] Boletín Estadístico IHCAFE al 07 de Febrero de 2024.pdf: 11 rows
✅ 2024-02-06T14-05 [exporttegus@gmail.com] Boletín Estadístico IHCAFE al 06 de Febrero de 2024.pdf: 11 rows
✅ 2024-02-02T14-04 [exporttegus@gmail.com] Boletín Estadístico IHCAFE al 02 de Febrero de 2024.pdf: 11 rows
✅ 2024-02-09T14-00 [exporttegus@gmail.com] Boletín Estadístico IHCAFE al 09 de Febrero de 2024.pdf: 11 rows
✅ 2024-01-31T14-00 [exporttegus@gmail.com] Boletín Estadístico IHCAFE al 31 de Enero de 2024.pdf: 11 rows
✅ 2024-02-01T14-00 [exporttegus@gmail.com] Boletín Estadístico IHCAFE al 01 de Febrero de 2024.pdf: 11 rows
✅ 2024-02-08T13-59 [exporttegus@gmail.com] Boletín Estadístico IHCAFE al 08 de Febrero de 2024.pdf: 11 rows
✅ 2024-01-29T13-59 [exporttegus@gmail.com] Boletín Estadístico IHCAFE al 29 de Enero de 2024.pdf: 11 rows
✅ 2024-01-25T13-45 [exporttegus@gmail.com] Boletín Estadístico IHCAFE al 25 de Enero de 2024.pdf: 11 rows
✅ 2024-01-30T14-08 [exporttegus@gmail.com] Boletín Estadístico IHCAFE al 30 de Enero de 2024.pdf: 11 rows
✅ 2024-01-26T14-36 [exporttegus@gmail.com] Boletín Estadístico IHCAFE al 26 de Enero de 2024.pdf: 11 rows
✅ 2024-01-19T13-49 [exporttegus@gmail.com] Boletín Estadístico IHCAFE al 19 de Enero de 2024.pdf: 11 rows
✅ 2024-01-16T14-04 [exporttegus@gmail.com] Boletín Estadístico IHCAFE al 16 de Enero de 2024.pdf: 11 rows
✅ 2024-01-18T14-00 [exporttegus@gmail.com] Boletín Estadístico IHCAFE al 18 de Enero de 2024.pdf: 11 rows
✅ 2024-01-17T14-00 [exporttegus@gmail.com] Boletín Estadístico IHCAFE al 17 de Enero de 2024.pdf: 11 rows
✅ 2024-01-15T13-52 [exporttegus@gmail.com] Boletín Estadístico IHCAFE al 15 de Enero de 2024.pdf: 11 rows
✅ 2024-01-11T14-09 [exporttegus@gmail.com] Boletín Estadístico IHCAFE al 11 de Enero de 2024.pdf: 11 rows
✅ 2024-01-10T14-09 [exporttegus@gmail.com] Boletín Estadístico IHCAFE al 10 de Enero de 2024.pdf: 11 rows
✅ 2024-01-12T14-00 [exporttegus@gmail.com] Boletín Estadístico IHCAFE al 12 de Enero de 2024.pdf: 11 rows
✅ 2024-01-09T14-03 [exporttegus@gmail.com] Boletín Estadístico IHCAFE al 09 de Enero de 2024.pdf: 11 rows
✅ 2024-01-08T14-02 [exporttegus@gmail.com] Boletín Estadístico IHCAFE al 08 de Enero de 2024.pdf: 11 rows
✅ 2024-01-05T14-08 [exporttegus@gmail.com] Boletín Estadístico IHCAFE al 05 de Enero de 2024.pdf: 11 rows
✅ 2024-01-04T13-58 [exporttegus@gmail.com] Boletín Estadístico IHCAFE al 04 de Enero de 2024.pdf: 11 rows
✅ 2023-12-14T13-42 [exporttegus@gmail.com] Boletín Estadístico IHCAFE al 14 de Diciembre de 2023.pdf: 11 rows
✅ 2023-12-29T14-00 [exporttegus@gmail.com] Boletín Estadístico IHCAFE al 29 de Diciembre de 2023.pdf: 11 rows
✅ 2024-01-03T13-42 [exporttegus@gmail.com] Boletín Estadístico IHCAFE al 3 de Enero de 2024.pdf: 11 rows
✅ 2023-12-26T13-49 [exporttegus@gmail.com] Boletín Estadístico IHCAFE al 26 de Diciembre de 2023.pdf: 11 rows
✅ 2023-12-28T13-48 [exporttegus@gmail.com] Boletín Estadístico IHCAFE al 28 de Diciembre de 2023.pdf: 11 rows
✅ 2023-12-15T14-31 [exporttegus@gmail.com] Boletín Estadístico IHCAFE al 15 de Diciembre de 2023.pdf: 11 rows
✅ 2023-12-08T14-28 [exporttegus@gmail.com] Boletín Estadístico IHCAFE al 08 de Diciembre de 2023.pdf: 11 rows
✅ 2023-12-06T14-19 [exporttegus@gmail.com] Boletín Estadístico IHCAFE al 06 de Diciembre de 2023.pdf: 11 rows
✅ 2023-12-01T14-18 [exporttegus@gmail.com] Boletín Estadístico IHCAFE al 01 de Diciembre de 2023.pdf: 11 rows
✅ 2023-12-05T14-10 [exporttegus@gmail.com] Boletín Estadístico IHCAFE al 05 de Diciembre de 2023.pdf: 11 rows
✅ 2023-11-30T14-23 [exporttegus@gmail.com] Boletín Estadístico IHCAFE al 30 de Noviembre de 2023.pdf: 11 rows
✅ 2023-11-28T13-59 [exporttegus@gmail.com] Boletín Estadístico IHCAFE al 28 de Noviembre de 2023.pdf: 11 rows
✅ 2023-11-24T14-09 [exporttegus@gmail.com] Boletín Estadístico IHCAFE al 24 de Noviembre de 2023.pdf: 11 rows
✅ 2023-11-27T14-05 [exporttegus@gmail.com] Boletín Estadístico IHCAFE al 27 de Noviembre de 2023.pdf: 11 rows
✅ 2023-11-29T13-57 [exporttegus@gmail.com] Boletín Estadístico IHCAFE al 29 de Noviembre de 2023.pdf: 11 rows
✅ 2023-11-23T14-13 [exporttegus@gmail.com] Boletín Estadístico IHCAFE al 23 de Noviembre de 2023.pdf: 11 rows
✅ 2023-11-22T14-35 [exporttegus@gmail.com] Boletín Estadístico IHCAFE al 22 de Noviembre de 2023.pdf: 11 rows
✅ 2023-11-20T14-03 [exporttegus@gmail.com] Boletín Estadístico IHCAFE al 20 de Noviembre de 2023.pdf: 11 rows
✅ 2023-11-15T14-11 [exporttegus@gmail.com] Boletín Estadístico IHCAFE al 15 de Noviembre de 2023.pdf: 11 rows
✅ 2023-11-14T14-00 [exporttegus@gmail.com] Boletín Estadístico IHCAFE al 14 de Noviembre de 2023.pdf: 11 rows
✅ 2023-11-08T13-54 [exporttegus@gmail.com] Boletín Estadístico IHCAFE al 08 de Noviembre de 2023.pdf: 11 rows
✅ 2023-11-07T14-02 [exporttegus@gmail.com] Boletín Estadístico IHCAFE al 07 de Noviembre de 2023.pdf: 11 rows
✅ 2023-11-09T14-03 [exporttegus@gmail.com] Boletín Estadístico IHCAFE al 09 de Noviembre de 2023.pdf: 11 rows
✅ 2023-11-06T14-31 [exporttegus@gmail.com] Boletín Estadístico IHCAFE al 06 de Noviembre de 2023.pdf: 11 rows
✅ 2023-10-02T15-24 [exporttegus@gmail.com] Boletín Estadístico IHCAFE al 30 de Septiembre de 2023.pdf: 11 rows
✅ 2023-09-28T15-11 [exporttegus@gmail.com] Boletín Estadístico IHCAFE al 28 de Septiembre de 2023.pdf: 11 rows
✅ 2023-09-27T15-08 [exporttegus@gmail.com] Boletín Estadístico IHCAFE al 27 de Septiembre de 2023.pdf: 11 rows
✅ 2023-09-26T15-11 [exporttegus@gmail.com] Boletín Estadístico IHCAFE al 26 de Septiembre de 2023.pdf: 11 rows
✅ 2023-09-19T14-57 [exporttegus@gmail.com] Boletín Estadístico IHCAFE al 19 de Septiembre de 2023.pdf: 11 rows
✅ 2023-09-21T15-27 [exporttegus@gmail.com] Boletín Estadístico IHCAFE al 21 de Septiembre de 2023.pdf: 11 rows
✅ 2023-09-22T14-57 [exporttegus@gmail.com] Boletín Estadístico IHCAFE al 22 de Septiembre de 2023.pdf: 11 rows
✅ 2023-09-20T14-57 [exporttegus@gmail.com] Boletín Estadístico IHCAFE al 20 de Septiembre de 2023.pdf: 11 rows
✅ 2023-09-18T15-14 [exporttegus@gmail.com] Boletín Estadístico IHCAFE al 18 de Septiembre de 2023.pdf: 11 rows
✅ 2023-09-14T15-35 [exporttegus@gmail.com] Boletín Estadístico IHCAFE al 14 de Septiembre de 2023.pdf: 11 rows
✅ 2023-09-08T14-57 [exporttegus@gmail.com] Boletín Estadístico IHCAFE al 08 de Septiembre de 2023.pdf: 11 rows
✅ 2023-09-11T16-06 [exporttegus@gmail.com] Boletín Estadístico IHCAFE al 11 de Septiembre de 2023.pdf: 11 rows
✅ 2023-09-13T14-57 [exporttegus@gmail.com] Boletín Estadístico IHCAFE al 13 de Septiembre de 2023.pdf: 11 rows
✅ 2023-09-06T14-57 [exporttegus@gmail.com] Boletín Estadístico IHCAFE al 6 de Septiembre de 2023.pdf: 11 rows
✅ 2023-09-05T14-57 [exporttegus@gmail.com] Boletín Estadístico IHCAFE al 05 de Septiembre de 2023.pdf: 11 rows
✅ 2023-09-01T15-00 [exporttegus@gmail.com] Boletín Estadístico IHCAFE al 01 de Septiembre de 2023.pdf: 11 rows
✅ 2023-08-31T15-14 [exporttegus@gmail.com] Boletín Estadístico IHCAFE al 31 de Agosto de 2023.pdf: 11 rows
✅ 2023-08-30T14-57 [exporttegus@gmail.com] Boletín Estadístico IHCAFE al 30 de Agosto de 2023.pdf: 11 rows
✅ 2023-08-23T15-00 [exporttegus@gmail.com] Boletín Estadístico IHCAFE al 23de Agosto de 2023.pdf: 11 rows
✅ 2023-08-24T14-57 [exporttegus@gmail.com] Boletín Estadístico IHCAFE al 24 de Agosto de 2023.pdf: 11 rows
✅ 2023-08-29T14-57 [exporttegus@gmail.com] Boletín Estadístico IHCAFE al 29 de Agosto de 2023.pdf: 11 rows
✅ 2023-08-28T14-57 [exporttegus@gmail.com] Boletín Estadístico IHCAFE al 28 de Agosto de 2023.pdf: 11 rows
✅ 2023-08-25T14-57 [exporttegus@gmail.com] Boletín Estadístico IHCAFE al 25 de Agosto de 2023.pdf: 11 rows
✅ 2023-08-22T14-57 [exporttegus@gmail.com] Boletín Estadístico IHCAFE al 22 de Agosto de 2023.pdf: 11 rows
✅ 2023-08-21T14-57 [exporttegus@gmail.com] Boletín Estadístico IHCAFE al 21 de Agosto de 2023.pdf: 11 rows
✅ 2023-08-15T14-57 [exporttegus@gmail.com] Boletín Estadístico IHCAFE al 15 de Agosto de 2023.pdf: 11 rows
✅ 2023-08-11T14-57 [exporttegus@gmail.com] Boletín Estadístico IHCAFE al 11 de Agosto de 2023.pdf: 11 rows
✅ 2023-08-17T14-57 [exporttegus@gmail.com] Boletín Estadístico IHCAFE al 17 de Agosto de 2023.pdf: 11 rows
✅ 2023-08-08T14-57 [exporttegus@gmail.com] Boletín Estadístico IHCAFE al 08 de Agosto de 2023.pdf: 11 rows
✅ 2023-08-14T14-57 [exporttegus@gmail.com] Boletín Estadístico IHCAFE al 14 de Agosto de 2023.pdf: 11 rows
✅ 2023-08-10T14-57 [exporttegus@gmail.com] Boletín Estadístico IHCAFE al 10 de Agosto de 2023.pdf: 11 rows
✅ 2023-08-09T14-57 [exporttegus@gmail.com] Boletín Estadístico IHCAFE al 09 de Agosto de 2023.pdf: 11 rows
✅ 2023-08-07T15-00 [exporttegus@gmail.com] Boletín Estadístico IHCAFE al 07 de Agosto de 2023.pdf: 11 rows
✅ 2023-07-27T14-57 [exporttegus@gmail.com] Boletín Estadístico IHCAFE al 27 de Julio de 2023.pdf: 11 rows
✅ 2023-07-26T14-57 [exporttegus@gmail.com] Boletín Estadístico IHCAFE al 26 de Julio de 2023.pdf: 11 rows
✅ 2023-08-04T14-57 [exporttegus@gmail.com] Boletín Estadístico IHCAFE al 04 de Agosto de 2023.pdf: 11 rows
✅ 2023-08-01T14-57 [exporttegus@gmail.com] Boletín Estadístico IHCAFE al 01 de Agosto de 2023.pdf: 11 rows
✅ 2023-08-03T14-57 [exporttegus@gmail.com] Boletín Estadístico IHCAFE al 03 de Agosto de 2023.pdf: 11 rows
✅ 2023-07-31T15-00 [exporttegus@gmail.com] Boletín Estadístico IHCAFE al 31 de Julio de 2023.pdf: 11 rows
✅ 2023-07-24T14-57 [exporttegus@gmail.com] Boletín Estadístico IHCAFE al 24 de Julio de 2023.pdf: 11 rows
✅ 2023-08-02T14-57 [exporttegus@gmail.com] Boletín Estadístico IHCAFE al 02 de Agosto de 2023.pdf: 11 rows
✅ 2023-07-21T14-57 [exporttegus@gmail.com] Boletín Estadístico IHCAFE al 21 de Julio de 2023.pdf: 11 rows
✅ 2023-07-25T14-57 [exporttegus@gmail.com] Boletín Estadístico IHCAFE al 25 de Julio de 2023.pdf: 11 rows
✅ 2023-07-20T14-57 [exporttegus@gmail.com] Boletín Estadístico IHCAFE al 20 de Julio de 2023.pdf: 11 rows
✅ 2023-07-19T14-57 [exporttegus@gmail.com] Boletín Estadístico IHCAFE al 19 de Julio de 2023.pdf: 11 rows
✅ 2023-07-18T14-57 [exporttegus@gmail.com] Boletín Estadístico IHCAFE al 18 de Julio de 2023.pdf: 11 rows
✅ 2023-07-17T14-57 [exporttegus@gmail.com] Boletín Estadístico IHCAFE al 17 de Julio de 2023.pdf: 11 rows
✅ 2023-07-14T14-57 [exporttegus@gmail.com] Boletín Estadístico IHCAFE al 14 de Julio de 2023.pdf: 11 rows
✅ 2023-07-13T14-57 [exporttegus@gmail.com] Boletín Estadístico IHCAFE al 22 de Febrero de 2023.pdf: 11 rows
✅ 2023-07-10T14-57 [exporttegus@gmail.com] Boletín Estadístico IHCAFE al 10 de Julio de 2023.pdf: 11 rows
✅ 2023-07-11T14-57 [exporttegus@gmail.com] Boletín Estadístico IHCAFE al 11 de Julio de 2023.pdf: 11 rows
✅ 2023-07-07T14-57 [exporttegus@gmail.com] Boletín Estadístico IHCAFE al 07 de Julio de 2023.pdf: 11 rows
✅ 2023-07-06T14-57 [exporttegus@gmail.com] Boletín Estadístico IHCAFE al 06 de Julio de 2023.pdf: 11 rows
✅ 2023-07-05T15-23 [exporttegus@gmail.com] Boletín Estadístico IHCAFE al 05 de Julio de 2023.pdf: 11 rows
✅ 2023-07-04T14-57 [exporttegus@gmail.com] Boletín Estadístico IHCAFE al 04 de Julio de 2023.pdf: 11 rows
✅ 2023-07-03T14-57 [exporttegus@gmail.com] Boletín Estadístico IHCAFE al 03 de Julio de 2023.pdf: 11 rows
✅ 2023-06-30T14-57 [exporttegus@gmail.com] Boletín Estadístico IHCAFE al 30 de Junio de 2023.pdf: 11 rows
✅ 2023-06-26T14-57 [exporttegus@gmail.com] Boletín Estadístico IHCAFE al 26 de Junio de 2023.pdf: 11 rows
✅ 2023-06-27T14-57 [exporttegus@gmail.com] Boletín Estadístico IHCAFE al 27 de Junio de 2023.pdf: 11 rows
✅ 2023-06-29T14-57 [exporttegus@gmail.com] Boletín Estadístico IHCAFE al 29 de Junio de 2023.pdf: 11 rows
✅ 2023-06-23T14-57 [exporttegus@gmail.com] Boletín Estadístico IHCAFE al 23 de Junio de 2023.pdf: 11 rows
✅ 2023-06-20T14-57 [exporttegus@gmail.com] Boletín Estadístico IHCAFE al 20 de Junio de 2023.pdf: 11 rows
✅ 2023-06-19T14-56 [exporttegus@gmail.com] Boletín Estadístico IHCAFE al 19 de Junio de 2023.pdf: 11 rows
✅ 2023-06-16T15-00 [exporttegus@gmail.com] Boletín Estadístico IHCAFE al 16 de Junio de 2023.pdf: 11 rows
✅ 2023-06-22T14-57 [exporttegus@gmail.com] Boletín Estadístico IHCAFE al 22 de Junio de 2023.pdf: 11 rows
✅ 2023-06-13T14-57 [exporttegus@gmail.com] Boletín Estadístico IHCAFE al 13 de Junio de 2023.pdf: 11 rows
✅ 2023-06-14T14-57 [exporttegus@gmail.com] Boletín Estadístico IHCAFE al 14 de Junio de 2023.pdf: 11 rows
✅ 2023-06-15T14-57 [exporttegus@gmail.com] Boletín Estadístico IHCAFE al 15 de Junio de 2023.pdf: 11 rows
✅ 2023-06-12T14-57 [exporttegus@gmail.com] Boletín Estadístico IHCAFE al 12 de Junio de 2023.pdf: 11 rows
✅ 2023-06-09T14-57 [exporttegus@gmail.com] Boletín Estadístico IHCAFE al 09 de Junio de 2023.pdf: 11 rows
✅ 2023-06-08T14-57 [exporttegus@gmail.com] Boletín Estadístico IHCAFE al 08 de Junio de 2023.pdf: 11 rows
✅ 2023-06-05T14-58 [exporttegus@gmail.com] Boletín Estadístico IHCAFE al 05 de Junio de 2023.pdf: 11 rows
✅ 2023-06-07T14-57 [exporttegus@gmail.com] Boletín Estadístico IHCAFE al 7 de Junio de 2023.pdf: 11 rows
✅ 2023-06-06T14-57 [exporttegus@gmail.com] Boletín Estadístico IHCAFE al 06 de Junio de 2023.pdf: 11 rows
✅ 2023-06-01T14-57 [exporttegus@gmail.com] Boletín Estadístico IHCAFE al 01 de Junio de 2023.pdf: 11 rows
✅ 2023-05-30T14-58 [exporttegus@gmail.com] Boletín Estadístico IHCAFE al 30 de Mayo de 2023.pdf: 11 rows
✅ 2023-05-31T14-57 [exporttegus@gmail.com] Boletín Estadístico IHCAFE al 31 de Mayo de 2023.pdf: 11 rows
✅ 2023-05-29T14-57 [exporttegus@gmail.com] Boletín Estadístico IHCAFE al 29 de Mayo de 2023.pdf: 11 rows
❌ 2023-05-19T12-00 [exporttegus@gmail.com] Compras, Ventas y Exportaciones al 18May2023.pdf: Pattern 'Exportaciones Mensuales' not found on last page
✅ 2023-05-26T14-57 [exporttegus@gmail.com] Boletín Estadístico IHCAFE al 26 de Mayo de 2023.pdf: 11 rows
✅ 2023-05-22T15-15 [exporttegus@gmail.com] Boletín Estadístico IHCAFE al 22 de Mayo de 2023.pdf: 11 rows
✅ 2023-05-25T14-57 [exporttegus@gmail.com] Boletín Estadístico IHCAFE al 25 de Mayo de 2023.pdf: 11 rows
✅ 2023-05-23T15-06 [exporttegus@gmail.com] Boletín Estadístico IHCAFE al 23 de Mayo de 2023.pdf: 11 rows
✅ 2023-05-24T14-57 [exporttegus@gmail.com] Boletín Estadístico IHCAFE al 24 de Mayo de 2023.pdf: 11 rows
✅ 2023-05-19T14-56 [exporttegus@gmail.com] Boletín Estadístico IHCAFE al 19 de Mayo de 2023.pdf: 11 rows
✅ 2023-05-18T14-57 [exporttegus@gmail.com] Boletín Estadístico IHCAFE al 18 de Mayo de 2023.pdf: 11 rows
✅ 2023-05-17T14-57 [exporttegus@gmail.com] Boletín Estadístico IHCAFE al 17 de Mayo de 2023.pdf: 11 rows
✅ 2023-05-16T14-57 [exporttegus@gmail.com] Boletín Estadístico IHCAFE al 16 de Mayo de 2023.pdf: 11 rows
✅ 2023-05-15T15-14 [exporttegus@gmail.com] Boletín Estadístico IHCAFE al 15 de Mayo de 2023.pdf: 11 rows
✅ 2023-05-11T14-57 [exporttegus@gmail.com] Boletín Estadístico IHCAFE al 11 de Mayo de 2023.pdf: 11 rows
✅ 2023-05-10T14-57 [exporttegus@gmail.com] Boletín Estadístico IHCAFE al 10 de Mayo de 2023.pdf: 11 rows
✅ 2023-05-09T14-58 [exporttegus@gmail.com] Boletín Estadístico IHCAFE al 09 de Mayo de 2023.pdf: 11 rows
✅ 2023-05-08T14-58 [exporttegus@gmail.com] Boletín Estadístico IHCAFE al 08 de Mayo de 2023.pdf: 11 rows
✅ 2023-05-03T14-58 [exporttegus@gmail.com] Boletín Estadístico IHCAFE al 3 de Mayo de 2023.pdf: 11 rows
✅ 2023-05-04T15-02 [exporttegus@gmail.com] Boletín Estadístico IHCAFE al 4 de Mayo de 2023.pdf: 11 rows
✅ 2023-05-02T14-58 [exporttegus@gmail.com] Boletín Estadístico IHCAFE al 2 de Mayo de 2023.pdf: 11 rows
✅ 2023-04-26T14-58 [exporttegus@gmail.com] Boletín Estadístico IHCAFE al 26 de Abril de 2023.pdf: 11 rows
✅ 2023-04-24T15-20 [exporttegus@gmail.com] Boletín Estadístico IHCAFE al 24 de Abril de 2023.pdf: 11 rows
✅ 2023-04-27T14-58 [exporttegus@gmail.com] Boletín Estadístico IHCAFE al 27 de Abril de 2023.pdf: 11 rows
✅ 2023-04-21T14-59 [exporttegus@gmail.com] Boletín Estadístico IHCAFE al 21 de Abril de 2023.pdf: 11 rows
✅ 2023-04-20T14-57 [exporttegus@gmail.com] Boletín Estadístico IHCAFE al 20 de Abril de 2023.pdf: 11 rows
✅ 2023-04-19T14-59 [exporttegus@gmail.com] Boletín Estadístico IHCAFE al 19 de Abril de 2023.pdf: 11 rows
✅ 2023-04-25T14-57 [exporttegus@gmail.com] Boletín Estadístico IHCAFE al 25 de Abril de 2023.pdf: 11 rows
✅ 2023-04-12T15-00 [exporttegus@gmail.com] Boletín Estadístico IHCAFE al 12 de Abril de 2023.pdf: 11 rows
✅ 2023-04-13T14-59 [exporttegus@gmail.com] Boletín Estadístico IHCAFE al 13 de Abril de 2023.pdf: 11 rows
✅ 2023-04-14T14-59 [exporttegus@gmail.com] Boletín Estadístico IHCAFE al 14 de Abril de 2023.pdf: 11 rows
✅ 2023-04-17T14-59 [exporttegus@gmail.com] Boletín Estadístico IHCAFE al 17 de Abril de 2023.pdf: 11 rows
✅ 2023-04-11T14-59 [exporttegus@gmail.com] Boletín Estadístico IHCAFE al 11 de Abril de 2023.pdf: 11 rows
✅ 2023-04-10T15-00 [exporttegus@gmail.com] Boletín Estadístico IHCAFE al 10 de Abril de 2023.pdf: 11 rows
✅ 2023-04-03T14-00 [exporttegus@gmail.com] Boletín Estadístico IHCAFE al 3 de Abril de 2023.pdf: 11 rows
✅ 2023-04-04T14-00 [exporttegus@gmail.com] Boletín Estadístico IHCAFE al 04 de Abril de 2023.pdf: 11 rows
✅ 2023-03-31T15-00 [exporttegus@gmail.com] Boletín Estadístico IHCAFE al 31 de Marzo de 2023.pdf: 11 rows
✅ 2023-03-29T15-00 [exporttegus@gmail.com] Boletín Estadístico IHCAFE al 29 de Marzo de 2023.pdf: 11 rows
✅ 2023-03-30T15-00 [exporttegus@gmail.com] Boletín Estadístico IHCAFE al 30 de Marzo de 2023.pdf: 11 rows
✅ 2023-03-24T14-59 [exporttegus@gmail.com] Boletín Estadístico IHCAFE al 24 de Marzo de 2023.pdf: 11 rows
✅ 2023-03-28T15-00 [exporttegus@gmail.com] Boletín Estadístico IHCAFE al 28 de Marzo de 2023.pdf: 11 rows
✅ 2023-03-21T15-00 [exporttegus@gmail.com] Boletín Estadístico IHCAFE al 21 de Marzo de 2023.pdf: 11 rows
✅ 2023-03-27T15-00 [exporttegus@gmail.com] Boletín Estadístico IHCAFE al 27 de Marzo de 2023.pdf: 11 rows
✅ 2023-03-22T15-13 [exporttegus@gmail.com] Boletín Estadístico IHCAFE al 22 de Marzo de 2023.pdf: 11 rows
✅ 2023-03-20T15-00 [exporttegus@gmail.com] Boletín Estadístico IHCAFE al 20 de Marzo de 2023.pdf: 11 rows
✅ 2023-03-17T15-00 [exporttegus@gmail.com] Boletín Estadístico IHCAFE al 17 de Marzo de 2023.pdf: 11 rows
✅ 2023-03-14T15-01 [exporttegus@gmail.com] Boletín Estadístico IHCAFE al 14 de Marzo de 2023.pdf: 11 rows
✅ 2023-03-16T15-00 [exporttegus@gmail.com] Boletín Estadístico IHCAFE al 16 de Marzo de 2023.pdf: 11 rows
✅ 2023-03-15T15-00 [exporttegus@gmail.com] Boletín Estadístico IHCAFE al 15 de Marzo de 2023.pdf: 11 rows
✅ 2023-03-13T15-26 [exporttegus@gmail.com] Boletín Estadístico IHCAFE al 13 de Marzo de 2023.pdf: 11 rows
✅ 2023-03-09T14-13 [exporttegus@gmail.com] Boletín Estadístico IHCAFE al 09 de Marzo de 2023.pdf: 11 rows
✅ 2023-03-08T14-18 [exporttegus@gmail.com] Boletín Estadístico IHCAFE al 08 de Marzo de 2023.pdf: 11 rows
✅ 2023-03-10T14-15 [exporttegus@gmail.com] Boletín Estadístico IHCAFE al 10 de Marzo de 2023.pdf: 11 rows
✅ 2023-03-07T14-22 [exporttegus@gmail.com] Boletín Estadístico IHCAFE al 07 de Marzo de 2023.pdf: 11 rows
✅ 2023-03-06T14-18 [exporttegus@gmail.com] Boletín Estadístico IHCAFE al 06 de Marzo de 2023.pdf: 11 rows
✅ 2023-03-01T14-12 [exporttegus@gmail.com] Boletín Estadístico IHCAFE al 01 de Marzo de 2023.pdf: 11 rows
✅ 2023-03-02T14-18 [exporttegus@gmail.com] Boletín Estadístico IHCAFE al 02 de Marzo de 2023.pdf: 11 rows
✅ 2023-02-28T14-12 [exporttegus@gmail.com] Boletín Estadístico IHCAFE al 28 de Febrero de 2023.pdf: 11 rows
✅ 2023-02-27T14-18 [exporttegus@gmail.com] Boletín Estadístico IHCAFE al 27 de Febrero de 2023.pdf: 11 rows
✅ 2023-02-23T14-16 [exporttegus@gmail.com] Boletín Estadístico IHCAFE al 23 de Febrero de 2023.pdf: 11 rows
✅ 2023-02-24T14-13 [exporttegus@gmail.com] Boletín Estadístico IHCAFE al 24 de Febrero de 2023.pdf: 11 rows
✅ 2023-02-22T14-17 [exporttegus@gmail.com] Boletín Estadístico IHCAFE al 22 de Febrero de 2023.pdf: 11 rows
✅ 2023-02-15T14-14 [exporttegus@gmail.com] Boletín Estadístico IHCAFE al 15 de Febrero de 2023.pdf: 11 rows
✅ 2023-02-20T14-16 [exporttegus@gmail.com] Boletín Estadístico IHCAFE al 20 de Febrero de 2023.pdf: 11 rows
✅ 2023-02-16T14-12 [exporttegus@gmail.com] Boletín Estadístico IHCAFE al 16 de Febrero de 2023.pdf: 11 rows
✅ 2023-02-21T14-18 [exporttegus@gmail.com] Boletín Estadístico IHCAFE al 21 de Febrero de 2023.pdf: 11 rows
✅ 2023-02-17T14-07 [exporttegus@gmail.com] Boletín Estadístico IHCAFE al 17 de Febrero de 2023.pdf: 11 rows
✅ 2023-02-14T14-08 [exporttegus@gmail.com] Boletín Estadístico IHCAFE al 14 de Febrero de 2023.pdf: 11 rows
✅ 2023-02-13T15-25 [exporttegus@gmail.com] Boletín Estadístico IHCAFE al 13 de Febrero de 2023.pdf: 11 rows
✅ 2023-02-10T14-15 [exporttegus@gmail.com] Boletín Estadístico IHCAFE al 10 de Febrero de 2023.pdf: 11 rows
✅ 2023-02-09T14-37 [exporttegus@gmail.com] Boletín Estadístico IHCAFE al 09 de Febrero de 2023.pdf: 11 rows
✅ 2023-02-08T14-40 [exporttegus@gmail.com] Boletín Estadístico IHCAFE al 08 de Febrero de 2023.pdf: 11 rows
✅ 2023-02-07T14-13 [exporttegus@gmail.com] Boletín Estadístico IHCAFE al 07 de Febrero de 2023.pdf: 11 rows
✅ 2023-02-02T14-16 [exporttegus@gmail.com] Boletín Estadístico IHCAFE al 02 de Febrero de 2023.pdf: 11 rows
✅ 2023-02-01T14-11 [exporttegus@gmail.com] Boletín Estadístico IHCAFE al 01 de Febrero de 2023.pdf: 11 rows
✅ 2023-02-06T14-11 [exporttegus@gmail.com] Boletín Estadístico IHCAFE al 06 de Febrero de 2023.pdf: 11 rows
✅ 2023-02-03T14-03 [exporttegus@gmail.com] Boletín Estadístico IHCAFE al 03 de Febrero de 2023.pdf: 11 rows
✅ 2023-01-30T14-13 [exporttegus@gmail.com] Boletín Estadístico IHCAFE al 30 de Enero de 2023.pdf: 11 rows
✅ 2023-01-27T14-21 [exporttegus@gmail.com] Boletín Estadístico IHCAFE al 27 de Enero de 2023.pdf: 11 rows
✅ 2023-01-26T14-22 [exporttegus@gmail.com] Boletín Estadístico IHCAFE al 26 de Enero de 2023.pdf: 11 rows
✅ 2023-01-24T14-09 [exporttegus@gmail.com] Boletín Estadístico IHCAFE al 24 de Enero de 2023.pdf: 11 rows
✅ 2023-01-31T14-12 [exporttegus@gmail.com] Boletín Estadístico IHCAFE al 31 de Enero de 2023.pdf: 11 rows
✅ 2023-01-20T14-16 [exporttegus@gmail.com] Boletín Estadístico IHCAFE al 20 de Enero de 2023.pdf: 11 rows
✅ 2023-01-23T14-13 [exporttegus@gmail.com] Boletín Estadístico IHCAFE al 23 de Enero de 2023.pdf: 11 rows
✅ 2023-01-18T14-11 [exporttegus@gmail.com] Boletín Estadístico IHCAFE al 18 de Enero de 2023.pdf: 11 rows
✅ 2023-01-19T14-04 [exporttegus@gmail.com] Boletín Estadístico IHCAFE al 19 de Enero de 2023.pdf: 11 rows
✅ 2023-01-17T14-06 [exporttegus@gmail.com] Boletín Estadístico IHCAFE al 17 de Enero de 2023.pdf: 11 rows
✅ 2023-01-16T14-20 [exporttegus@gmail.com] Boletín Estadístico IHCAFE al 16 de Enero de 2023.pdf: 11 rows
✅ 2023-01-13T14-16 [exporttegus@gmail.com] Boletín Estadístico IHCAFE al 13 de Enero de 2023.pdf: 11 rows
✅ 2023-01-12T14-15 [exporttegus@gmail.com] Boletín Estadístico IHCAFE al 12 de Enero de 2022.pdf: 11 rows
✅ 2023-01-10T14-14 [exporttegus@gmail.com] Boletín Estadístico IHCAFE al 10 de Enero de 2023.pdf: 11 rows
✅ 2023-01-11T14-16 [exporttegus@gmail.com] Boletín Estadístico IHCAFE al 11 de Enero de 2023.pdf: 11 rows
✅ 2023-01-09T14-37 [exporttegus@gmail.com] Boletín Estadístico IHCAFE al 09 de Enero de 2023.pdf: 11 rows
✅ 2023-01-05T14-09 [exporttegus@gmail.com] Boletín Estadístico IHCAFE al 05 de Enero de 2022.pdf: 11 rows
✅ 2023-01-06T15-10 [exporttegus@gmail.com] Boletín Estadístico IHCAFE al 06 de Enero de 2023.pdf: 11 rows
✅ 2023-01-04T14-15 [exporttegus@gmail.com] Boletín Estadístico IHCAFE al 04 de Enero de 2023.pdf: 11 rows
✅ 2023-01-03T13-41 [exporttegus@gmail.com] Boletín Estadístico IHCAFE al 03 de Enero de 2023.pdf: 11 rows
✅ 2023-01-02T12-59 [exporttegus@gmail.com] Boletín Estadístico IHCAFE al 02 de Enero de 2023.pdf: 11 rows
✅ 2022-12-28T13-43 [exporttegus@gmail.com] Boletín Estadístico IHCAFE al 28 de Diciembre de 2022 DOCUMENTO CORREGIDO*.pdf: 11 rows
✅ 2022-12-14T14-25 [exporttegus@gmail.com] Boletín Estadístico IHCAFE al 14 de Diciembre de 2022.pdf: 11 rows
✅ 2022-12-28T13-41 [exporttegus@gmail.com] Boletín Estadístico IHCAFE al 28 de Diciembre de 2022.pdf: 11 rows
✅ 2022-12-29T13-42 [exporttegus@gmail.com] Boletín Estadístico IHCAFE al 29 de Diciembre de 2022.pdf: 11 rows
✅ 2022-12-09T14-24 [exporttegus@gmail.com] Boletín Estadístico IHCAFE al 09 de Diciembre de 2022.pdf: 11 rows
✅ 2022-12-06T14-18 [exporttegus@gmail.com] Boletín Estadístico IHCAFE al 05 de Diciembre de 2022.pdf: 11 rows
✅ 2022-12-12T14-14 [exporttegus@gmail.com] Boletín Estadístico IHCAFE al 12 de Diciembre de 2022.pdf: 11 rows
✅ 2022-12-27T13-42 [exporttegus@gmail.com] Boletín Estadístico IHCAFE al 27 de Diciembre de 2022.pdf: 11 rows
✅ 2022-11-28T14-19 [exporttegus@gmail.com] Boletín Estadístico IHCAFE al 28 de Noviembre de 2022.pdf: 11 rows
✅ 2022-12-01T14-09 [exporttegus@gmail.com] Boletín Estadístico IHCAFE al 01 de Diciembre de 2022.pdf: 11 rows
✅ 2022-11-30T14-15 [exporttegus@gmail.com] Boletín Estadístico IHCAFE al 30 de Noviembre de 2022.pdf: 11 rows
✅ 2022-11-29T14-23 [exporttegus@gmail.com] Boletín Estadístico IHCAFE al 29 de Noviembre de 2022.pdf: 11 rows
✅ 2022-11-25T14-08 [exporttegus@gmail.com] Boletín Estadístico IHCAFE al 25 de Noviembre de 2022.pdf: 11 rows
✅ 2022-11-24T14-15 [exporttegus@gmail.com] Boletín Estadístico IHCAFE al 24 de Noviembre de 2022.pdf: 11 rows
✅ 2022-11-23T14-54 [exporttegus@gmail.com] Boletín Estadístico IHCAFE al 23 de Noviembre de 2022.pdf: 11 rows
✅ 2022-11-21T14-15 [exporttegus@gmail.com] Boletín Estadístico IHCAFE al 21 de Noviembre de 2022.pdf: 11 rows
✅ 2022-11-18T14-08 [exporttegus@gmail.com] Boletín Estadístico IHCAFE al 18 de Noviembre de 2022.pdf: 11 rows
✅ 2022-11-22T14-11 [exporttegus@gmail.com] Boletín Estadístico IHCAFE al 22 de Noviembre de 2022.pdf: 11 rows
❌ 2022-11-15T14-10 [exporttegus@gmail.com] Boletín Estadístico IHCAFE al 15 de Noviembre de 2022.pdf: Pattern 'Exportaciones Mensuales' not found on last page
✅ 2022-11-17T14-28 [exporttegus@gmail.com] Boletín Estadístico IHCAFE al 17 de Noviembre de 2022.pdf: 11 rows
✅ 2022-11-16T14-21 [exporttegus@gmail.com] Boletín Estadístico IHCAFE al 16 de Noviembre de 2022.pdf: 11 rows
✅ 2022-11-15T15-22 [exporttegus@gmail.com] Boletín Estadístico IHCAFE al 15 de Noviembre de 2022.pdf: 11 rows
✅ 2022-11-14T14-32 [exporttegus@gmail.com] Boletín Estadístico IHCAFE al 14 de Noviembre de 2022.pdf: 11 rows
✅ 2022-11-10T14-26 [exporttegus@gmail.com] Boletín Estadístico IHCAFE al 10 de Noviembre de 2022.pdf: 11 rows
✅ 2022-11-08T14-21 [exporttegus@gmail.com] Boletín Estadístico IHCAFE al 08 de Noviembre de 2022.pdf: 11 rows
✅ 2022-11-11T14-10 [exporttegus@gmail.com] Boletín Estadístico IHCAFE al 11 de Noviembre de 2022.pdf: 11 rows
✅ 2022-11-01T14-00 [exporttegus@gmail.com] Boletín Estadístico IHCAFE al 1 de Noviembre de 2022.pdf: 11 rows
✅ 2022-11-02T14-00 [exporttegus@gmail.com] Boletín Estadístico IHCAFE al 02 de Noviembre de 2022.pdf: 11 rows
✅ 2022-11-07T14-05 [exporttegus@gmail.com] Boletín Estadístico IHCAFE al 07 de Noviembre de 2022.pdf: 11 rows
✅ 2022-11-03T14-00 [exporttegus@gmail.com] Boletín Estadístico IHCAFE al 03 de Noviembre de 2022.pdf: 11 rows
✅ 2022-10-27T16-25 [exporttegus@gmail.com] Boletín Estadístico IHCAFE al 27 de Octubre de 2022.pdf: 11 rows
✅ 2022-09-30T14-00 [exporttegus@gmail.com] Boletín Estadístico IHCAFE al 30 de Septiembre de 2022 (PRELIMINAR).pdf: 11 rows
✅ 2022-09-29T14-00 [exporttegus@gmail.com] Boletín Estadístico IHCAFE al 29 de Septiembre de 2022.pdf: 11 rows
✅ 2022-09-28T14-00 [exporttegus@gmail.com] Boletín Estadístico IHCAFE al 28 de Septiembre de 2022.pdf: 11 rows
✅ 2022-09-22T14-00 [exporttegus@gmail.com] Boletín Estadístico IHCAFE al 22 de Septiembre de 2022.pdf: 11 rows
✅ 2022-09-26T14-00 [exporttegus@gmail.com] Boletín Estadístico IHCAFE al 26 de Septiembre de 2022.pdf: 11 rows
✅ 2022-09-27T14-00 [exporttegus@gmail.com] Boletín Estadístico IHCAFE al 27 de Septiembre de 2022.pdf: 11 rows
✅ 2022-09-23T14-00 [exporttegus@gmail.com] Boletín Estadístico IHCAFE al 23 de Septiembre de 2022.pdf: 11 rows
✅ 2022-09-21T14-00 [exporttegus@gmail.com] Boletín Estadístico IHCAFE al 21 de Septiembre de 2022.pdf: 11 rows
✅ 2022-09-16T13-58 [exporttegus@gmail.com] Boletín Estadístico IHCAFE al 16 de Septiembre de 2022.pdf: 11 rows
✅ 2022-09-19T14-00 [exporttegus@gmail.com] Boletín Estadístico IHCAFE al 19 de Septiembre de 2022.pdf: 11 rows
✅ 2022-09-20T14-00 [exporttegus@gmail.com] Boletín Estadístico IHCAFE al 20 de Septiembre de 2022.pdf: 11 rows
✅ 2022-09-13T14-00 [exporttegus@gmail.com] Boletín Estadístico IHCAFE al 13 de Septiembre de 2022.pdf: 11 rows
✅ 2022-08-04T14-00 [exporttegus@gmail.com] Boletín Estadístico IHCAFE al 04 de Agosto de 2022.pdf: 11 rows
✅ 2022-09-12T14-00 [exporttegus@gmail.com] Boletín Estadístico IHCAFE al 12 de Septiembre de 2022.pdf: 11 rows
✅ 2022-08-05T14-00 [exporttegus@gmail.com] Boletín Estadístico IHCAFE al 05 de Agosto de 2022.pdf: 11 rows
✅ 2022-08-03T14-00 [exporttegus@gmail.com] Boletín Estadístico IHCAFE al 3 de Agosto de 2022.pdf: 11 rows
✅ 2022-07-29T14-00 [exporttegus@gmail.com] Boletín Estadístico IHCAFE al 29 de Julio de 2022.pdf: 11 rows
✅ 2022-08-01T14-00 [exporttegus@gmail.com] Boletín Estadístico IHCAFE al 01 de Agosto de 2022.pdf: 11 rows
✅ 2022-07-27T14-00 [exporttegus@gmail.com] Boletín Estadístico IHCAFE al 27 de Julio de 2022.pdf: 11 rows
✅ 2022-07-28T16-00 [exporttegus@gmail.com] Boletín Estadístico IHCAFE al 28 de Julio de 2022.pdf: 11 rows
✅ 2022-07-26T14-00 [exporttegus@gmail.com] Boletín Estadístico IHCAFE al 26 de Julio de 2022.pdf: 11 rows
✅ 2022-07-22T14-00 [exporttegus@gmail.com] Boletín Estadístico IHCAFE al 22 de Julio de 2022.pdf: 11 rows
✅ 2022-07-21T14-00 [exporttegus@gmail.com] Boletín Estadístico IHCAFE al 21 de Julio de 2022.pdf: 11 rows
✅ 2022-07-19T14-00 [exporttegus@gmail.com] Boletín Estadístico IHCAFE al 19 de Julio de 2022.pdf: 11 rows
✅ 2022-07-20T15-20 [exporttegus@gmail.com] Boletín Estadístico IHCAFE al 20 de Julio de 2022.pdf: 11 rows
✅ 2022-07-14T14-00 [exporttegus@gmail.com] Boletín Estadístico IHCAFE al 14 de Julio de 2022.pdf: 11 rows
✅ 2022-07-18T15-36 [exporttegus@gmail.com] Boletín Estadístico IHCAFE al 18 de Julio de 2022.pdf: 11 rows
✅ 2022-07-11T14-00 [exporttegus@gmail.com] Boletín Estadístico IHCAFE al 11 de Julio de 2022.pdf: 11 rows
✅ 2022-07-15T14-00 [exporttegus@gmail.com] Boletín Estadístico IHCAFE al 15 de Julio de 2022.pdf: 11 rows
✅ 2022-07-08T13-55 [exporttegus@gmail.com] Boletín Estadístico IHCAFE al 08 de Julio de 2022.pdf: 11 rows
✅ 2022-07-12T18-00 [exporttegus@gmail.com] Boletín Estadístico IHCAFE al 12 de Julio de 2022.pdf: 11 rows
✅ 2022-07-13T14-00 [exporttegus@gmail.com] Boletín Estadístico IHCAFE al 13 de Julio de 2022.pdf: 11 rows
✅ 2022-07-06T14-00 [exporttegus@gmail.com] Boletín Estadístico IHCAFE al 06 de Julio de 2022.pdf: 11 rows
❌ 2022-07-01T12-00 [exporttegus@gmail.com] Compras, Ventas y Exportaciones al 30Jun2022.pdf: Pattern 'Exportaciones Mensuales' not found on last page
✅ 2022-07-01T14-00 [exporttegus@gmail.com] Boletín Estadístico IHCAFE al 01 de Julio de 2022.pdf: 11 rows
✅ 2022-07-07T14-00 [exporttegus@gmail.com] Boletín Estadístico IHCAFE al 07 de Julio de 2022.pdf: 11 rows
✅ 2022-07-04T14-00 [exporttegus@gmail.com] Boletín Estadístico IHCAFE al 04 de Julio de 2022.pdf: 11 rows
✅ 2022-06-30T14-00 [exporttegus@gmail.com] Boletín Estadístico IHCAFE al 30 de Junio de 2022.pdf: 11 rows
✅ 2022-07-05T14-00 [exporttegus@gmail.com] Boletín Estadístico IHCAFE al 05 de Julio de 2022.pdf: 11 rows
✅ 2022-06-28T14-00 [exporttegus@gmail.com] Boletín Estadístico IHCAFE al 28 de Junio de 2022.pdf: 11 rows
✅ 2022-06-29T14-00 [exporttegus@gmail.com] Boletín Estadístico IHCAFE al 29 de Junio de 2022.pdf: 11 rows
✅ 2022-06-22T14-00 [exporttegus@gmail.com] Boletín Estadístico IHCAFE al 22 de Junio de 2022.pdf: 11 rows
✅ 2022-06-23T14-00 [exporttegus@gmail.com] Boletín Estadístico IHCAFE al 23 de Junio de 2022.pdf: 11 rows
✅ 2022-06-24T14-00 [exporttegus@gmail.com] Boletín Estadístico IHCAFE al 24 de Junio de 2022.pdf: 11 rows
✅ 2022-06-27T14-00 [exporttegus@gmail.com] Boletín Estadístico IHCAFE al 27 de Junio de 2022.pdf: 11 rows
✅ 2022-06-20T15-10 [exporttegus@gmail.com] Boletín Estadístico IHCAFE al 20 de Junio de 2022.pdf: 11 rows
✅ 2022-06-16T14-00 [exporttegus@gmail.com] Boletín Estadístico IHCAFE al 16 de Junio de 2022.pdf: 11 rows
✅ 2022-06-17T14-00 [exporttegus@gmail.com] Boletín Estadístico IHCAFE al 17 de Junio de 2022.pdf: 11 rows
✅ 2022-06-10T14-00 [exporttegus@gmail.com] Boletín Estadístico IHCAFE al 10 de Junio de 2022.pdf: 11 rows
✅ 2022-06-14T14-00 [exporttegus@gmail.com] Boletín Estadístico IHCAFE al 14 de Junio de 2022.pdf: 11 rows
✅ 2022-06-15T14-00 [exporttegus@gmail.com] Boletín Estadístico IHCAFE al 15 de Junio de 2022.pdf: 11 rows
✅ 2022-06-13T14-00 [exporttegus@gmail.com] Boletín Estadístico IHCAFE al 13 de Junio de 2022.pdf: 11 rows
✅ 2022-06-08T14-00 [exporttegus@gmail.com] Boletín Estadístico IHCAFE al 08 de Junio de 2022.pdf: 11 rows
✅ 2022-06-07T14-00 [exporttegus@gmail.com] Boletín Estadístico IHCAFE al 7 de Junio de 2022.pdf: 11 rows
✅ 2022-06-06T14-00 [exporttegus@gmail.com] Boletín Estadístico IHCAFE al 06 de Junio de 2022.pdf: 11 rows
✅ 2022-05-30T14-00 [exporttegus@gmail.com] Boletín Estadístico IHCAFE al 30 de Mayo de 2022.pdf: 11 rows
✅ 2022-06-03T14-00 [exporttegus@gmail.com] Boletín Estadístico IHCAFE al 03 de Junio de 2022.pdf: 11 rows
✅ 2022-06-02T14-00 [exporttegus@gmail.com] Boletín Estadístico IHCAFE al 02 de Junio de 2022.pdf: 11 rows
✅ 2022-05-31T14-00 [exporttegus@gmail.com] Boletín Estadístico IHCAFE al 31 de Mayo de 2022.pdf: 11 rows
✅ 2022-06-01T14-00 [exporttegus@gmail.com] Boletín Estadístico IHCAFE al 01 de Junio de 2022.pdf: 11 rows
✅ 2022-05-27T18-00 [exporttegus@gmail.com] Boletín Estadístico IHCAFE al 27 de Mayo de 2022.pdf: 11 rows
✅ 2022-05-25T14-00 [exporttegus@gmail.com] Boletín Estadístico IHCAFE al 25 de Mayo de 2022.pdf: 11 rows
✅ 2022-05-26T14-00 [exporttegus@gmail.com] Boletín Estadístico IHCAFE al 26 de Mayo de 2022.pdf: 11 rows
✅ 2022-05-20T14-00 [exporttegus@gmail.com] Boletín Estadístico IHCAFE al 20 de Mayo de 2022.pdf: 11 rows
✅ 2022-05-24T14-00 [exporttegus@gmail.com] Boletín Estadístico IHCAFE al 24 de Mayo de 2022.pdf: 11 rows
✅ 2022-05-18T15-07 [exporttegus@gmail.com] Boletín Estadístico IHCAFE al 18 de Mayo de 2022.pdf: 11 rows
✅ 2022-05-23T14-00 [exporttegus@gmail.com] Boletín Estadístico IHCAFE al 23 de Mayo de 2022.pdf: 11 rows
✅ 2022-05-19T14-00 [exporttegus@gmail.com] Boletín Estadístico IHCAFE al 19 de Mayo de 2022.pdf: 11 rows
✅ 2022-05-17T14-08 [exporttegus@gmail.com] Boletín Estadístico IHCAFE al 17 de Mayo de 2022.pdf: 11 rows
✅ 2022-05-16T14-00 [exporttegus@gmail.com] Boletín Estadístico IHCAFE al 16 de Mayo de 2022.pdf: 11 rows
✅ 2022-05-12T14-00 [exporttegus@gmail.com] Boletín Estadístico IHCAFE al 12 de Mayo de 2022.pdf: 11 rows
✅ 2022-05-11T14-00 [exporttegus@gmail.com] Boletín Estadístico IHCAFE al 11 de Mayo de 2022.pdf: 11 rows
✅ 2022-05-10T14-00 [exporttegus@gmail.com] Boletín Estadístico IHCAFE al 10 de Mayo de 2022.pdf: 11 rows
✅ 2022-05-06T14-00 [exporttegus@gmail.com] Boletín Estadístico IHCAFE al 06 de Mayo de 2022.pdf: 11 rows
✅ 2022-05-13T14-00 [exporttegus@gmail.com] Boletín Estadístico IHCAFE al 13 de Mayo de 2022.pdf: 11 rows
✅ 2022-05-05T14-00 [exporttegus@gmail.com] Boletín Estadístico IHCAFE al 05 de Mayo de 2022.pdf: 11 rows
✅ 2022-05-04T14-00 [exporttegus@gmail.com] Boletín Estadístico IHCAFE al 04 de Mayo de 2022.pdf: 11 rows
✅ 2022-05-03T14-00 [exporttegus@gmail.com] Boletín Estadístico IHCAFE al 03 de Abril de 2022.pdf: 11 rows
✅ 2022-05-02T14-26 [exporttegus@gmail.com] Boletín Estadístico IHCAFE al 02 de Mayo de 2022.pdf: 11 rows
✅ 2022-04-29T15-00 [exporttegus@gmail.com] Boletín Estadístico IHCAFE al 29 de Abril de 2022.pdf: 11 rows
✅ 2022-04-27T14-00 [exporttegus@gmail.com] Boletín Estadístico IHCAFE al 27 de Abril de 2022.pdf: 11 rows
✅ 2022-04-28T14-00 [exporttegus@gmail.com] Boletín Estadístico IHCAFE al 28 de Abril de 2022.pdf: 11 rows
✅ 2022-04-26T14-00 [exporttegus@gmail.com] Boletín Estadístico IHCAFE al 26 de Abril de 2022.pdf: 11 rows
✅ 2022-04-25T14-00 [exporttegus@gmail.com] Boletín Estadístico IHCAFE al 25 de Abril de 2022.pdf: 11 rows
✅ 2022-04-21T14-00 [exporttegus@gmail.com] Boletín Estadístico IHCAFE al 21 de Abril de 2022.pdf: 11 rows
✅ 2022-04-22T15-00 [exporttegus@gmail.com] Boletín Estadístico IHCAFE al 22 de Abril de 2022.pdf: 11 rows
✅ 2022-04-20T14-00 [exporttegus@gmail.com] Boletín Estadístico IHCAFE al 20 de Abril de 2022.pdf: 11 rows
✅ 2022-04-18T14-00 [exporttegus@gmail.com] Boletín Estadístico IHCAFE al 18 de Abril de 2022.pdf: 11 rows
✅ 2022-04-19T13-58 [exporttegus@gmail.com] Boletín Estadístico IHCAFE al 19 de Abril de 2022.pdf: 11 rows
✅ 2022-04-12T14-00 [exporttegus@gmail.com] Boletín Estadístico IHCAFE al 12 de Abril de 2022.pdf: 11 rows
✅ 2022-04-11T14-00 [exporttegus@gmail.com] Boletín Estadístico IHCAFE al 11 de Abril de 2022.pdf: 11 rows
✅ 2022-04-08T14-00 [exporttegus@gmail.com] Boletín Estadístico IHCAFE al 08 de Abril de 2022.pdf: 11 rows
✅ 2022-04-05T15-05 [exporttegus@gmail.com] Boletín Estadístico IHCAFE al 05 de Abril de 2022.pdf: 11 rows
✅ 2022-04-04T14-50 [exporttegus@gmail.com] Boletín Estadístico IHCAFE al 04 de Abril de 2022.pdf: 11 rows
✅ 2022-04-07T15-00 [exporttegus@gmail.com] Boletín Estadístico IHCAFE al 07 de Abril de 2022.pdf: 11 rows
✅ 2022-04-01T14-05 [exporttegus@gmail.com] Boletín Estadístico IHCAFE al 01 de Abril de 2022.pdf: 11 rows
✅ 2022-03-31T14-33 [exporttegus@gmail.com] Boletín Estadístico IHCAFE al 31 de Marzo de 2022.pdf: 11 rows
✅ 2022-03-30T13-57 [exporttegus@gmail.com] Boletín Estadístico IHCAFE al 30 de Marzo de 2022.pdf: 11 rows
✅ 2022-03-23T15-00 [exporttegus@gmail.com] Boletín Estadístico IHCAFE al 23 de Marzo de 2022.pdf: 11 rows
✅ 2022-03-24T15-00 [exporttegus@gmail.com] Boletín Estadístico IHCAFE al 24 de Marzo de 2022.pdf: 11 rows
✅ 2022-03-25T15-00 [exporttegus@gmail.com] Boletín Estadístico IHCAFE al 25 de Marzo de 2022.pdf: 11 rows
✅ 2022-03-22T15-00 [exporttegus@gmail.com] Boletín Estadístico IHCAFE al 22 de Marzo de 2022.pdf: 11 rows
✅ 2022-03-21T15-01 [exporttegus@gmail.com] Boletín Estadístico IHCAFE al 21 de Marzo de 2022.pdf: 11 rows
✅ 2022-03-18T14-00 [exporttegus@gmail.com] Boletín Estadístico IHCAFE al 18 de Marzo de 2022.pdf: 11 rows
✅ 2022-03-16T14-00 [exporttegus@gmail.com] Boletín Estadístico IHCAFE al 16 de Marzo de 2022.pdf: 11 rows
✅ 2022-03-15T15-00 [exporttegus@gmail.com] Boletín Estadístico IHCAFE al 15 de Marzo de 2022.pdf: 11 rows
✅ 2022-03-14T15-00 [exporttegus@gmail.com] Boletín Estadístico IHCAFE al 14 de Marzo de 2022.pdf: 11 rows
✅ 2022-03-17T14-36 [exporttegus@gmail.com] Boletín Estadístico IHCAFE al 17 de Marzo de 2022.pdf: 11 rows
✅ 2022-03-10T13-59 [exporttegus@gmail.com] Boletín Estadístico IHCAFE al 10 de Marzo de 2022.pdf: 11 rows
✅ 2022-03-11T14-00 [exporttegus@gmail.com] Boletín Estadístico IHCAFE al 11 de Marzo de 2022.pdf: 11 rows
✅ 2022-03-08T14-10 [exporttegus@gmail.com] Boletín Estadístico IHCAFE al 08 de Marzo de 2022.pdf: 11 rows
✅ 2022-03-09T14-00 [exporttegus@gmail.com] Boletín Estadístico IHCAFE al 09 de Marzo de 2022.pdf: 11 rows
✅ 2022-03-04T14-00 [exporttegus@gmail.com] Boletín Estadístico IHCAFE al 04 de Marzo de 2022.pdf: 11 rows
✅ 2022-03-07T14-00 [exporttegus@gmail.com] Boletín Estadístico IHCAFE al 07 de Marzo de 2022.pdf: 11 rows
✅ 2022-03-03T14-00 [exporttegus@gmail.com] Boletín Estadístico IHCAFE al 03 de Marzo de 2022.pdf: 11 rows
✅ 2022-03-01T14-00 [exporttegus@gmail.com] Boletín Estadístico IHCAFE al 01 de Marzo de 2022.pdf: 11 rows
✅ 2022-02-25T14-00 [exporttegus@gmail.com] Boletín Estadístico IHCAFE al 25 de Febrero de 2022.pdf: 11 rows
✅ 2022-02-28T14-08 [exporttegus@gmail.com] Boletín Estadístico IHCAFE al 28 de Febrero de 2022.pdf: 11 rows
✅ 2022-02-24T14-00 [exporttegus@gmail.com] Boletín Estadístico IHCAFE al 24 de Febrero de 2022.pdf: 11 rows
✅ 2022-02-23T14-00 [exporttegus@gmail.com] Boletín Estadístico IHCAFE al 23 de Febrero de 2022.pdf: 11 rows
✅ 2022-02-21T14-00 [exporttegus@gmail.com] Boletín Estadístico IHCAFE al 21 de Febrero de 2022.pdf: 11 rows
✅ 2022-02-22T14-00 [exporttegus@gmail.com] Boletín Estadístico IHCAFE al 22 de Febrero de 2022.pdf: 11 rows
✅ 2022-02-17T14-00 [exporttegus@gmail.com] Boletín Estadístico IHCAFE al 17 de Febrero de 2022.pdf: 11 rows
✅ 2022-02-18T14-00 [exporttegus@gmail.com] Boletín Estadístico IHCAFE al 18 de Febrero de 2022.pdf: 11 rows
✅ 2022-02-15T14-00 [exporttegus@gmail.com] Boletín Estadístico IHCAFE al 15 de Febrero de 2022.pdf: 11 rows
✅ 2022-02-16T14-00 [exporttegus@gmail.com] Boletín Estadístico IHCAFE al 16 de Febrero de 2022.pdf: 11 rows
✅ 2022-02-10T14-00 [exporttegus@gmail.com] Boletín Estadístico IHCAFE al 10 de Febrero de 2022.pdf: 11 rows
✅ 2022-02-14T14-00 [exporttegus@gmail.com] Boletín Estadístico IHCAFE al 14 de Febrero de 2022.pdf: 11 rows
✅ 2022-02-11T14-00 [exporttegus@gmail.com] Boletín Estadístico IHCAFE al 11 de Febrero de 2022.pdf: 11 rows
✅ 2022-02-09T14-45 [exporttegus@gmail.com] Boletín Estadístico IHCAFE al 22 de Febrero de 2022.pdf: 11 rows
✅ 2022-02-08T13-58 [exporttegus@gmail.com] Boletín Estadístico IHCAFE al 08 de Febrero de 2022.pdf: 11 rows
✅ 2022-02-07T14-00 [exporttegus@gmail.com] Boletín Estadístico IHCAFE al 07 de Febrero de 2022.pdf: 11 rows
✅ 2022-02-04T14-00 [exporttegus@gmail.com] Boletín Estadístico IHCAFE al 04 de Febrero de 2022.pdf: 11 rows
✅ 2022-02-03T14-00 [exporttegus@gmail.com] Boletín Estadístico IHCAFE al 03 de Febrero de 2022.pdf: 11 rows
✅ 2022-02-02T14-00 [exporttegus@gmail.com] Boletín Estadístico IHCAFE al 02 de Febrero de 2022.pdf: 11 rows
✅ 2022-02-01T14-00 [exporttegus@gmail.com] Boletín Estadístico IHCAFE al 01 de Febrero de 2022.pdf: 11 rows
✅ 2022-01-28T13-59 [exporttegus@gmail.com] Boletín Estadístico IHCAFE al 28 de Enero de 2022.pdf: 11 rows
✅ 2022-01-26T14-22 [exporttegus@gmail.com] Boletín Estadístico IHCAFE al 26 de Enero de 2022.pdf: 11 rows
✅ 2022-01-24T14-00 [exporttegus@gmail.com] Boletín Estadístico IHCAFE al 24 de Enero de 2022.pdf: 11 rows
✅ 2022-01-25T13-59 [exporttegus@gmail.com] Boletín Estadístico IHCAFE al 25 de Enero de 2022.pdf: 11 rows
✅ 2022-01-31T14-00 [exporttegus@gmail.com] Boletín Estadístico IHCAFE al 31 de Enero de 2022.pdf: 11 rows
✅ 2022-01-21T14-00 [exporttegus@gmail.com] Boletín Estadístico IHCAFE al 21 de Enero de 2022.pdf: 11 rows
✅ 2022-01-17T14-00 [exporttegus@gmail.com] Boletín Estadístico IHCAFE al 17 de Enero de 2022.pdf: 11 rows
✅ 2022-01-19T13-59 [exporttegus@gmail.com] Boletín Estadístico IHCAFE al 19 de Enero de 2022.pdf: 11 rows
✅ 2022-01-20T14-06 [exporttegus@gmail.com] Boletín Estadístico IHCAFE al 20 de Enero de 2022.pdf: 11 rows
✅ 2022-01-18T14-00 [exporttegus@gmail.com] Boletín Estadístico IHCAFE al 18 de Enero de 2022.pdf: 11 rows
✅ 2022-01-13T14-00 [exporttegus@gmail.com] Boletín Estadístico IHCAFE al 13 de Enero de 2022.pdf: 11 rows
✅ 2022-01-12T14-00 [exporttegus@gmail.com] Boletín Estadístico IHCAFE al 12 de Enero de 2022.pdf: 11 rows
✅ 2022-01-11T13-58 [exporttegus@gmail.com] Boletín Estadístico IHCAFE al 11 de Enero de 2022.pdf: 11 rows
✅ 2022-01-10T14-00 [exporttegus@gmail.com] Boletín Estadístico IHCAFE al 10 de Enero de 2022.pdf: 11 rows
✅ 2022-01-06T14-00 [exporttegus@gmail.com] Boletín Estadístico IHCAFE al 06 de Enero de 2022.pdf: 11 rows
✅ 2022-01-07T14-00 [exporttegus@gmail.com] Boletín Estadístico IHCAFE al 07 de Enero de 2022.pdf: 11 rows
✅ 2022-01-04T14-00 [exporttegus@gmail.com] Boletín Estadístico IHCAFE al 04 de Enero de 2022.pdf: 11 rows
✅ 2022-01-05T14-02 [exporttegus@gmail.com] Boletín Estadístico IHCAFE al 05 de Enero de 2022.pdf: 11 rows
✅ 2022-01-03T14-00 [exporttegus@gmail.com] Boletín Estadístico IHCAFE al 03 de Enero de 2022.pdf: 11 rows
✅ 2021-12-31T14-00 [exporttegus@gmail.com] Boletín Estadístico IHCAFE al 31 de Diciembre de 2021.pdf: 11 rows
✅ 2021-12-30T14-00 [exporttegus@gmail.com] Boletín Estadístico IHCAFE al 30 de Diciembre de 2021.pdf: 11 rows
✅ 2021-12-29T14-00 [exporttegus@gmail.com] Boletín Estadístico IHCAFE al 29 de Diciembre de 2021.pdf: 11 rows
✅ 2021-12-27T14-08 [exporttegus@gmail.com] Boletín Estadístico IHCAFE al 27 de Diciembre de 2021.pdf: 11 rows
✅ 2021-12-17T14-07 [exporttegus@gmail.com] Boletín Estadístico IHCAFE al 17 de Diciembre de 2021.pdf: 11 rows
✅ 2021-12-16T14-00 [exporttegus@gmail.com] Boletín Estadístico IHCAFE al 16 de Diciembre de 2021.pdf: 11 rows
✅ 2021-12-28T14-00 [exporttegus@gmail.com] Boletín Estadístico IHCAFE al 28 de Diciembre de 2021.pdf: 11 rows
✅ 2021-12-09T14-00 [exporttegus@gmail.com] Boletín Estadístico IHCAFE al 09 de Diciembre de 2021.pdf: 11 rows
✅ 2021-12-15T14-22 [exporttegus@gmail.com] Boletín Estadístico IHCAFE al 15 de Diciembre de 2021.pdf: 11 rows
✅ 2021-12-10T14-00 [exporttegus@gmail.com] Boletín Estadístico IHCAFE al 10 de Diciembre de 2021.pdf: 11 rows
✅ 2021-12-14T14-00 [exporttegus@gmail.com] Boletín Estadístico IHCAFE al 14 de Diciembre de 2021.pdf: 11 rows
✅ 2021-12-08T14-00 [exporttegus@gmail.com] Boletín Estadístico IHCAFE al 08 de Diciembre de 2021.pdf: 11 rows
✅ 2021-12-01T14-00 [exporttegus@gmail.com] Boletín Estadístico IHCAFE al 01 de Diciembre de 2021.pdf: 11 rows
✅ 2021-12-06T14-02 [exporttegus@gmail.com] Boletín Estadístico IHCAFE al 06 de Diciembre de 2021.pdf: 11 rows
✅ 2021-12-07T14-10 [exporttegus@gmail.com] Boletín Estadístico IHCAFE al 07 de Diciembre de 2021.pdf: 11 rows
✅ 2021-11-25T14-00 [exporttegus@gmail.com] Boletín Estadístico IHCAFE al 25 de Noviembre de 2021.pdf: 11 rows
✅ 2021-11-30T14-00 [exporttegus@gmail.com] Boletín Estadístico IHCAFE al 30 de Noviembre de 2021.pdf: 11 rows
✅ 2021-11-24T14-00 [exporttegus@gmail.com] Boletín Estadístico IHCAFE al 24 de Septiembre de 2021.pdf: 11 rows
✅ 2021-11-26T14-03 [exporttegus@gmail.com] Boletín Estadístico IHCAFE al 26 de Noviembre de 2021.pdf: 11 rows
✅ 2021-11-29T13-59 [exporttegus@gmail.com] Boletín Estadístico IHCAFE al 29 de Noviembre de 2021.pdf: 11 rows
✅ 2021-11-23T14-00 [exporttegus@gmail.com] Boletín Estadístico IHCAFE al 23 de Noviembre de 2021.pdf: 11 rows
✅ 2021-11-19T14-00 [exporttegus@gmail.com] Boletín Estadístico IHCAFE al 19 de Noviembre de 2021.pdf: 11 rows
✅ 2021-11-22T14-00 [exporttegus@gmail.com] Boletín Estadístico IHCAFE al 22 de Noviembre de 2021.pdf: 11 rows
✅ 2021-11-16T14-07 [exporttegus@gmail.com] Boletín Estadístico IHCAFE al 16 de Noviembre de 2021.pdf: 11 rows
✅ 2021-11-17T14-21 [exporttegus@gmail.com] Boletín Estadístico IHCAFE al 17 de Noviembre de 2021.pdf: 11 rows
✅ 2021-11-18T14-00 [exporttegus@gmail.com] Boletín Estadístico IHCAFE al 18 de Noviembre de 2021.pdf: 11 rows
✅ 2021-11-15T14-12 [exporttegus@gmail.com] Boletín Estadístico IHCAFE al 15 de Noviembre de 2021.pdf: 11 rows
✅ 2021-10-05T15-59 [exporttegus@gmail.com] Boletín Estadístico IHCAFE al 30 de Septiembre de 2021 DATOS PRELIMINARES.pdf: 11 rows
✅ 2021-10-04T15-00 [exporttegus@gmail.com] Boletín Estadístico IHCAFE al 30 de Septiembre de 2021 DATOS PRELIMINARES.pdf: 11 rows
✅ 2021-09-30T15-00 [exporttegus@gmail.com] Boletín Estadístico IHCAFE al 30 de Septiembre de 2021.pdf: 11 rows
✅ 2021-09-24T15-00 [exporttegus@gmail.com] Boletín Estadístico IHCAFE al 24 de Septiembre de 2021.pdf: 11 rows
✅ 2021-09-23T15-00 [exporttegus@gmail.com] Boletín Estadístico IHCAFE al 23 de Septiembre de 2021.pdf: 11 rows
✅ 2021-09-29T15-00 [exporttegus@gmail.com] Boletín Estadístico IHCAFE al 29 de Septiembre de 2021.pdf: 11 rows
✅ 2021-10-01T15-00 [exporttegus@gmail.com] Boletín Estadístico IHCAFE al 30 de Septiembre de 2021 DATOS PRELIMINARES.pdf: 11 rows
✅ 2021-09-22T15-00 [exporttegus@gmail.com] Boletín Estadístico IHCAFE al 22 de Septiembre de 2021.pdf: 11 rows
✅ 2021-09-21T15-00 [exporttegus@gmail.com] Boletín Estadístico IHCAFE al 21 de Septiembre de 2021.pdf: 11 rows
✅ 2021-09-17T15-00 [exporttegus@gmail.com] Boletín Estadístico IHCAFE al 17 de Septiembre de 2021.pdf: 11 rows
✅ 2021-09-20T15-00 [exporttegus@gmail.com] Boletín Estadístico IHCAFE al 20 de Septiembre de 2021.pdf: 11 rows
✅ 2021-09-16T15-00 [exporttegus@gmail.com] Boletín Estadístico IHCAFE al 16 de Septiembre de 2021.pdf: 11 rows
✅ 2021-09-10T15-00 [exporttegus@gmail.com] Boletín Estadístico IHCAFE al 10 de Septiembre de 2021.pdf: 11 rows
✅ 2021-09-09T17-20 [exporttegus@gmail.com] Boletín Estadístico IHCAFE al 09 de Septiembre de 2021.pdf: 11 rows
✅ 2021-09-14T15-00 [exporttegus@gmail.com] Boletín Estadístico IHCAFE al 14 de Septiembre de 2021.pdf: 11 rows
✅ 2021-09-07T15-00 [exporttegus@gmail.com] Boletín Estadístico IHCAFE al 07 de Septiembre de 2021.pdf: 11 rows
✅ 2021-09-13T15-00 [exporttegus@gmail.com] Boletín Estadístico IHCAFE al 13 de Septiembre de 2021.pdf: 11 rows
✅ 2021-09-06T15-00 [exporttegus@gmail.com] Boletín Estadístico IHCAFE al 06 de Septiembre de 2021.pdf: 11 rows
✅ 2021-09-03T15-00 [exporttegus@gmail.com] Boletín Estadístico IHCAFE al 03 de Septiembre de 2021.pdf: 11 rows
✅ 2021-09-02T15-00 [exporttegus@gmail.com] Boletín Estadístico IHCAFE al 02 de Septiembre de 2021.pdf: 11 rows
✅ 2021-08-30T15-00 [exporttegus@gmail.com] Boletín Estadístico IHCAFE al 30 de Agosto de 2021.pdf: 11 rows
✅ 2021-09-01T15-00 [exporttegus@gmail.com] Boletín Estadístico IHCAFE al 01 de Septiembre de 2021.pdf: 11 rows
✅ 2021-08-26T15-00 [exporttegus@gmail.com] Boletín Estadístico IHCAFE al 26 de Agosto de 2021.pdf: 11 rows
✅ 2021-08-27T15-00 [exporttegus@gmail.com] Boletín Estadístico IHCAFE al 27 de Agosto de 2021.pdf: 11 rows
✅ 2021-08-24T15-00 [exporttegus@gmail.com] Boletín Estadístico IHCAFE al 24 de Agosto de 2021.pdf: 11 rows
✅ 2021-08-18T15-00 [exporttegus@gmail.com] Boletín Estadístico IHCAFE al 18 de Agosto de 2021.pdf: 11 rows
✅ 2021-08-20T15-00 [exporttegus@gmail.com] Boletín Estadístico IHCAFE al 20 de Agosto de 2021.pdf: 11 rows
✅ 2021-08-16T15-00 [exporttegus@gmail.com] Boletín Estadístico IHCAFE al 16 de Agosto de 2021.pdf: 11 rows
✅ 2021-08-13T15-00 [exporttegus@gmail.com] Boletín Estadístico IHCAFE al 13 de Agosto de 2021.pdf: 11 rows
✅ 2021-08-12T15-00 [exporttegus@gmail.com] Boletín Estadístico IHCAFE al 12 de Agosto de 2021.pdf: 11 rows
✅ 2021-08-11T15-00 [exporttegus@gmail.com] Boletín Estadístico IHCAFE al 11 de Agosto de 2021.pdf: 11 rows
✅ 2021-08-09T15-00 [exporttegus@gmail.com] Boletín Estadístico IHCAFE al 09 de Agosto de 2021.pdf: 11 rows
✅ 2021-08-02T15-00 [exporttegus@gmail.com] Boletín Estadístico IHCAFE al 02 de Agosto de 2021.pdf: 11 rows
✅ 2021-08-04T15-00 [exporttegus@gmail.com] Boletín Estadístico IHCAFE al 04 de Agosto de 2021.pdf: 11 rows
✅ 2021-07-30T15-00 [exporttegus@gmail.com] Boletín Estadístico IHCAFE al 30 de Julio de 2021.pdf: 11 rows
✅ 2021-07-29T15-00 [exporttegus@gmail.com] Boletín Estadístico IHCAFE al 29 de Julio de 2021.pdf: 11 rows
✅ 2021-07-28T15-00 [exporttegus@gmail.com] Boletín Estadístico IHCAFE al 28 de Julio de 2021.pdf: 11 rows
✅ 2021-07-27T15-00 [exporttegus@gmail.com] Boletín Estadístico IHCAFE al 27 de Julio de 2021.pdf: 11 rows
✅ 2021-07-26T15-00 [exporttegus@gmail.com] Boletín Estadístico IHCAFE al 26 de Julio de 2021.pdf: 11 rows
✅ 2021-07-23T15-00 [exporttegus@gmail.com] Boletín Estadístico IHCAFE al 23 de Julio de 2021.pdf: 11 rows
✅ 2021-07-21T15-00 [exporttegus@gmail.com] Boletín Estadístico IHCAFE 21 de Julio de 2021.pdf: 11 rows
✅ 2021-07-22T15-00 [exporttegus@gmail.com] Boletín Estadístico IHCAFE al 22 de Julio de 2021.pdf: 11 rows
✅ 2021-07-20T15-00 [exporttegus@gmail.com] Boletín Estadístico IHCAFE 20 de Julio de 2021.pdf: 11 rows
✅ 2021-07-14T15-00 [exporttegus@gmail.com] Boletín Estadístico IHCAFE 14 de Julio de 2021.pdf: 11 rows
✅ 2021-07-19T15-00 [exporttegus@gmail.com] Boletín Estadístico IHCAFE 17 de Julio de 2021.pdf: 11 rows
✅ 2021-07-16T15-00 [exporttegus@gmail.com] Boletín Estadístico IHCAFE 16 de Julio de 2021.pdf: 11 rows
✅ 2021-07-15T15-01 [exporttegus@gmail.com] Boletín Estadístico IHCAFE 15 de Julio de 2021.pdf: 11 rows
✅ 2021-07-13T15-09 [exporttegus@gmail.com] Boletín Estadístico IHCAFE 13 de Julio de 2021.pdf: 11 rows
✅ 2021-07-09T15-00 [exporttegus@gmail.com] Boletín Estadístico IHCAFE 09 de Julio de 2021.pdf: 11 rows
✅ 2021-07-12T15-00 [exporttegus@gmail.com] Boletín Estadístico IHCAFE 12 de Julio de 2021.pdf: 11 rows
✅ 2021-07-07T15-00 [exporttegus@gmail.com] Boletín Estadístico IHCAFE 7 de Julio de 2021.pdf: 11 rows
✅ 2021-07-08T15-00 [exporttegus@gmail.com] Boletín Estadístico IHCAFE 08 de Julio de 2021.pdf: 11 rows
✅ 2021-07-05T14-00 [exporttegus@gmail.com] Boletín Estadístico IHCAFE 05 de Julio de 2021.pdf: 11 rows
✅ 2021-07-06T15-00 [exporttegus@gmail.com] Boletín Estadístico IHCAFE 06 de Julio de 2021.pdf: 11 rows
✅ 2021-07-02T15-00 [exporttegus@gmail.com] Boletín Estadístico IHCAFE 02 de Julio de 2021.pdf: 11 rows
✅ 2021-06-28T15-00 [exporttegus@gmail.com] Boletín Estadístico IHCAFE 28 de Junio de 2021.pdf: 11 rows
✅ 2021-07-01T15-00 [exporttegus@gmail.com] Boletín Estadístico IHCAFE 1 de Julio de 2021.pdf: 11 rows
✅ 2021-06-25T15-00 [exporttegus@gmail.com] Boletín Estadístico IHCAFE 25 de Junio de 2021.pdf: 11 rows
✅ 2021-06-23T15-00 [exporttegus@gmail.com] Boletín Estadístico IHCAFE 23 de Junio de 2021.pdf: 11 rows
✅ 2021-06-24T15-00 [exporttegus@gmail.com] Boletín Estadístico IHCAFE 24 de Junio de 2021.pdf: 11 rows
✅ 2021-06-18T15-00 [exporttegus@gmail.com] Boletín Estadístico IHCAFE 18 de Junio de 2021.pdf: 11 rows
✅ 2021-06-21T15-00 [exporttegus@gmail.com] Boletín Estadístico IHCAFE 21 de Junio de 2021.pdf: 11 rows
✅ 2021-06-22T15-00 [exporttegus@gmail.com] Boletín Estadístico IHCAFE 22 de Junio de 2021.pdf: 11 rows
✅ 2021-06-16T15-00 [exporttegus@gmail.com] Boletín Estadístico IHCAFE 16 de Junio de 2021.pdf: 11 rows
✅ 2021-06-17T14-59 [exporttegus@gmail.com] Boletín Estadístico IHCAFE 17 de Junio de 2021.pdf: 11 rows
✅ 2021-06-15T15-00 [exporttegus@gmail.com] Boletín Estadístico IHCAFE 15 de Junio de 2021.pdf: 11 rows
✅ 2021-06-14T15-00 [exporttegus@gmail.com] Boletín Estadístico IHCAFE 14 de Junio de 2021.pdf: 11 rows
✅ 2021-06-10T15-00 [exporttegus@gmail.com] Boletín Estadístico IHCAFE 10 de Junio de 2021.pdf: 11 rows
✅ 2021-06-11T15-00 [exporttegus@gmail.com] Boletín Estadístico IHCAFE 17 de Junio de 2021.pdf: 11 rows
✅ 2021-06-09T16-01 [exporttegus@gmail.com] Boletín Estadístico IHCAFE 09 de Junio de 2021.pdf: 11 rows
✅ 2021-06-07T15-00 [exporttegus@gmail.com] Boletín Estadístico IHCAFE 7 de Junio de 2021.pdf: 11 rows
✅ 2021-06-04T15-00 [exporttegus@gmail.com] Boletín Estadístico IHCAFE 04 de Junio de 2021.pdf: 11 rows
✅ 2021-06-03T15-00 [exporttegus@gmail.com] Boletín Estadístico IHCAFE 03 de Junio de 2021.pdf: 11 rows
✅ 2021-06-02T15-00 [exporttegus@gmail.com] Boletín Estadístico IHCAFE 02 de Junio de 2021.pdf: 11 rows
✅ 2021-05-28T15-00 [exporttegus@gmail.com] Boletín Estadístico IHCAFE 28 de Mayo de 2021.pdf: 11 rows
✅ 2021-05-31T14-00 [exporttegus@gmail.com] Boletín Estadístico IHCAFE 31 de Mayo de 2021.pdf: 11 rows
✅ 2021-06-01T15-00 [exporttegus@gmail.com] Boletín Estadístico IHCAFE 1 de Junio de 2021.pdf: 11 rows
✅ 2021-05-20T15-00 [exporttegus@gmail.com] Boletín Estadístico IHCAFE 20 de Mayo de 2021.pdf: 11 rows
✅ 2021-05-25T15-00 [exporttegus@gmail.com] Boletín Estadístico IHCAFE 25 de Mayo de 2021.pdf: 11 rows
✅ 2021-05-19T15-00 [exporttegus@gmail.com] Boletín Estadístico IHCAFE 19 de Mayo de 2021.pdf: 11 rows
✅ 2021-05-18T14-52 [exporttegus@gmail.com] Boletín Estadístico IHCAFE 18 de Mayo de 2021.pdf: 11 rows
✅ 2021-05-17T15-00 [exporttegus@gmail.com] Boletín Estadístico IHCAFE 17 de Mayo de 2021.pdf: 11 rows
✅ 2021-05-12T15-00 [exporttegus@gmail.com] Boletín Estadístico IHCAFE 12 de Mayo de 2021.pdf: 11 rows
✅ 2021-05-14T15-00 [exporttegus@gmail.com] Boletín Estadístico IHCAFE 14 de Mayo de 2021.pdf: 11 rows
✅ 2021-05-13T15-00 [exporttegus@gmail.com] Boletín Estadístico IHCAFE 13 de Mayo de 2021.pdf: 11 rows
✅ 2021-05-10T15-00 [exporttegus@gmail.com] Boletín Estadístico IHCAFE 10 de Mayo de 2021.pdf: 11 rows
✅ 2021-05-11T15-00 [exporttegus@gmail.com] Boletín Estadístico IHCAFE 11 de Mayo de 2021.pdf: 11 rows
✅ 2021-04-28T15-00 [exporttegus@gmail.com] Boletín Estadístico IHCAFE 28 de Abril de 2021.pdf: 11 rows
✅ 2021-04-27T15-00 [exporttegus@gmail.com] Boletín Estadístico IHCAFE 27 de Abril de 2021.pdf: 11 rows
✅ 2021-04-23T15-07 [exporttegus@gmail.com] Boletín Estadístico IHCAFE 23 de Abril de 2021.pdf: 11 rows
✅ 2021-04-26T15-00 [exporttegus@gmail.com] Boletín Estadístico IHCAFE 26 de Abril de 2021.pdf: 11 rows
✅ 2021-04-21T15-00 [exporttegus@gmail.com] Boletín Estadístico IHCAFE 21 de Abril de 2021.pdf: 11 rows
✅ 2021-04-20T15-00 [exporttegus@gmail.com] Boletín Estadístico IHCAFE 20 de Abril de 2021.pdf: 11 rows
✅ 2021-04-16T15-00 [exporttegus@gmail.com] Boletín Estadístico IHCAFE 16 de Abril de 2021.pdf: 11 rows
✅ 2021-04-22T15-00 [exporttegus@gmail.com] Boletín Estadístico IHCAFE 22 de Abril de 2021.pdf: 11 rows
✅ 2021-04-15T15-00 [exporttegus@gmail.com] Boletín Estadístico IHCAFE 15 de Abril de 2021.pdf: 11 rows
✅ 2021-04-08T15-00 [exporttegus@gmail.com] Boletín Estadístico IHCAFE 08 de Abril de 2021.pdf: 11 rows
✅ 2021-04-13T15-00 [exporttegus@gmail.com] Boletín Estadístico IHCAFE 13 de Abril de 2021.pdf: 11 rows
✅ 2021-04-12T15-00 [exporttegus@gmail.com] Boletín Estadístico IHCAFE 12 de Abril de 2021.pdf: 11 rows
✅ 2021-04-14T15-00 [exporttegus@gmail.com] Boletín Estadístico IHCAFE 14 de Abril de 2021.pdf: 11 rows
✅ 2021-04-05T15-00 [exporttegus@gmail.com] Boletín Estadístico IHCAFE 05 de Abril de 2021.pdf: 11 rows
✅ 2021-04-07T15-00 [exporttegus@gmail.com] Boletín Estadístico IHCAFE 07 de Abril de 2021.pdf: 11 rows
✅ 2021-04-06T15-00 [exporttegus@gmail.com] Boletín Estadístico IHCAFE 06 de Abril de 2021.pdf: 11 rows
✅ 2021-03-30T15-00 [exporttegus@gmail.com] Boletín Estadístico IHCAFE 30 de Marzo de 2021.pdf: 11 rows
✅ 2021-03-25T15-00 [exporttegus@gmail.com] Boletín Estadístico IHCAFE 25 de Marzo de 2021.pdf: 11 rows
✅ 2021-03-29T15-00 [exporttegus@gmail.com] Boletín Estadístico IHCAFE 29 de Marzo de 2021.pdf: 11 rows
✅ 2021-03-24T15-00 [exporttegus@gmail.com] Boletín Estadístico IHCAFE 24 de Marzo de 2021.pdf: 11 rows
✅ 2021-03-26T15-00 [exporttegus@gmail.com] Boletín Estadístico IHCAFE 26 de Marzo de 2021.pdf: 11 rows
✅ 2021-03-23T15-00 [exporttegus@gmail.com] Boletín Estadístico IHCAFE 23 de Marzo de 2021.pdf: 11 rows
✅ 2021-03-19T15-00 [exporttegus@gmail.com] Boletín Estadístico IHCAFE 19 de Marzo de 2021.pdf: 11 rows
✅ 2021-03-18T15-00 [exporttegus@gmail.com] Boletín Estadístico IHCAFE 18 de Marzo de 2021.pdf: 11 rows
✅ 2021-03-17T15-00 [exporttegus@gmail.com] Boletín Estadístico IHCAFE 17 de Marzo de 2021.pdf: 11 rows
✅ 2021-03-22T15-00 [exporttegus@gmail.com] Boletín Estadístico IHCAFE 22 de Marzo de 2021.pdf: 11 rows
✅ 2021-03-16T15-00 [exporttegus@gmail.com] Boletín Estadístico IHCAFE 16 de Marzo de 2021.pdf: 11 rows
✅ 2021-03-15T15-08 [exporttegus@gmail.com] Boletín Estadístico IHCAFE 15 de Marzo de 2021.pdf: 11 rows
✅ 2021-03-10T14-00 [exporttegus@gmail.com] Boletín Estadístico IHCAFE 10 de Marzo de 2021.pdf: 11 rows
✅ 2021-03-11T14-00 [exporttegus@gmail.com] Boletín Estadístico IHCAFE 11 de Marzo de 2021.pdf: 11 rows
✅ 2021-03-09T14-00 [exporttegus@gmail.com] Boletín Estadístico IHCAFE 09 de Marzo de 2021.pdf: 11 rows
✅ 2021-03-08T14-00 [exporttegus@gmail.com] Boletín Estadístico IHCAFE 08 de Marzo de 2021.pdf: 11 rows
✅ 2021-03-12T14-00 [exporttegus@gmail.com] Boletín Estadístico IHCAFE 12 de Marzo de 2021.pdf: 11 rows
✅ 2021-03-05T14-00 [exporttegus@gmail.com] Boletín Estadístico IHCAFE 05 de Marzo de 2021.pdf: 11 rows
✅ 2021-03-04T14-00 [exporttegus@gmail.com] Boletín Estadístico IHCAFE 04 de Marzo de 2021.pdf: 11 rows
✅ 2021-03-01T14-00 [exporttegus@gmail.com] Boletín Estadístico IHCAFE 01 de Marzo de 2021.pdf: 11 rows
✅ 2021-03-02T14-00 [exporttegus@gmail.com] Boletín Estadístico IHCAFE 02 de Marzo de 2021.pdf: 11 rows
✅ 2021-03-03T14-00 [exporttegus@gmail.com] Boletín Estadístico IHCAFE 03 de Marzo de 2021.pdf: 11 rows
✅ 2021-02-24T14-00 [exporttegus@gmail.com] Boletín Estadístico IHCAFE 24 de Febrero de 2021.pdf: 11 rows
✅ 2021-02-26T14-00 [exporttegus@gmail.com] Boletín Estadístico IHCAFE 26 de Febrero de 2021.pdf: 11 rows
✅ 2021-02-23T14-00 [exporttegus@gmail.com] Boletín Estadístico IHCAFE 23 de Febrero de 2021.pdf: 11 rows
✅ 2021-02-25T14-00 [exporttegus@gmail.com] Boletín Estadístico IHCAFE 25 de Febrero de 2021.pdf: 11 rows
✅ 2021-02-22T14-00 [exporttegus@gmail.com] Boletín Estadístico IHCAFE 22 de Febrero de 2021.pdf: 11 rows
✅ 2021-02-19T14-00 [exporttegus@gmail.com] Boletín Estadístico IHCAFE 19 de Febrero de 2021.pdf: 11 rows
✅ 2021-02-17T14-00 [exporttegus@gmail.com] Boletín Estadístico IHCAFE 17 de Febrero de 2021.pdf: 11 rows
✅ 2021-02-18T14-00 [exporttegus@gmail.com] Boletín Estadístico IHCAFE 18 de Febrero de 2021.pdf: 11 rows
✅ 2021-02-15T14-00 [exporttegus@gmail.com] Boletín Estadístico IHCAFE 15 de Febrero de 2021.pdf: 11 rows
✅ 2021-02-16T14-00 [exporttegus@gmail.com] Boletín Estadístico IHCAFE 16 de Febrero de 2021.pdf: 11 rows
✅ 2021-02-11T14-00 [exporttegus@gmail.com] Boletín Estadístico IHCAFE 11 de Febrero de 2021.pdf: 11 rows
✅ 2021-02-12T14-00 [exporttegus@gmail.com] Boletín Estadístico IHCAFE 12 de Febrero de 2021.pdf: 11 rows
✅ 2021-02-10T14-00 [exporttegus@gmail.com] Boletín Estadístico IHCAFE 10 de Febrero de 2021.pdf: 11 rows
✅ 2021-02-08T14-00 [exporttegus@gmail.com] Boletín Estadístico IHCAFE 08 de Febrero de 2021.pdf: 11 rows
✅ 2021-02-04T14-00 [exporttegus@gmail.com] Boletín Estadístico IHCAFE 04 de Febrero de 2021.pdf: 11 rows
✅ 2021-02-05T14-00 [exporttegus@gmail.com] Boletín Estadístico IHCAFE 05 de Febrero de 2021.pdf: 11 rows
✅ 2021-02-02T14-42 [exporttegus@gmail.com] Boletín Estadístico IHCAFE 02 de Febrero de 2021.pdf: 11 rows
✅ 2021-02-03T14-00 [exporttegus@gmail.com] Boletín Estadístico IHCAFE 03 de Febrero de 2021.pdf: 11 rows
✅ 2021-02-01T14-00 [exporttegus@gmail.com] Boletín Estadístico IHCAFE 01 de Febrero de 2021.pdf: 11 rows
✅ 2021-01-28T14-00 [exporttegus@gmail.com] Boletín Estadístico IHCAFE 28 de Enero de 2021.pdf: 11 rows
✅ 2021-01-26T14-00 [exporttegus@gmail.com] Boletín Estadístico IHCAFE 26 de Enero de 2021.pdf: 11 rows
✅ 2021-01-22T14-00 [exporttegus@gmail.com] Boletín Estadístico IHCAFE 22 de Enero de 2021.pdf: 11 rows
✅ 2021-01-21T13-59 [exporttegus@gmail.com] Boletín Estadístico IHCAFE 21 de Enero de 2021.pdf: 11 rows
✅ 2021-01-29T14-05 [exporttegus@gmail.com] Boletín Estadístico IHCAFE 29 de Enero de 2021.pdf: 11 rows
✅ 2021-01-25T14-00 [exporttegus@gmail.com] Boletín Estadístico IHCAFE 25 de Enero de 2021.pdf: 11 rows
✅ 2021-01-27T14-00 [exporttegus@gmail.com] Boletín Estadístico IHCAFE 27 de Enero de 2021.pdf: 11 rows
✅ 2021-01-20T13-58 [exporttegus@gmail.com] Boletín Estadístico IHCAFE 20 de Enero de 2021.pdf: 11 rows
✅ 2021-01-18T14-00 [exporttegus@gmail.com] Boletín Estadístico IHCAFE 18 de Enero de 2021.pdf: 11 rows
✅ 2021-01-19T14-00 [exporttegus@gmail.com] Boletín Estadístico IHCAFE 19 de Enero de 2021.pdf: 11 rows
✅ 2021-01-15T14-00 [exporttegus@gmail.com] Boletín Estadístico IHCAFE 15 de Enero de 2021.pdf: 11 rows
✅ 2021-01-13T14-00 [exporttegus@gmail.com] Boletín Estadístico IHCAFE 13 de Enero de 2021.pdf: 11 rows
✅ 2021-01-14T14-06 [exporttegus@gmail.com] Boletín Estadístico IHCAFE 14 de Enero de 2021.pdf: 11 rows
✅ 2021-01-12T13-58 [exporttegus@gmail.com] Boletín Estadístico IHCAFE 12 de Enero de 2021.pdf: 11 rows
✅ 2021-01-11T14-00 [exporttegus@gmail.com] Boletín Estadístico IHCAFE 11 de Enero de 2021.pdf: 11 rows
❌ 2020-12-30T14-08 [exporttegus@gmail.com] Boletín Estadístico IHCAFE 30 de Diciembre de 2020.pdf: Pattern 'Exportaciones Mensuales' not found on last page
❌ 2020-12-23T14-54 [exporttegus@gmail.com] Boletín Estadístico IHCAFE 23 de Diciembre de 2020.pdf: Pattern 'Exportaciones Mensuales' not found on last page
❌ 2020-12-29T14-44 [exporttegus@gmail.com] Boletín Estadístico IHCAFE 29 de Diciembre de 2020.pdf: Pattern 'Exportaciones Mensuales' not found on last page
❌ 2020-12-28T14-23 [exporttegus@gmail.com] Boletín Estadístico IHCAFE 28 de Diciembre de 2020.pdf: Pattern 'Exportaciones Mensuales' not found on last page
✅ 2021-01-08T14-02 [exporttegus@gmail.com] Boletín Estadístico IHCAFE 08 de Enero de 2021.pdf: 11 rows
✅ 2021-01-07T14-00 [exporttegus@gmail.com] Boletín Estadístico IHCAFE 7 de Enero de 2021.pdf: 11 rows
✅ 2021-01-04T14-00 [exporttegus@gmail.com] Boletín Estadístico IHCAFE 04 de Enero de 2021.pdf: 11 rows
✅ 2021-01-05T14-06 [exporttegus@gmail.com] Boletín Estadístico IHCAFE 05 de Enero de 2021.pdf: 11 rows
✅ 2021-01-06T14-00 [exporttegus@gmail.com] Boletín Estadístico IHCAFE 06 de Enero de 2021.pdf: 11 rows
✅ 2020-12-21T14-00 [exporttegus@gmail.com] Boletín Estadístico IHCAFE 21 de Diciembre de 2020.pdf: 11 rows
✅ 2020-12-22T14-00 [exporttegus@gmail.com] Boletín Estadístico IHCAFE 22 de Diciembre de 2020.pdf: 11 rows
✅ 2020-12-18T14-16 [exporttegus@gmail.com] Boletín Estadístico IHCAFE 18 de Diciembre de 2020.pdf: 11 rows
✅ 2020-12-17T14-30 [exporttegus@gmail.com] Boletín Estadístico IHCAFE 17 de Diciembre de 2020.pdf: 11 rows
✅ 2020-12-16T15-31 [exporttegus@gmail.com] Boletín Estadístico IHCAFE 16 de Diciembre de 2020 ***Corrección Precios Bolsa.pdf: 11 rows
✅ 2020-12-16T15-15 [exporttegus@gmail.com] Boletín Estadístico IHCAFE 16 de Diciembre de 2020.pdf: 11 rows
✅ 2020-12-15T14-00 [exporttegus@gmail.com] Boletín Estadístico IHCAFE 15 de Diciembre de 2020.pdf: 11 rows
✅ 2020-12-14T14-17 [exporttegus@gmail.com] Boletín Estadístico IHCAFE 14 de Diciembre de 2020.pdf: 11 rows
✅ 2020-12-11T14-00 [exporttegus@gmail.com] Boletín Estadístico IHCAFE 11 de Enero de 2020.pdf: 11 rows
✅ 2020-12-08T14-00 [exporttegus@gmail.com] Boletín Estadístico IHCAFE 08 de Diciembre de 2020.pdf: 11 rows
✅ 2020-12-07T14-00 [exporttegus@gmail.com] Boletín Estadístico IHCAFE 7 de Diciembre de 2020.pdf: 11 rows
✅ 2020-12-04T14-00 [exporttegus@gmail.com] Boletín Estadístico IHCAFE 04 de Diciembre de 2020.pdf: 11 rows
✅ 2020-12-10T14-00 [exporttegus@gmail.com] Boletín Estadístico IHCAFE 10 de Diciembre de 2020.pdf: 11 rows
✅ 2020-11-27T14-01 [exporttegus@gmail.com] Boletín Estadístico IHCAFE 27 de Noviembre de 2020.pdf: 11 rows
✅ 2020-12-03T14-00 [exporttegus@gmail.com] Boletín Estadístico IHCAFE 03 de Diciembre de 2020.pdf: 11 rows
✅ 2019-02-14T12-58 [SMejia@freepoint.com] FW: Boletín Estadístico IHCAFE al 13 de Febrero de 2019.pdf: 11 rows
Saved latest + appended historical. Historical file: /Users/juanbeltran/Developer/Honduras_coffee/_r/outputs/historical/honduras_reports_historical.csv
/Users/juanbeltran/Developer/Honduras_coffee/_r/scripts/run_reports.py:253: FutureWarning: DataFrame.applymap has been deprecated. Use DataFrame.map instead.
  df = df.applymap(lambda x: x.strip() if isinstance(x, str) else x)
/Users/juanbeltran/Developer/Honduras_coffee/_r/scripts/run_reports.py:253: FutureWarning: DataFrame.applymap has been deprecated. Use DataFrame.map instead.
  df = df.applymap(lambda x: x.strip() if isinstance(x, str) else x)
/Users/juanbeltran/Developer/Honduras_coffee/_r/scripts/run_reports.py:253: FutureWarning: DataFrame.applymap has been deprecated. Use DataFrame.map instead.
  df = df.applymap(lambda x: x.strip() if isinstance(x, str) else x)
/Users/juanbeltran/Developer/Honduras_coffee/_r/scripts/run_reports.py:253: FutureWarning: DataFrame.applymap has been deprecated. Use DataFrame.map instead.
  df = df.applymap(lambda x: x.strip() if isinstance(x, str) else x)
/Users/juanbeltran/Developer/Honduras_coffee/_r/scripts/run_reports.py:253: FutureWarning: DataFrame.applymap has been deprecated. Use DataFrame.map instead.
  df = df.applymap(lambda x: x.strip() if isinstance(x, str) else x)
/Users/juanbeltran/Developer/Honduras_coffee/_r/scripts/run_reports.py:253: FutureWarning: DataFrame.applymap has been deprecated. Use DataFrame.map instead.
  df = df.applymap(lambda x: x.strip() if isinstance(x, str) else x)
/Users/juanbeltran/Developer/Honduras_coffee/_r/scripts/run_reports.py:253: FutureWarning: DataFrame.applymap has been deprecated. Use DataFrame.map instead.
  df = df.applymap(lambda x: x.strip() if isinstance(x, str) else x)
/Users/juanbeltran/Developer/Honduras_coffee/_r/scripts/run_reports.py:253: FutureWarning: DataFrame.applymap has been deprecated. Use DataFrame.map instead.
  df = df.applymap(lambda x: x.strip() if isinstance(x, str) else x)
/Users/juanbeltran/Developer/Honduras_coffee/_r/scripts/run_reports.py:253: FutureWarning: DataFrame.applymap has been deprecated. Use DataFrame.map instead.
  df = df.applymap(lambda x: x.strip() if isinstance(x, str) else x)
/Users/juanbeltran/Developer/Honduras_coffee/_r/scripts/run_reports.py:253: FutureWarning: DataFrame.applymap has been deprecated. Use DataFrame.map instead.
  df = df.applymap(lambda x: x.strip() if isinstance(x, str) else x)
/Users/juanbeltran/Developer/Honduras_coffee/_r/scripts/run_reports.py:253: FutureWarning: DataFrame.applymap has been deprecated. Use DataFrame.map instead.
  df = df.applymap(lambda x: x.strip() if isinstance(x, str) else x)
/Users/juanbeltran/Developer/Honduras_coffee/_r/scripts/run_reports.py:253: FutureWarning: DataFrame.applymap has been deprecated. Use DataFrame.map instead.
  df = df.applymap(lambda x: x.strip() if isinstance(x, str) else x)
/Users/juanbeltran/Developer/Honduras_coffee/_r/scripts/run_reports.py:253: FutureWarning: DataFrame.applymap has been deprecated. Use DataFrame.map instead.
  df = df.applymap(lambda x: x.strip() if isinstance(x, str) else x)
/Users/juanbeltran/Developer/Honduras_coffee/_r/scripts/run_reports.py:253: FutureWarning: DataFrame.applymap has been deprecated. Use DataFrame.map instead.
  df = df.applymap(lambda x: x.strip() if isinstance(x, str) else x)
/Users/juanbeltran/Developer/Honduras_coffee/_r/scripts/run_reports.py:253: FutureWarning: DataFrame.applymap has been deprecated. Use DataFrame.map instead.
  df = df.applymap(lambda x: x.strip() if isinstance(x, str) else x)
/Users/juanbeltran/Developer/Honduras_coffee/_r/scripts/run_reports.py:253: FutureWarning: DataFrame.applymap has been deprecated. Use DataFrame.map instead.
  df = df.applymap(lambda x: x.strip() if isinstance(x, str) else x)
/Users/juanbeltran/Developer/Honduras_coffee/_r/scripts/run_reports.py:253: FutureWarning: DataFrame.applymap has been deprecated. Use DataFrame.map instead.
  df = df.applymap(lambda x: x.strip() if isinstance(x, str) else x)
/Users/juanbeltran/Developer/Honduras_coffee/_r/scripts/run_reports.py:253: FutureWarning: DataFrame.applymap has been deprecated. Use DataFrame.map instead.
  df = df.applymap(lambda x: x.strip() if isinstance(x, str) else x)
/Users/juanbeltran/Developer/Honduras_coffee/_r/scripts/run_reports.py:253: FutureWarning: DataFrame.applymap has been deprecated. Use DataFrame.map instead.
  df = df.applymap(lambda x: x.strip() if isinstance(x, str) else x)
/Users/juanbeltran/Developer/Honduras_coffee/_r/scripts/run_reports.py:253: FutureWarning: DataFrame.applymap has been deprecated. Use DataFrame.map instead.
  df = df.applymap(lambda x: x.strip() if isinstance(x, str) else x)
/Users/juanbeltran/Developer/Honduras_coffee/_r/scripts/run_reports.py:253: FutureWarning: DataFrame.applymap has been deprecated. Use DataFrame.map instead.
  df = df.applymap(lambda x: x.strip() if isinstance(x, str) else x)
/Users/juanbeltran/Developer/Honduras_coffee/_r/scripts/run_reports.py:253: FutureWarning: DataFrame.applymap has been deprecated. Use DataFrame.map instead.
  df = df.applymap(lambda x: x.strip() if isinstance(x, str) else x)
/Users/juanbeltran/Developer/Honduras_coffee/_r/scripts/run_reports.py:253: FutureWarning: DataFrame.applymap has been deprecated. Use DataFrame.map instead.
  df = df.applymap(lambda x: x.strip() if isinstance(x, str) else x)
/Users/juanbeltran/Developer/Honduras_coffee/_r/scripts/run_reports.py:253: FutureWarning: DataFrame.applymap has been deprecated. Use DataFrame.map instead.
  df = df.applymap(lambda x: x.strip() if isinstance(x, str) else x)
/Users/juanbeltran/Developer/Honduras_coffee/_r/scripts/run_reports.py:253: FutureWarning: DataFrame.applymap has been deprecated. Use DataFrame.map instead.
  df = df.applymap(lambda x: x.strip() if isinstance(x, str) else x)
/Users/juanbeltran/Developer/Honduras_coffee/_r/scripts/run_reports.py:253: FutureWarning: DataFrame.applymap has been deprecated. Use DataFrame.map instead.
  df = df.applymap(lambda x: x.strip() if isinstance(x, str) else x)
/Users/juanbeltran/Developer/Honduras_coffee/_r/scripts/run_reports.py:253: FutureWarning: DataFrame.applymap has been deprecated. Use DataFrame.map instead.
  df = df.applymap(lambda x: x.strip() if isinstance(x, str) else x)
/Users/juanbeltran/Developer/Honduras_coffee/_r/scripts/run_reports.py:253: FutureWarning: DataFrame.applymap has been deprecated. Use DataFrame.map instead.
  df = df.applymap(lambda x: x.strip() if isinstance(x, str) else x)
/Users/juanbeltran/Developer/Honduras_coffee/_r/scripts/run_reports.py:253: FutureWarning: DataFrame.applymap has been deprecated. Use DataFrame.map instead.
  df = df.applymap(lambda x: x.strip() if isinstance(x, str) else x)
/Users/juanbeltran/Developer/Honduras_coffee/_r/scripts/run_reports.py:253: FutureWarning: DataFrame.applymap has been deprecated. Use DataFrame.map instead.
  df = df.applymap(lambda x: x.strip() if isinstance(x, str) else x)
/Users/juanbeltran/Developer/Honduras_coffee/_r/scripts/run_reports.py:253: FutureWarning: DataFrame.applymap has been deprecated. Use DataFrame.map instead.
  df = df.applymap(lambda x: x.strip() if isinstance(x, str) else x)
/Users/juanbeltran/Developer/Honduras_coffee/_r/scripts/run_reports.py:253: FutureWarning: DataFrame.applymap has been deprecated. Use DataFrame.map instead.
  df = df.applymap(lambda x: x.strip() if isinstance(x, str) else x)
/Users/juanbeltran/Developer/Honduras_coffee/_r/scripts/run_reports.py:253: FutureWarning: DataFrame.applymap has been deprecated. Use DataFrame.map instead.
  df = df.applymap(lambda x: x.strip() if isinstance(x, str) else x)
/Users/juanbeltran/Developer/Honduras_coffee/_r/scripts/run_reports.py:253: FutureWarning: DataFrame.applymap has been deprecated. Use DataFrame.map instead.
  df = df.applymap(lambda x: x.strip() if isinstance(x, str) else x)
/Users/juanbeltran/Developer/Honduras_coffee/_r/scripts/run_reports.py:253: FutureWarning: DataFrame.applymap has been deprecated. Use DataFrame.map instead.
  df = df.applymap(lambda x: x.strip() if isinstance(x, str) else x)
/Users/juanbeltran/Developer/Honduras_coffee/_r/scripts/run_reports.py:253: FutureWarning: DataFrame.applymap has been deprecated. Use DataFrame.map instead.
  df = df.applymap(lambda x: x.strip() if isinstance(x, str) else x)
/Users/juanbeltran/Developer/Honduras_coffee/_r/scripts/run_reports.py:253: FutureWarning: DataFrame.applymap has been deprecated. Use DataFrame.map instead.
  df = df.applymap(lambda x: x.strip() if isinstance(x, str) else x)
/Users/juanbeltran/Developer/Honduras_coffee/_r/scripts/run_reports.py:253: FutureWarning: DataFrame.applymap has been deprecated. Use DataFrame.map instead.
  df = df.applymap(lambda x: x.strip() if isinstance(x, str) else x)
/Users/juanbeltran/Developer/Honduras_coffee/_r/scripts/run_reports.py:253: FutureWarning: DataFrame.applymap has been deprecated. Use DataFrame.map instead.
  df = df.applymap(lambda x: x.strip() if isinstance(x, str) else x)
/Users/juanbeltran/Developer/Honduras_coffee/_r/scripts/run_reports.py:253: FutureWarning: DataFrame.applymap has been deprecated. Use DataFrame.map instead.
  df = df.applymap(lambda x: x.strip() if isinstance(x, str) else x)
/Users/juanbeltran/Developer/Honduras_coffee/_r/scripts/run_reports.py:253: FutureWarning: DataFrame.applymap has been deprecated. Use DataFrame.map instead.
  df = df.applymap(lambda x: x.strip() if isinstance(x, str) else x)
/Users/juanbeltran/Developer/Honduras_coffee/_r/scripts/run_reports.py:253: FutureWarning: DataFrame.applymap has been deprecated. Use DataFrame.map instead.
  df = df.applymap(lambda x: x.strip() if isinstance(x, str) else x)
/Users/juanbeltran/Developer/Honduras_coffee/_r/scripts/run_reports.py:253: FutureWarning: DataFrame.applymap has been deprecated. Use DataFrame.map instead.
  df = df.applymap(lambda x: x.strip() if isinstance(x, str) else x)
/Users/juanbeltran/Developer/Honduras_coffee/_r/scripts/run_reports.py:253: FutureWarning: DataFrame.applymap has been deprecated. Use DataFrame.map instead.
  df = df.applymap(lambda x: x.strip() if isinstance(x, str) else x)
/Users/juanbeltran/Developer/Honduras_coffee/_r/scripts/run_reports.py:253: FutureWarning: DataFrame.applymap has been deprecated. Use DataFrame.map instead.
  df = df.applymap(lambda x: x.strip() if isinstance(x, str) else x)
/Users/juanbeltran/Developer/Honduras_coffee/_r/scripts/run_reports.py:253: FutureWarning: DataFrame.applymap has been deprecated. Use DataFrame.map instead.
  df = df.applymap(lambda x: x.strip() if isinstance(x, str) else x)
/Users/juanbeltran/Developer/Honduras_coffee/_r/scripts/run_reports.py:253: FutureWarning: DataFrame.applymap has been deprecated. Use DataFrame.map instead.
  df = df.applymap(lambda x: x.strip() if isinstance(x, str) else x)
/Users/juanbeltran/Developer/Honduras_coffee/_r/scripts/run_reports.py:253: FutureWarning: DataFrame.applymap has been deprecated. Use DataFrame.map instead.
  df = df.applymap(lambda x: x.strip() if isinstance(x, str) else x)
/Users/juanbeltran/Developer/Honduras_coffee/_r/scripts/run_reports.py:253: FutureWarning: DataFrame.applymap has been deprecated. Use DataFrame.map instead.
  df = df.applymap(lambda x: x.strip() if isinstance(x, str) else x)
/Users/juanbeltran/Developer/Honduras_coffee/_r/scripts/run_reports.py:253: FutureWarning: DataFrame.applymap has been deprecated. Use DataFrame.map instead.
  df = df.applymap(lambda x: x.strip() if isinstance(x, str) else x)
/Users/juanbeltran/Developer/Honduras_coffee/_r/scripts/run_reports.py:253: FutureWarning: DataFrame.applymap has been deprecated. Use DataFrame.map instead.
  df = df.applymap(lambda x: x.strip() if isinstance(x, str) else x)
/Users/juanbeltran/Developer/Honduras_coffee/_r/scripts/run_reports.py:253: FutureWarning: DataFrame.applymap has been deprecated. Use DataFrame.map instead.
  df = df.applymap(lambda x: x.strip() if isinstance(x, str) else x)
/Users/juanbeltran/Developer/Honduras_coffee/_r/scripts/run_reports.py:253: FutureWarning: DataFrame.applymap has been deprecated. Use DataFrame.map instead.
  df = df.applymap(lambda x: x.strip() if isinstance(x, str) else x)
/Users/juanbeltran/Developer/Honduras_coffee/_r/scripts/run_reports.py:253: FutureWarning: DataFrame.applymap has been deprecated. Use DataFrame.map instead.
  df = df.applymap(lambda x: x.strip() if isinstance(x, str) else x)
/Users/juanbeltran/Developer/Honduras_coffee/_r/scripts/run_reports.py:253: FutureWarning: DataFrame.applymap has been deprecated. Use DataFrame.map instead.
  df = df.applymap(lambda x: x.strip() if isinstance(x, str) else x)
/Users/juanbeltran/Developer/Honduras_coffee/_r/scripts/run_reports.py:253: FutureWarning: DataFrame.applymap has been deprecated. Use DataFrame.map instead.
  df = df.applymap(lambda x: x.strip() if isinstance(x, str) else x)
/Users/juanbeltran/Developer/Honduras_coffee/_r/scripts/run_reports.py:253: FutureWarning: DataFrame.applymap has been deprecated. Use DataFrame.map instead.
  df = df.applymap(lambda x: x.strip() if isinstance(x, str) else x)
/Users/juanbeltran/Developer/Honduras_coffee/_r/scripts/run_reports.py:253: FutureWarning: DataFrame.applymap has been deprecated. Use DataFrame.map instead.
  df = df.applymap(lambda x: x.strip() if isinstance(x, str) else x)
/Users/juanbeltran/Developer/Honduras_coffee/_r/scripts/run_reports.py:253: FutureWarning: DataFrame.applymap has been deprecated. Use DataFrame.map instead.
  df = df.applymap(lambda x: x.strip() if isinstance(x, str) else x)
/Users/juanbeltran/Developer/Honduras_coffee/_r/scripts/run_reports.py:253: FutureWarning: DataFrame.applymap has been deprecated. Use DataFrame.map instead.
  df = df.applymap(lambda x: x.strip() if isinstance(x, str) else x)
/Users/juanbeltran/Developer/Honduras_coffee/_r/scripts/run_reports.py:253: FutureWarning: DataFrame.applymap has been deprecated. Use DataFrame.map instead.
  df = df.applymap(lambda x: x.strip() if isinstance(x, str) else x)
/Users/juanbeltran/Developer/Honduras_coffee/_r/scripts/run_reports.py:253: FutureWarning: DataFrame.applymap has been deprecated. Use DataFrame.map instead.
  df = df.applymap(lambda x: x.strip() if isinstance(x, str) else x)
/Users/juanbeltran/Developer/Honduras_coffee/_r/scripts/run_reports.py:253: FutureWarning: DataFrame.applymap has been deprecated. Use DataFrame.map instead.
  df = df.applymap(lambda x: x.strip() if isinstance(x, str) else x)
/Users/juanbeltran/Developer/Honduras_coffee/_r/scripts/run_reports.py:253: FutureWarning: DataFrame.applymap has been deprecated. Use DataFrame.map instead.
  df = df.applymap(lambda x: x.strip() if isinstance(x, str) else x)
/Users/juanbeltran/Developer/Honduras_coffee/_r/scripts/run_reports.py:253: FutureWarning: DataFrame.applymap has been deprecated. Use DataFrame.map instead.
  df = df.applymap(lambda x: x.strip() if isinstance(x, str) else x)
/Users/juanbeltran/Developer/Honduras_coffee/_r/scripts/run_reports.py:253: FutureWarning: DataFrame.applymap has been deprecated. Use DataFrame.map instead.
  df = df.applymap(lambda x: x.strip() if isinstance(x, str) else x)
/Users/juanbeltran/Developer/Honduras_coffee/_r/scripts/run_reports.py:253: FutureWarning: DataFrame.applymap has been deprecated. Use DataFrame.map instead.
  df = df.applymap(lambda x: x.strip() if isinstance(x, str) else x)
/Users/juanbeltran/Developer/Honduras_coffee/_r/scripts/run_reports.py:253: FutureWarning: DataFrame.applymap has been deprecated. Use DataFrame.map instead.
  df = df.applymap(lambda x: x.strip() if isinstance(x, str) else x)
/Users/juanbeltran/Developer/Honduras_coffee/_r/scripts/run_reports.py:253: FutureWarning: DataFrame.applymap has been deprecated. Use DataFrame.map instead.
  df = df.applymap(lambda x: x.strip() if isinstance(x, str) else x)
/Users/juanbeltran/Developer/Honduras_coffee/_r/scripts/run_reports.py:253: FutureWarning: DataFrame.applymap has been deprecated. Use DataFrame.map instead.
  df = df.applymap(lambda x: x.strip() if isinstance(x, str) else x)
/Users/juanbeltran/Developer/Honduras_coffee/_r/scripts/run_reports.py:253: FutureWarning: DataFrame.applymap has been deprecated. Use DataFrame.map instead.
  df = df.applymap(lambda x: x.strip() if isinstance(x, str) else x)
/Users/juanbeltran/Developer/Honduras_coffee/_r/scripts/run_reports.py:253: FutureWarning: DataFrame.applymap has been deprecated. Use DataFrame.map instead.
  df = df.applymap(lambda x: x.strip() if isinstance(x, str) else x)
/Users/juanbeltran/Developer/Honduras_coffee/_r/scripts/run_reports.py:253: FutureWarning: DataFrame.applymap has been deprecated. Use DataFrame.map instead.
  df = df.applymap(lambda x: x.strip() if isinstance(x, str) else x)
/Users/juanbeltran/Developer/Honduras_coffee/_r/scripts/run_reports.py:253: FutureWarning: DataFrame.applymap has been deprecated. Use DataFrame.map instead.
  df = df.applymap(lambda x: x.strip() if isinstance(x, str) else x)
/Users/juanbeltran/Developer/Honduras_coffee/_r/scripts/run_reports.py:253: FutureWarning: DataFrame.applymap has been deprecated. Use DataFrame.map instead.
  df = df.applymap(lambda x: x.strip() if isinstance(x, str) else x)
/Users/juanbeltran/Developer/Honduras_coffee/_r/scripts/run_reports.py:253: FutureWarning: DataFrame.applymap has been deprecated. Use DataFrame.map instead.
  df = df.applymap(lambda x: x.strip() if isinstance(x, str) else x)
/Users/juanbeltran/Developer/Honduras_coffee/_r/scripts/run_reports.py:253: FutureWarning: DataFrame.applymap has been deprecated. Use DataFrame.map instead.
  df = df.applymap(lambda x: x.strip() if isinstance(x, str) else x)
/Users/juanbeltran/Developer/Honduras_coffee/_r/scripts/run_reports.py:253: FutureWarning: DataFrame.applymap has been deprecated. Use DataFrame.map instead.
  df = df.applymap(lambda x: x.strip() if isinstance(x, str) else x)
/Users/juanbeltran/Developer/Honduras_coffee/_r/scripts/run_reports.py:253: FutureWarning: DataFrame.applymap has been deprecated. Use DataFrame.map instead.
  df = df.applymap(lambda x: x.strip() if isinstance(x, str) else x)
/Users/juanbeltran/Developer/Honduras_coffee/_r/scripts/run_reports.py:253: FutureWarning: DataFrame.applymap has been deprecated. Use DataFrame.map instead.
  df = df.applymap(lambda x: x.strip() if isinstance(x, str) else x)
/Users/juanbeltran/Developer/Honduras_coffee/_r/scripts/run_reports.py:253: FutureWarning: DataFrame.applymap has been deprecated. Use DataFrame.map instead.
  df = df.applymap(lambda x: x.strip() if isinstance(x, str) else x)
/Users/juanbeltran/Developer/Honduras_coffee/_r/scripts/run_reports.py:253: FutureWarning: DataFrame.applymap has been deprecated. Use DataFrame.map instead.
  df = df.applymap(lambda x: x.strip() if isinstance(x, str) else x)
/Users/juanbeltran/Developer/Honduras_coffee/_r/scripts/run_reports.py:253: FutureWarning: DataFrame.applymap has been deprecated. Use DataFrame.map instead.
  df = df.applymap(lambda x: x.strip() if isinstance(x, str) else x)
/Users/juanbeltran/Developer/Honduras_coffee/_r/scripts/run_reports.py:253: FutureWarning: DataFrame.applymap has been deprecated. Use DataFrame.map instead.
  df = df.applymap(lambda x: x.strip() if isinstance(x, str) else x)
/Users/juanbeltran/Developer/Honduras_coffee/_r/scripts/run_reports.py:253: FutureWarning: DataFrame.applymap has been deprecated. Use DataFrame.map instead.
  df = df.applymap(lambda x: x.strip() if isinstance(x, str) else x)
/Users/juanbeltran/Developer/Honduras_coffee/_r/scripts/run_reports.py:253: FutureWarning: DataFrame.applymap has been deprecated. Use DataFrame.map instead.
  df = df.applymap(lambda x: x.strip() if isinstance(x, str) else x)
/Users/juanbeltran/Developer/Honduras_coffee/_r/scripts/run_reports.py:253: FutureWarning: DataFrame.applymap has been deprecated. Use DataFrame.map instead.
  df = df.applymap(lambda x: x.strip() if isinstance(x, str) else x)
/Users/juanbeltran/Developer/Honduras_coffee/_r/scripts/run_reports.py:253: FutureWarning: DataFrame.applymap has been deprecated. Use DataFrame.map instead.
  df = df.applymap(lambda x: x.strip() if isinstance(x, str) else x)
/Users/juanbeltran/Developer/Honduras_coffee/_r/scripts/run_reports.py:253: FutureWarning: DataFrame.applymap has been deprecated. Use DataFrame.map instead.
  df = df.applymap(lambda x: x.strip() if isinstance(x, str) else x)
/Users/juanbeltran/Developer/Honduras_coffee/_r/scripts/run_reports.py:253: FutureWarning: DataFrame.applymap has been deprecated. Use DataFrame.map instead.
  df = df.applymap(lambda x: x.strip() if isinstance(x, str) else x)
/Users/juanbeltran/Developer/Honduras_coffee/_r/scripts/run_reports.py:253: FutureWarning: DataFrame.applymap has been deprecated. Use DataFrame.map instead.
  df = df.applymap(lambda x: x.strip() if isinstance(x, str) else x)
/Users/juanbeltran/Developer/Honduras_coffee/_r/scripts/run_reports.py:253: FutureWarning: DataFrame.applymap has been deprecated. Use DataFrame.map instead.
  df = df.applymap(lambda x: x.strip() if isinstance(x, str) else x)
/Users/juanbeltran/Developer/Honduras_coffee/_r/scripts/run_reports.py:253: FutureWarning: DataFrame.applymap has been deprecated. Use DataFrame.map instead.
  df = df.applymap(lambda x: x.strip() if isinstance(x, str) else x)
/Users/juanbeltran/Developer/Honduras_coffee/_r/scripts/run_reports.py:253: FutureWarning: DataFrame.applymap has been deprecated. Use DataFrame.map instead.
  df = df.applymap(lambda x: x.strip() if isinstance(x, str) else x)
/Users/juanbeltran/Developer/Honduras_coffee/_r/scripts/run_reports.py:253: FutureWarning: DataFrame.applymap has been deprecated. Use DataFrame.map instead.
  df = df.applymap(lambda x: x.strip() if isinstance(x, str) else x)
/Users/juanbeltran/Developer/Honduras_coffee/_r/scripts/run_reports.py:253: FutureWarning: DataFrame.applymap has been deprecated. Use DataFrame.map instead.
  df = df.applymap(lambda x: x.strip() if isinstance(x, str) else x)
/Users/juanbeltran/Developer/Honduras_coffee/_r/scripts/run_reports.py:253: FutureWarning: DataFrame.applymap has been deprecated. Use DataFrame.map instead.
  df = df.applymap(lambda x: x.strip() if isinstance(x, str) else x)
/Users/juanbeltran/Developer/Honduras_coffee/_r/scripts/run_reports.py:253: FutureWarning: DataFrame.applymap has been deprecated. Use DataFrame.map instead.
  df = df.applymap(lambda x: x.strip() if isinstance(x, str) else x)
/Users/juanbeltran/Developer/Honduras_coffee/_r/scripts/run_reports.py:253: FutureWarning: DataFrame.applymap has been deprecated. Use DataFrame.map instead.
  df = df.applymap(lambda x: x.strip() if isinstance(x, str) else x)
/Users/juanbeltran/Developer/Honduras_coffee/_r/scripts/run_reports.py:253: FutureWarning: DataFrame.applymap has been deprecated. Use DataFrame.map instead.
  df = df.applymap(lambda x: x.strip() if isinstance(x, str) else x)
/Users/juanbeltran/Developer/Honduras_coffee/_r/scripts/run_reports.py:253: FutureWarning: DataFrame.applymap has been deprecated. Use DataFrame.map instead.
  df = df.applymap(lambda x: x.strip() if isinstance(x, str) else x)
/Users/juanbeltran/Developer/Honduras_coffee/_r/scripts/run_reports.py:253: FutureWarning: DataFrame.applymap has been deprecated. Use DataFrame.map instead.
  df = df.applymap(lambda x: x.strip() if isinstance(x, str) else x)
/Users/juanbeltran/Developer/Honduras_coffee/_r/scripts/run_reports.py:253: FutureWarning: DataFrame.applymap has been deprecated. Use DataFrame.map instead.
  df = df.applymap(lambda x: x.strip() if isinstance(x, str) else x)
/Users/juanbeltran/Developer/Honduras_coffee/_r/scripts/run_reports.py:253: FutureWarning: DataFrame.applymap has been deprecated. Use DataFrame.map instead.
  df = df.applymap(lambda x: x.strip() if isinstance(x, str) else x)
/Users/juanbeltran/Developer/Honduras_coffee/_r/scripts/run_reports.py:253: FutureWarning: DataFrame.applymap has been deprecated. Use DataFrame.map instead.
  df = df.applymap(lambda x: x.strip() if isinstance(x, str) else x)
/Users/juanbeltran/Developer/Honduras_coffee/_r/scripts/run_reports.py:253: FutureWarning: DataFrame.applymap has been deprecated. Use DataFrame.map instead.
  df = df.applymap(lambda x: x.strip() if isinstance(x, str) else x)
/Users/juanbeltran/Developer/Honduras_coffee/_r/scripts/run_reports.py:253: FutureWarning: DataFrame.applymap has been deprecated. Use DataFrame.map instead.
  df = df.applymap(lambda x: x.strip() if isinstance(x, str) else x)
/Users/juanbeltran/Developer/Honduras_coffee/_r/scripts/run_reports.py:253: FutureWarning: DataFrame.applymap has been deprecated. Use DataFrame.map instead.
  df = df.applymap(lambda x: x.strip() if isinstance(x, str) else x)
/Users/juanbeltran/Developer/Honduras_coffee/_r/scripts/run_reports.py:253: FutureWarning: DataFrame.applymap has been deprecated. Use DataFrame.map instead.
  df = df.applymap(lambda x: x.strip() if isinstance(x, str) else x)
/Users/juanbeltran/Developer/Honduras_coffee/_r/scripts/run_reports.py:253: FutureWarning: DataFrame.applymap has been deprecated. Use DataFrame.map instead.
  df = df.applymap(lambda x: x.strip() if isinstance(x, str) else x)
/Users/juanbeltran/Developer/Honduras_coffee/_r/scripts/run_reports.py:253: FutureWarning: DataFrame.applymap has been deprecated. Use DataFrame.map instead.
  df = df.applymap(lambda x: x.strip() if isinstance(x, str) else x)
/Users/juanbeltran/Developer/Honduras_coffee/_r/scripts/run_reports.py:253: FutureWarning: DataFrame.applymap has been deprecated. Use DataFrame.map instead.
  df = df.applymap(lambda x: x.strip() if isinstance(x, str) else x)
/Users/juanbeltran/Developer/Honduras_coffee/_r/scripts/run_reports.py:253: FutureWarning: DataFrame.applymap has been deprecated. Use DataFrame.map instead.
  df = df.applymap(lambda x: x.strip() if isinstance(x, str) else x)
/Users/juanbeltran/Developer/Honduras_coffee/_r/scripts/run_reports.py:253: FutureWarning: DataFrame.applymap has been deprecated. Use DataFrame.map instead.
  df = df.applymap(lambda x: x.strip() if isinstance(x, str) else x)
/Users/juanbeltran/Developer/Honduras_coffee/_r/scripts/run_reports.py:253: FutureWarning: DataFrame.applymap has been deprecated. Use DataFrame.map instead.
  df = df.applymap(lambda x: x.strip() if isinstance(x, str) else x)
/Users/juanbeltran/Developer/Honduras_coffee/_r/scripts/run_reports.py:253: FutureWarning: DataFrame.applymap has been deprecated. Use DataFrame.map instead.
  df = df.applymap(lambda x: x.strip() if isinstance(x, str) else x)
/Users/juanbeltran/Developer/Honduras_coffee/_r/scripts/run_reports.py:253: FutureWarning: DataFrame.applymap has been deprecated. Use DataFrame.map instead.
  df = df.applymap(lambda x: x.strip() if isinstance(x, str) else x)
/Users/juanbeltran/Developer/Honduras_coffee/_r/scripts/run_reports.py:253: FutureWarning: DataFrame.applymap has been deprecated. Use DataFrame.map instead.
  df = df.applymap(lambda x: x.strip() if isinstance(x, str) else x)
/Users/juanbeltran/Developer/Honduras_coffee/_r/scripts/run_reports.py:253: FutureWarning: DataFrame.applymap has been deprecated. Use DataFrame.map instead.
  df = df.applymap(lambda x: x.strip() if isinstance(x, str) else x)
/Users/juanbeltran/Developer/Honduras_coffee/_r/scripts/run_reports.py:253: FutureWarning: DataFrame.applymap has been deprecated. Use DataFrame.map instead.
  df = df.applymap(lambda x: x.strip() if isinstance(x, str) else x)
/Users/juanbeltran/Developer/Honduras_coffee/_r/scripts/run_reports.py:253: FutureWarning: DataFrame.applymap has been deprecated. Use DataFrame.map instead.
  df = df.applymap(lambda x: x.strip() if isinstance(x, str) else x)
/Users/juanbeltran/Developer/Honduras_coffee/_r/scripts/run_reports.py:253: FutureWarning: DataFrame.applymap has been deprecated. Use DataFrame.map instead.
  df = df.applymap(lambda x: x.strip() if isinstance(x, str) else x)
/Users/juanbeltran/Developer/Honduras_coffee/_r/scripts/run_reports.py:253: FutureWarning: DataFrame.applymap has been deprecated. Use DataFrame.map instead.
  df = df.applymap(lambda x: x.strip() if isinstance(x, str) else x)
/Users/juanbeltran/Developer/Honduras_coffee/_r/scripts/run_reports.py:253: FutureWarning: DataFrame.applymap has been deprecated. Use DataFrame.map instead.
  df = df.applymap(lambda x: x.strip() if isinstance(x, str) else x)
/Users/juanbeltran/Developer/Honduras_coffee/_r/scripts/run_reports.py:253: FutureWarning: DataFrame.applymap has been deprecated. Use DataFrame.map instead.
  df = df.applymap(lambda x: x.strip() if isinstance(x, str) else x)
/Users/juanbeltran/Developer/Honduras_coffee/_r/scripts/run_reports.py:253: FutureWarning: DataFrame.applymap has been deprecated. Use DataFrame.map instead.
  df = df.applymap(lambda x: x.strip() if isinstance(x, str) else x)
/Users/juanbeltran/Developer/Honduras_coffee/_r/scripts/run_reports.py:253: FutureWarning: DataFrame.applymap has been deprecated. Use DataFrame.map instead.
  df = df.applymap(lambda x: x.strip() if isinstance(x, str) else x)
/Users/juanbeltran/Developer/Honduras_coffee/_r/scripts/run_reports.py:253: FutureWarning: DataFrame.applymap has been deprecated. Use DataFrame.map instead.
  df = df.applymap(lambda x: x.strip() if isinstance(x, str) else x)
/Users/juanbeltran/Developer/Honduras_coffee/_r/scripts/run_reports.py:253: FutureWarning: DataFrame.applymap has been deprecated. Use DataFrame.map instead.
  df = df.applymap(lambda x: x.strip() if isinstance(x, str) else x)
/Users/juanbeltran/Developer/Honduras_coffee/_r/scripts/run_reports.py:253: FutureWarning: DataFrame.applymap has been deprecated. Use DataFrame.map instead.
  df = df.applymap(lambda x: x.strip() if isinstance(x, str) else x)
/Users/juanbeltran/Developer/Honduras_coffee/_r/scripts/run_reports.py:253: FutureWarning: DataFrame.applymap has been deprecated. Use DataFrame.map instead.
  df = df.applymap(lambda x: x.strip() if isinstance(x, str) else x)
/Users/juanbeltran/Developer/Honduras_coffee/_r/scripts/run_reports.py:253: FutureWarning: DataFrame.applymap has been deprecated. Use DataFrame.map instead.
  df = df.applymap(lambda x: x.strip() if isinstance(x, str) else x)
/Users/juanbeltran/Developer/Honduras_coffee/_r/scripts/run_reports.py:253: FutureWarning: DataFrame.applymap has been deprecated. Use DataFrame.map instead.
  df = df.applymap(lambda x: x.strip() if isinstance(x, str) else x)
/Users/juanbeltran/Developer/Honduras_coffee/_r/scripts/run_reports.py:253: FutureWarning: DataFrame.applymap has been deprecated. Use DataFrame.map instead.
  df = df.applymap(lambda x: x.strip() if isinstance(x, str) else x)
/Users/juanbeltran/Developer/Honduras_coffee/_r/scripts/run_reports.py:253: FutureWarning: DataFrame.applymap has been deprecated. Use DataFrame.map instead.
  df = df.applymap(lambda x: x.strip() if isinstance(x, str) else x)
/Users/juanbeltran/Developer/Honduras_coffee/_r/scripts/run_reports.py:253: FutureWarning: DataFrame.applymap has been deprecated. Use DataFrame.map instead.
  df = df.applymap(lambda x: x.strip() if isinstance(x, str) else x)
/Users/juanbeltran/Developer/Honduras_coffee/_r/scripts/run_reports.py:253: FutureWarning: DataFrame.applymap has been deprecated. Use DataFrame.map instead.
  df = df.applymap(lambda x: x.strip() if isinstance(x, str) else x)
/Users/juanbeltran/Developer/Honduras_coffee/_r/scripts/run_reports.py:253: FutureWarning: DataFrame.applymap has been deprecated. Use DataFrame.map instead.
  df = df.applymap(lambda x: x.strip() if isinstance(x, str) else x)
/Users/juanbeltran/Developer/Honduras_coffee/_r/scripts/run_reports.py:253: FutureWarning: DataFrame.applymap has been deprecated. Use DataFrame.map instead.
  df = df.applymap(lambda x: x.strip() if isinstance(x, str) else x)
/Users/juanbeltran/Developer/Honduras_coffee/_r/scripts/run_reports.py:253: FutureWarning: DataFrame.applymap has been deprecated. Use DataFrame.map instead.
  df = df.applymap(lambda x: x.strip() if isinstance(x, str) else x)
/Users/juanbeltran/Developer/Honduras_coffee/_r/scripts/run_reports.py:253: FutureWarning: DataFrame.applymap has been deprecated. Use DataFrame.map instead.
  df = df.applymap(lambda x: x.strip() if isinstance(x, str) else x)
/Users/juanbeltran/Developer/Honduras_coffee/_r/scripts/run_reports.py:253: FutureWarning: DataFrame.applymap has been deprecated. Use DataFrame.map instead.
  df = df.applymap(lambda x: x.strip() if isinstance(x, str) else x)
/Users/juanbeltran/Developer/Honduras_coffee/_r/scripts/run_reports.py:253: FutureWarning: DataFrame.applymap has been deprecated. Use DataFrame.map instead.
  df = df.applymap(lambda x: x.strip() if isinstance(x, str) else x)
/Users/juanbeltran/Developer/Honduras_coffee/_r/scripts/run_reports.py:253: FutureWarning: DataFrame.applymap has been deprecated. Use DataFrame.map instead.
  df = df.applymap(lambda x: x.strip() if isinstance(x, str) else x)
/Users/juanbeltran/Developer/Honduras_coffee/_r/scripts/run_reports.py:253: FutureWarning: DataFrame.applymap has been deprecated. Use DataFrame.map instead.
  df = df.applymap(lambda x: x.strip() if isinstance(x, str) else x)
/Users/juanbeltran/Developer/Honduras_coffee/_r/scripts/run_reports.py:253: FutureWarning: DataFrame.applymap has been deprecated. Use DataFrame.map instead.
  df = df.applymap(lambda x: x.strip() if isinstance(x, str) else x)
/Users/juanbeltran/Developer/Honduras_coffee/_r/scripts/run_reports.py:253: FutureWarning: DataFrame.applymap has been deprecated. Use DataFrame.map instead.
  df = df.applymap(lambda x: x.strip() if isinstance(x, str) else x)
/Users/juanbeltran/Developer/Honduras_coffee/_r/scripts/run_reports.py:253: FutureWarning: DataFrame.applymap has been deprecated. Use DataFrame.map instead.
  df = df.applymap(lambda x: x.strip() if isinstance(x, str) else x)
/Users/juanbeltran/Developer/Honduras_coffee/_r/scripts/run_reports.py:253: FutureWarning: DataFrame.applymap has been deprecated. Use DataFrame.map instead.
  df = df.applymap(lambda x: x.strip() if isinstance(x, str) else x)
/Users/juanbeltran/Developer/Honduras_coffee/_r/scripts/run_reports.py:253: FutureWarning: DataFrame.applymap has been deprecated. Use DataFrame.map instead.
  df = df.applymap(lambda x: x.strip() if isinstance(x, str) else x)
/Users/juanbeltran/Developer/Honduras_coffee/_r/scripts/run_reports.py:253: FutureWarning: DataFrame.applymap has been deprecated. Use DataFrame.map instead.
  df = df.applymap(lambda x: x.strip() if isinstance(x, str) else x)
/Users/juanbeltran/Developer/Honduras_coffee/_r/scripts/run_reports.py:253: FutureWarning: DataFrame.applymap has been deprecated. Use DataFrame.map instead.
  df = df.applymap(lambda x: x.strip() if isinstance(x, str) else x)
/Users/juanbeltran/Developer/Honduras_coffee/_r/scripts/run_reports.py:253: FutureWarning: DataFrame.applymap has been deprecated. Use DataFrame.map instead.
  df = df.applymap(lambda x: x.strip() if isinstance(x, str) else x)
/Users/juanbeltran/Developer/Honduras_coffee/_r/scripts/run_reports.py:253: FutureWarning: DataFrame.applymap has been deprecated. Use DataFrame.map instead.
  df = df.applymap(lambda x: x.strip() if isinstance(x, str) else x)
/Users/juanbeltran/Developer/Honduras_coffee/_r/scripts/run_reports.py:253: FutureWarning: DataFrame.applymap has been deprecated. Use DataFrame.map instead.
  df = df.applymap(lambda x: x.strip() if isinstance(x, str) else x)
/Users/juanbeltran/Developer/Honduras_coffee/_r/scripts/run_reports.py:253: FutureWarning: DataFrame.applymap has been deprecated. Use DataFrame.map instead.
  df = df.applymap(lambda x: x.strip() if isinstance(x, str) else x)
/Users/juanbeltran/Developer/Honduras_coffee/_r/scripts/run_reports.py:253: FutureWarning: DataFrame.applymap has been deprecated. Use DataFrame.map instead.
  df = df.applymap(lambda x: x.strip() if isinstance(x, str) else x)
/Users/juanbeltran/Developer/Honduras_coffee/_r/scripts/run_reports.py:253: FutureWarning: DataFrame.applymap has been deprecated. Use DataFrame.map instead.
  df = df.applymap(lambda x: x.strip() if isinstance(x, str) else x)
/Users/juanbeltran/Developer/Honduras_coffee/_r/scripts/run_reports.py:253: FutureWarning: DataFrame.applymap has been deprecated. Use DataFrame.map instead.
  df = df.applymap(lambda x: x.strip() if isinstance(x, str) else x)
/Users/juanbeltran/Developer/Honduras_coffee/_r/scripts/run_reports.py:253: FutureWarning: DataFrame.applymap has been deprecated. Use DataFrame.map instead.
  df = df.applymap(lambda x: x.strip() if isinstance(x, str) else x)
/Users/juanbeltran/Developer/Honduras_coffee/_r/scripts/run_reports.py:253: FutureWarning: DataFrame.applymap has been deprecated. Use DataFrame.map instead.
  df = df.applymap(lambda x: x.strip() if isinstance(x, str) else x)
/Users/juanbeltran/Developer/Honduras_coffee/_r/scripts/run_reports.py:253: FutureWarning: DataFrame.applymap has been deprecated. Use DataFrame.map instead.
  df = df.applymap(lambda x: x.strip() if isinstance(x, str) else x)
/Users/juanbeltran/Developer/Honduras_coffee/_r/scripts/run_reports.py:253: FutureWarning: DataFrame.applymap has been deprecated. Use DataFrame.map instead.
  df = df.applymap(lambda x: x.strip() if isinstance(x, str) else x)
/Users/juanbeltran/Developer/Honduras_coffee/_r/scripts/run_reports.py:253: FutureWarning: DataFrame.applymap has been deprecated. Use DataFrame.map instead.
  df = df.applymap(lambda x: x.strip() if isinstance(x, str) else x)
/Users/juanbeltran/Developer/Honduras_coffee/_r/scripts/run_reports.py:253: FutureWarning: DataFrame.applymap has been deprecated. Use DataFrame.map instead.
  df = df.applymap(lambda x: x.strip() if isinstance(x, str) else x)
/Users/juanbeltran/Developer/Honduras_coffee/_r/scripts/run_reports.py:253: FutureWarning: DataFrame.applymap has been deprecated. Use DataFrame.map instead.
  df = df.applymap(lambda x: x.strip() if isinstance(x, str) else x)
/Users/juanbeltran/Developer/Honduras_coffee/_r/scripts/run_reports.py:253: FutureWarning: DataFrame.applymap has been deprecated. Use DataFrame.map instead.
  df = df.applymap(lambda x: x.strip() if isinstance(x, str) else x)
/Users/juanbeltran/Developer/Honduras_coffee/_r/scripts/run_reports.py:253: FutureWarning: DataFrame.applymap has been deprecated. Use DataFrame.map instead.
  df = df.applymap(lambda x: x.strip() if isinstance(x, str) else x)
/Users/juanbeltran/Developer/Honduras_coffee/_r/scripts/run_reports.py:253: FutureWarning: DataFrame.applymap has been deprecated. Use DataFrame.map instead.
  df = df.applymap(lambda x: x.strip() if isinstance(x, str) else x)
/Users/juanbeltran/Developer/Honduras_coffee/_r/scripts/run_reports.py:253: FutureWarning: DataFrame.applymap has been deprecated. Use DataFrame.map instead.
  df = df.applymap(lambda x: x.strip() if isinstance(x, str) else x)
/Users/juanbeltran/Developer/Honduras_coffee/_r/scripts/run_reports.py:253: FutureWarning: DataFrame.applymap has been deprecated. Use DataFrame.map instead.
  df = df.applymap(lambda x: x.strip() if isinstance(x, str) else x)
/Users/juanbeltran/Developer/Honduras_coffee/_r/scripts/run_reports.py:253: FutureWarning: DataFrame.applymap has been deprecated. Use DataFrame.map instead.
  df = df.applymap(lambda x: x.strip() if isinstance(x, str) else x)
/Users/juanbeltran/Developer/Honduras_coffee/_r/scripts/run_reports.py:253: FutureWarning: DataFrame.applymap has been deprecated. Use DataFrame.map instead.
  df = df.applymap(lambda x: x.strip() if isinstance(x, str) else x)
/Users/juanbeltran/Developer/Honduras_coffee/_r/scripts/run_reports.py:253: FutureWarning: DataFrame.applymap has been deprecated. Use DataFrame.map instead.
  df = df.applymap(lambda x: x.strip() if isinstance(x, str) else x)
/Users/juanbeltran/Developer/Honduras_coffee/_r/scripts/run_reports.py:253: FutureWarning: DataFrame.applymap has been deprecated. Use DataFrame.map instead.
  df = df.applymap(lambda x: x.strip() if isinstance(x, str) else x)
/Users/juanbeltran/Developer/Honduras_coffee/_r/scripts/run_reports.py:253: FutureWarning: DataFrame.applymap has been deprecated. Use DataFrame.map instead.
  df = df.applymap(lambda x: x.strip() if isinstance(x, str) else x)
/Users/juanbeltran/Developer/Honduras_coffee/_r/scripts/run_reports.py:253: FutureWarning: DataFrame.applymap has been deprecated. Use DataFrame.map instead.
  df = df.applymap(lambda x: x.strip() if isinstance(x, str) else x)
/Users/juanbeltran/Developer/Honduras_coffee/_r/scripts/run_reports.py:253: FutureWarning: DataFrame.applymap has been deprecated. Use DataFrame.map instead.
  df = df.applymap(lambda x: x.strip() if isinstance(x, str) else x)
/Users/juanbeltran/Developer/Honduras_coffee/_r/scripts/run_reports.py:253: FutureWarning: DataFrame.applymap has been deprecated. Use DataFrame.map instead.
  df = df.applymap(lambda x: x.strip() if isinstance(x, str) else x)
/Users/juanbeltran/Developer/Honduras_coffee/_r/scripts/run_reports.py:253: FutureWarning: DataFrame.applymap has been deprecated. Use DataFrame.map instead.
  df = df.applymap(lambda x: x.strip() if isinstance(x, str) else x)
/Users/juanbeltran/Developer/Honduras_coffee/_r/scripts/run_reports.py:253: FutureWarning: DataFrame.applymap has been deprecated. Use DataFrame.map instead.
  df = df.applymap(lambda x: x.strip() if isinstance(x, str) else x)
/Users/juanbeltran/Developer/Honduras_coffee/_r/scripts/run_reports.py:253: FutureWarning: DataFrame.applymap has been deprecated. Use DataFrame.map instead.
  df = df.applymap(lambda x: x.strip() if isinstance(x, str) else x)
/Users/juanbeltran/Developer/Honduras_coffee/_r/scripts/run_reports.py:253: FutureWarning: DataFrame.applymap has been deprecated. Use DataFrame.map instead.
  df = df.applymap(lambda x: x.strip() if isinstance(x, str) else x)
/Users/juanbeltran/Developer/Honduras_coffee/_r/scripts/run_reports.py:253: FutureWarning: DataFrame.applymap has been deprecated. Use DataFrame.map instead.
  df = df.applymap(lambda x: x.strip() if isinstance(x, str) else x)
/Users/juanbeltran/Developer/Honduras_coffee/_r/scripts/run_reports.py:253: FutureWarning: DataFrame.applymap has been deprecated. Use DataFrame.map instead.
  df = df.applymap(lambda x: x.strip() if isinstance(x, str) else x)
/Users/juanbeltran/Developer/Honduras_coffee/_r/scripts/run_reports.py:253: FutureWarning: DataFrame.applymap has been deprecated. Use DataFrame.map instead.
  df = df.applymap(lambda x: x.strip() if isinstance(x, str) else x)
/Users/juanbeltran/Developer/Honduras_coffee/_r/scripts/run_reports.py:253: FutureWarning: DataFrame.applymap has been deprecated. Use DataFrame.map instead.
  df = df.applymap(lambda x: x.strip() if isinstance(x, str) else x)
/Users/juanbeltran/Developer/Honduras_coffee/_r/scripts/run_reports.py:253: FutureWarning: DataFrame.applymap has been deprecated. Use DataFrame.map instead.
  df = df.applymap(lambda x: x.strip() if isinstance(x, str) else x)
/Users/juanbeltran/Developer/Honduras_coffee/_r/scripts/run_reports.py:253: FutureWarning: DataFrame.applymap has been deprecated. Use DataFrame.map instead.
  df = df.applymap(lambda x: x.strip() if isinstance(x, str) else x)
/Users/juanbeltran/Developer/Honduras_coffee/_r/scripts/run_reports.py:253: FutureWarning: DataFrame.applymap has been deprecated. Use DataFrame.map instead.
  df = df.applymap(lambda x: x.strip() if isinstance(x, str) else x)
/Users/juanbeltran/Developer/Honduras_coffee/_r/scripts/run_reports.py:253: FutureWarning: DataFrame.applymap has been deprecated. Use DataFrame.map instead.
  df = df.applymap(lambda x: x.strip() if isinstance(x, str) else x)
/Users/juanbeltran/Developer/Honduras_coffee/_r/scripts/run_reports.py:253: FutureWarning: DataFrame.applymap has been deprecated. Use DataFrame.map instead.
  df = df.applymap(lambda x: x.strip() if isinstance(x, str) else x)
/Users/juanbeltran/Developer/Honduras_coffee/_r/scripts/run_reports.py:253: FutureWarning: DataFrame.applymap has been deprecated. Use DataFrame.map instead.
  df = df.applymap(lambda x: x.strip() if isinstance(x, str) else x)
/Users/juanbeltran/Developer/Honduras_coffee/_r/scripts/run_reports.py:253: FutureWarning: DataFrame.applymap has been deprecated. Use DataFrame.map instead.
  df = df.applymap(lambda x: x.strip() if isinstance(x, str) else x)
/Users/juanbeltran/Developer/Honduras_coffee/_r/scripts/run_reports.py:253: FutureWarning: DataFrame.applymap has been deprecated. Use DataFrame.map instead.
  df = df.applymap(lambda x: x.strip() if isinstance(x, str) else x)
/Users/juanbeltran/Developer/Honduras_coffee/_r/scripts/run_reports.py:253: FutureWarning: DataFrame.applymap has been deprecated. Use DataFrame.map instead.
  df = df.applymap(lambda x: x.strip() if isinstance(x, str) else x)
/Users/juanbeltran/Developer/Honduras_coffee/_r/scripts/run_reports.py:253: FutureWarning: DataFrame.applymap has been deprecated. Use DataFrame.map instead.
  df = df.applymap(lambda x: x.strip() if isinstance(x, str) else x)
/Users/juanbeltran/Developer/Honduras_coffee/_r/scripts/run_reports.py:253: FutureWarning: DataFrame.applymap has been deprecated. Use DataFrame.map instead.
  df = df.applymap(lambda x: x.strip() if isinstance(x, str) else x)
/Users/juanbeltran/Developer/Honduras_coffee/_r/scripts/run_reports.py:253: FutureWarning: DataFrame.applymap has been deprecated. Use DataFrame.map instead.
  df = df.applymap(lambda x: x.strip() if isinstance(x, str) else x)
/Users/juanbeltran/Developer/Honduras_coffee/_r/scripts/run_reports.py:253: FutureWarning: DataFrame.applymap has been deprecated. Use DataFrame.map instead.
  df = df.applymap(lambda x: x.strip() if isinstance(x, str) else x)
/Users/juanbeltran/Developer/Honduras_coffee/_r/scripts/run_reports.py:253: FutureWarning: DataFrame.applymap has been deprecated. Use DataFrame.map instead.
  df = df.applymap(lambda x: x.strip() if isinstance(x, str) else x)
/Users/juanbeltran/Developer/Honduras_coffee/_r/scripts/run_reports.py:253: FutureWarning: DataFrame.applymap has been deprecated. Use DataFrame.map instead.
  df = df.applymap(lambda x: x.strip() if isinstance(x, str) else x)
/Users/juanbeltran/Developer/Honduras_coffee/_r/scripts/run_reports.py:253: FutureWarning: DataFrame.applymap has been deprecated. Use DataFrame.map instead.
  df = df.applymap(lambda x: x.strip() if isinstance(x, str) else x)
/Users/juanbeltran/Developer/Honduras_coffee/_r/scripts/run_reports.py:253: FutureWarning: DataFrame.applymap has been deprecated. Use DataFrame.map instead.
  df = df.applymap(lambda x: x.strip() if isinstance(x, str) else x)
/Users/juanbeltran/Developer/Honduras_coffee/_r/scripts/run_reports.py:253: FutureWarning: DataFrame.applymap has been deprecated. Use DataFrame.map instead.
  df = df.applymap(lambda x: x.strip() if isinstance(x, str) else x)
/Users/juanbeltran/Developer/Honduras_coffee/_r/scripts/run_reports.py:253: FutureWarning: DataFrame.applymap has been deprecated. Use DataFrame.map instead.
  df = df.applymap(lambda x: x.strip() if isinstance(x, str) else x)
/Users/juanbeltran/Developer/Honduras_coffee/_r/scripts/run_reports.py:253: FutureWarning: DataFrame.applymap has been deprecated. Use DataFrame.map instead.
  df = df.applymap(lambda x: x.strip() if isinstance(x, str) else x)
/Users/juanbeltran/Developer/Honduras_coffee/_r/scripts/run_reports.py:253: FutureWarning: DataFrame.applymap has been deprecated. Use DataFrame.map instead.
  df = df.applymap(lambda x: x.strip() if isinstance(x, str) else x)
/Users/juanbeltran/Developer/Honduras_coffee/_r/scripts/run_reports.py:253: FutureWarning: DataFrame.applymap has been deprecated. Use DataFrame.map instead.
  df = df.applymap(lambda x: x.strip() if isinstance(x, str) else x)
/Users/juanbeltran/Developer/Honduras_coffee/_r/scripts/run_reports.py:253: FutureWarning: DataFrame.applymap has been deprecated. Use DataFrame.map instead.
  df = df.applymap(lambda x: x.strip() if isinstance(x, str) else x)
/Users/juanbeltran/Developer/Honduras_coffee/_r/scripts/run_reports.py:253: FutureWarning: DataFrame.applymap has been deprecated. Use DataFrame.map instead.
  df = df.applymap(lambda x: x.strip() if isinstance(x, str) else x)
/Users/juanbeltran/Developer/Honduras_coffee/_r/scripts/run_reports.py:253: FutureWarning: DataFrame.applymap has been deprecated. Use DataFrame.map instead.
  df = df.applymap(lambda x: x.strip() if isinstance(x, str) else x)
/Users/juanbeltran/Developer/Honduras_coffee/_r/scripts/run_reports.py:253: FutureWarning: DataFrame.applymap has been deprecated. Use DataFrame.map instead.
  df = df.applymap(lambda x: x.strip() if isinstance(x, str) else x)
/Users/juanbeltran/Developer/Honduras_coffee/_r/scripts/run_reports.py:253: FutureWarning: DataFrame.applymap has been deprecated. Use DataFrame.map instead.
  df = df.applymap(lambda x: x.strip() if isinstance(x, str) else x)
/Users/juanbeltran/Developer/Honduras_coffee/_r/scripts/run_reports.py:253: FutureWarning: DataFrame.applymap has been deprecated. Use DataFrame.map instead.
  df = df.applymap(lambda x: x.strip() if isinstance(x, str) else x)
/Users/juanbeltran/Developer/Honduras_coffee/_r/scripts/run_reports.py:253: FutureWarning: DataFrame.applymap has been deprecated. Use DataFrame.map instead.
  df = df.applymap(lambda x: x.strip() if isinstance(x, str) else x)
/Users/juanbeltran/Developer/Honduras_coffee/_r/scripts/run_reports.py:253: FutureWarning: DataFrame.applymap has been deprecated. Use DataFrame.map instead.
  df = df.applymap(lambda x: x.strip() if isinstance(x, str) else x)
/Users/juanbeltran/Developer/Honduras_coffee/_r/scripts/run_reports.py:253: FutureWarning: DataFrame.applymap has been deprecated. Use DataFrame.map instead.
  df = df.applymap(lambda x: x.strip() if isinstance(x, str) else x)
/Users/juanbeltran/Developer/Honduras_coffee/_r/scripts/run_reports.py:253: FutureWarning: DataFrame.applymap has been deprecated. Use DataFrame.map instead.
  df = df.applymap(lambda x: x.strip() if isinstance(x, str) else x)
/Users/juanbeltran/Developer/Honduras_coffee/_r/scripts/run_reports.py:253: FutureWarning: DataFrame.applymap has been deprecated. Use DataFrame.map instead.
  df = df.applymap(lambda x: x.strip() if isinstance(x, str) else x)
/Users/juanbeltran/Developer/Honduras_coffee/_r/scripts/run_reports.py:253: FutureWarning: DataFrame.applymap has been deprecated. Use DataFrame.map instead.
  df = df.applymap(lambda x: x.strip() if isinstance(x, str) else x)
/Users/juanbeltran/Developer/Honduras_coffee/_r/scripts/run_reports.py:253: FutureWarning: DataFrame.applymap has been deprecated. Use DataFrame.map instead.
  df = df.applymap(lambda x: x.strip() if isinstance(x, str) else x)
/Users/juanbeltran/Developer/Honduras_coffee/_r/scripts/run_reports.py:253: FutureWarning: DataFrame.applymap has been deprecated. Use DataFrame.map instead.
  df = df.applymap(lambda x: x.strip() if isinstance(x, str) else x)
/Users/juanbeltran/Developer/Honduras_coffee/_r/scripts/run_reports.py:253: FutureWarning: DataFrame.applymap has been deprecated. Use DataFrame.map instead.
  df = df.applymap(lambda x: x.strip() if isinstance(x, str) else x)
/Users/juanbeltran/Developer/Honduras_coffee/_r/scripts/run_reports.py:253: FutureWarning: DataFrame.applymap has been deprecated. Use DataFrame.map instead.
  df = df.applymap(lambda x: x.strip() if isinstance(x, str) else x)
/Users/juanbeltran/Developer/Honduras_coffee/_r/scripts/run_reports.py:253: FutureWarning: DataFrame.applymap has been deprecated. Use DataFrame.map instead.
  df = df.applymap(lambda x: x.strip() if isinstance(x, str) else x)
/Users/juanbeltran/Developer/Honduras_coffee/_r/scripts/run_reports.py:253: FutureWarning: DataFrame.applymap has been deprecated. Use DataFrame.map instead.
  df = df.applymap(lambda x: x.strip() if isinstance(x, str) else x)
/Users/juanbeltran/Developer/Honduras_coffee/_r/scripts/run_reports.py:253: FutureWarning: DataFrame.applymap has been deprecated. Use DataFrame.map instead.
  df = df.applymap(lambda x: x.strip() if isinstance(x, str) else x)
/Users/juanbeltran/Developer/Honduras_coffee/_r/scripts/run_reports.py:253: FutureWarning: DataFrame.applymap has been deprecated. Use DataFrame.map instead.
  df = df.applymap(lambda x: x.strip() if isinstance(x, str) else x)
/Users/juanbeltran/Developer/Honduras_coffee/_r/scripts/run_reports.py:253: FutureWarning: DataFrame.applymap has been deprecated. Use DataFrame.map instead.
  df = df.applymap(lambda x: x.strip() if isinstance(x, str) else x)
/Users/juanbeltran/Developer/Honduras_coffee/_r/scripts/run_reports.py:253: FutureWarning: DataFrame.applymap has been deprecated. Use DataFrame.map instead.
  df = df.applymap(lambda x: x.strip() if isinstance(x, str) else x)
/Users/juanbeltran/Developer/Honduras_coffee/_r/scripts/run_reports.py:253: FutureWarning: DataFrame.applymap has been deprecated. Use DataFrame.map instead.
  df = df.applymap(lambda x: x.strip() if isinstance(x, str) else x)
/Users/juanbeltran/Developer/Honduras_coffee/_r/scripts/run_reports.py:253: FutureWarning: DataFrame.applymap has been deprecated. Use DataFrame.map instead.
  df = df.applymap(lambda x: x.strip() if isinstance(x, str) else x)
/Users/juanbeltran/Developer/Honduras_coffee/_r/scripts/run_reports.py:253: FutureWarning: DataFrame.applymap has been deprecated. Use DataFrame.map instead.
  df = df.applymap(lambda x: x.strip() if isinstance(x, str) else x)
/Users/juanbeltran/Developer/Honduras_coffee/_r/scripts/run_reports.py:253: FutureWarning: DataFrame.applymap has been deprecated. Use DataFrame.map instead.
  df = df.applymap(lambda x: x.strip() if isinstance(x, str) else x)
/Users/juanbeltran/Developer/Honduras_coffee/_r/scripts/run_reports.py:253: FutureWarning: DataFrame.applymap has been deprecated. Use DataFrame.map instead.
  df = df.applymap(lambda x: x.strip() if isinstance(x, str) else x)
/Users/juanbeltran/Developer/Honduras_coffee/_r/scripts/run_reports.py:253: FutureWarning: DataFrame.applymap has been deprecated. Use DataFrame.map instead.
  df = df.applymap(lambda x: x.strip() if isinstance(x, str) else x)
/Users/juanbeltran/Developer/Honduras_coffee/_r/scripts/run_reports.py:253: FutureWarning: DataFrame.applymap has been deprecated. Use DataFrame.map instead.
  df = df.applymap(lambda x: x.strip() if isinstance(x, str) else x)
/Users/juanbeltran/Developer/Honduras_coffee/_r/scripts/run_reports.py:253: FutureWarning: DataFrame.applymap has been deprecated. Use DataFrame.map instead.
  df = df.applymap(lambda x: x.strip() if isinstance(x, str) else x)
/Users/juanbeltran/Developer/Honduras_coffee/_r/scripts/run_reports.py:253: FutureWarning: DataFrame.applymap has been deprecated. Use DataFrame.map instead.
  df = df.applymap(lambda x: x.strip() if isinstance(x, str) else x)
/Users/juanbeltran/Developer/Honduras_coffee/_r/scripts/run_reports.py:253: FutureWarning: DataFrame.applymap has been deprecated. Use DataFrame.map instead.
  df = df.applymap(lambda x: x.strip() if isinstance(x, str) else x)
/Users/juanbeltran/Developer/Honduras_coffee/_r/scripts/run_reports.py:253: FutureWarning: DataFrame.applymap has been deprecated. Use DataFrame.map instead.
  df = df.applymap(lambda x: x.strip() if isinstance(x, str) else x)
/Users/juanbeltran/Developer/Honduras_coffee/_r/scripts/run_reports.py:253: FutureWarning: DataFrame.applymap has been deprecated. Use DataFrame.map instead.
  df = df.applymap(lambda x: x.strip() if isinstance(x, str) else x)
/Users/juanbeltran/Developer/Honduras_coffee/_r/scripts/run_reports.py:253: FutureWarning: DataFrame.applymap has been deprecated. Use DataFrame.map instead.
  df = df.applymap(lambda x: x.strip() if isinstance(x, str) else x)
/Users/juanbeltran/Developer/Honduras_coffee/_r/scripts/run_reports.py:253: FutureWarning: DataFrame.applymap has been deprecated. Use DataFrame.map instead.
  df = df.applymap(lambda x: x.strip() if isinstance(x, str) else x)
/Users/juanbeltran/Developer/Honduras_coffee/_r/scripts/run_reports.py:253: FutureWarning: DataFrame.applymap has been deprecated. Use DataFrame.map instead.
  df = df.applymap(lambda x: x.strip() if isinstance(x, str) else x)
/Users/juanbeltran/Developer/Honduras_coffee/_r/scripts/run_reports.py:253: FutureWarning: DataFrame.applymap has been deprecated. Use DataFrame.map instead.
  df = df.applymap(lambda x: x.strip() if isinstance(x, str) else x)
/Users/juanbeltran/Developer/Honduras_coffee/_r/scripts/run_reports.py:253: FutureWarning: DataFrame.applymap has been deprecated. Use DataFrame.map instead.
  df = df.applymap(lambda x: x.strip() if isinstance(x, str) else x)
/Users/juanbeltran/Developer/Honduras_coffee/_r/scripts/run_reports.py:253: FutureWarning: DataFrame.applymap has been deprecated. Use DataFrame.map instead.
  df = df.applymap(lambda x: x.strip() if isinstance(x, str) else x)
/Users/juanbeltran/Developer/Honduras_coffee/_r/scripts/run_reports.py:253: FutureWarning: DataFrame.applymap has been deprecated. Use DataFrame.map instead.
  df = df.applymap(lambda x: x.strip() if isinstance(x, str) else x)
/Users/juanbeltran/Developer/Honduras_coffee/_r/scripts/run_reports.py:253: FutureWarning: DataFrame.applymap has been deprecated. Use DataFrame.map instead.
  df = df.applymap(lambda x: x.strip() if isinstance(x, str) else x)
/Users/juanbeltran/Developer/Honduras_coffee/_r/scripts/run_reports.py:253: FutureWarning: DataFrame.applymap has been deprecated. Use DataFrame.map instead.
  df = df.applymap(lambda x: x.strip() if isinstance(x, str) else x)
/Users/juanbeltran/Developer/Honduras_coffee/_r/scripts/run_reports.py:253: FutureWarning: DataFrame.applymap has been deprecated. Use DataFrame.map instead.
  df = df.applymap(lambda x: x.strip() if isinstance(x, str) else x)
/Users/juanbeltran/Developer/Honduras_coffee/_r/scripts/run_reports.py:253: FutureWarning: DataFrame.applymap has been deprecated. Use DataFrame.map instead.
  df = df.applymap(lambda x: x.strip() if isinstance(x, str) else x)
/Users/juanbeltran/Developer/Honduras_coffee/_r/scripts/run_reports.py:253: FutureWarning: DataFrame.applymap has been deprecated. Use DataFrame.map instead.
  df = df.applymap(lambda x: x.strip() if isinstance(x, str) else x)
/Users/juanbeltran/Developer/Honduras_coffee/_r/scripts/run_reports.py:253: FutureWarning: DataFrame.applymap has been deprecated. Use DataFrame.map instead.
  df = df.applymap(lambda x: x.strip() if isinstance(x, str) else x)
/Users/juanbeltran/Developer/Honduras_coffee/_r/scripts/run_reports.py:253: FutureWarning: DataFrame.applymap has been deprecated. Use DataFrame.map instead.
  df = df.applymap(lambda x: x.strip() if isinstance(x, str) else x)
/Users/juanbeltran/Developer/Honduras_coffee/_r/scripts/run_reports.py:253: FutureWarning: DataFrame.applymap has been deprecated. Use DataFrame.map instead.
  df = df.applymap(lambda x: x.strip() if isinstance(x, str) else x)
/Users/juanbeltran/Developer/Honduras_coffee/_r/scripts/run_reports.py:253: FutureWarning: DataFrame.applymap has been deprecated. Use DataFrame.map instead.
  df = df.applymap(lambda x: x.strip() if isinstance(x, str) else x)
/Users/juanbeltran/Developer/Honduras_coffee/_r/scripts/run_reports.py:253: FutureWarning: DataFrame.applymap has been deprecated. Use DataFrame.map instead.
  df = df.applymap(lambda x: x.strip() if isinstance(x, str) else x)
/Users/juanbeltran/Developer/Honduras_coffee/_r/scripts/run_reports.py:253: FutureWarning: DataFrame.applymap has been deprecated. Use DataFrame.map instead.
  df = df.applymap(lambda x: x.strip() if isinstance(x, str) else x)
/Users/juanbeltran/Developer/Honduras_coffee/_r/scripts/run_reports.py:253: FutureWarning: DataFrame.applymap has been deprecated. Use DataFrame.map instead.
  df = df.applymap(lambda x: x.strip() if isinstance(x, str) else x)
/Users/juanbeltran/Developer/Honduras_coffee/_r/scripts/run_reports.py:253: FutureWarning: DataFrame.applymap has been deprecated. Use DataFrame.map instead.
  df = df.applymap(lambda x: x.strip() if isinstance(x, str) else x)
/Users/juanbeltran/Developer/Honduras_coffee/_r/scripts/run_reports.py:253: FutureWarning: DataFrame.applymap has been deprecated. Use DataFrame.map instead.
  df = df.applymap(lambda x: x.strip() if isinstance(x, str) else x)
/Users/juanbeltran/Developer/Honduras_coffee/_r/scripts/run_reports.py:253: FutureWarning: DataFrame.applymap has been deprecated. Use DataFrame.map instead.
  df = df.applymap(lambda x: x.strip() if isinstance(x, str) else x)
/Users/juanbeltran/Developer/Honduras_coffee/_r/scripts/run_reports.py:253: FutureWarning: DataFrame.applymap has been deprecated. Use DataFrame.map instead.
  df = df.applymap(lambda x: x.strip() if isinstance(x, str) else x)
/Users/juanbeltran/Developer/Honduras_coffee/_r/scripts/run_reports.py:253: FutureWarning: DataFrame.applymap has been deprecated. Use DataFrame.map instead.
  df = df.applymap(lambda x: x.strip() if isinstance(x, str) else x)
/Users/juanbeltran/Developer/Honduras_coffee/_r/scripts/run_reports.py:253: FutureWarning: DataFrame.applymap has been deprecated. Use DataFrame.map instead.
  df = df.applymap(lambda x: x.strip() if isinstance(x, str) else x)
/Users/juanbeltran/Developer/Honduras_coffee/_r/scripts/run_reports.py:253: FutureWarning: DataFrame.applymap has been deprecated. Use DataFrame.map instead.
  df = df.applymap(lambda x: x.strip() if isinstance(x, str) else x)
/Users/juanbeltran/Developer/Honduras_coffee/_r/scripts/run_reports.py:253: FutureWarning: DataFrame.applymap has been deprecated. Use DataFrame.map instead.
  df = df.applymap(lambda x: x.strip() if isinstance(x, str) else x)
/Users/juanbeltran/Developer/Honduras_coffee/_r/scripts/run_reports.py:253: FutureWarning: DataFrame.applymap has been deprecated. Use DataFrame.map instead.
  df = df.applymap(lambda x: x.strip() if isinstance(x, str) else x)
/Users/juanbeltran/Developer/Honduras_coffee/_r/scripts/run_reports.py:253: FutureWarning: DataFrame.applymap has been deprecated. Use DataFrame.map instead.
  df = df.applymap(lambda x: x.strip() if isinstance(x, str) else x)
/Users/juanbeltran/Developer/Honduras_coffee/_r/scripts/run_reports.py:253: FutureWarning: DataFrame.applymap has been deprecated. Use DataFrame.map instead.
  df = df.applymap(lambda x: x.strip() if isinstance(x, str) else x)
/Users/juanbeltran/Developer/Honduras_coffee/_r/scripts/run_reports.py:253: FutureWarning: DataFrame.applymap has been deprecated. Use DataFrame.map instead.
  df = df.applymap(lambda x: x.strip() if isinstance(x, str) else x)
/Users/juanbeltran/Developer/Honduras_coffee/_r/scripts/run_reports.py:253: FutureWarning: DataFrame.applymap has been deprecated. Use DataFrame.map instead.
  df = df.applymap(lambda x: x.strip() if isinstance(x, str) else x)
/Users/juanbeltran/Developer/Honduras_coffee/_r/scripts/run_reports.py:253: FutureWarning: DataFrame.applymap has been deprecated. Use DataFrame.map instead.
  df = df.applymap(lambda x: x.strip() if isinstance(x, str) else x)
/Users/juanbeltran/Developer/Honduras_coffee/_r/scripts/run_reports.py:253: FutureWarning: DataFrame.applymap has been deprecated. Use DataFrame.map instead.
  df = df.applymap(lambda x: x.strip() if isinstance(x, str) else x)
/Users/juanbeltran/Developer/Honduras_coffee/_r/scripts/run_reports.py:253: FutureWarning: DataFrame.applymap has been deprecated. Use DataFrame.map instead.
  df = df.applymap(lambda x: x.strip() if isinstance(x, str) else x)
/Users/juanbeltran/Developer/Honduras_coffee/_r/scripts/run_reports.py:253: FutureWarning: DataFrame.applymap has been deprecated. Use DataFrame.map instead.
  df = df.applymap(lambda x: x.strip() if isinstance(x, str) else x)
/Users/juanbeltran/Developer/Honduras_coffee/_r/scripts/run_reports.py:253: FutureWarning: DataFrame.applymap has been deprecated. Use DataFrame.map instead.
  df = df.applymap(lambda x: x.strip() if isinstance(x, str) else x)
/Users/juanbeltran/Developer/Honduras_coffee/_r/scripts/run_reports.py:253: FutureWarning: DataFrame.applymap has been deprecated. Use DataFrame.map instead.
  df = df.applymap(lambda x: x.strip() if isinstance(x, str) else x)
/Users/juanbeltran/Developer/Honduras_coffee/_r/scripts/run_reports.py:253: FutureWarning: DataFrame.applymap has been deprecated. Use DataFrame.map instead.
  df = df.applymap(lambda x: x.strip() if isinstance(x, str) else x)
/Users/juanbeltran/Developer/Honduras_coffee/_r/scripts/run_reports.py:253: FutureWarning: DataFrame.applymap has been deprecated. Use DataFrame.map instead.
  df = df.applymap(lambda x: x.strip() if isinstance(x, str) else x)
/Users/juanbeltran/Developer/Honduras_coffee/_r/scripts/run_reports.py:253: FutureWarning: DataFrame.applymap has been deprecated. Use DataFrame.map instead.
  df = df.applymap(lambda x: x.strip() if isinstance(x, str) else x)
/Users/juanbeltran/Developer/Honduras_coffee/_r/scripts/run_reports.py:253: FutureWarning: DataFrame.applymap has been deprecated. Use DataFrame.map instead.
  df = df.applymap(lambda x: x.strip() if isinstance(x, str) else x)
/Users/juanbeltran/Developer/Honduras_coffee/_r/scripts/run_reports.py:253: FutureWarning: DataFrame.applymap has been deprecated. Use DataFrame.map instead.
  df = df.applymap(lambda x: x.strip() if isinstance(x, str) else x)
/Users/juanbeltran/Developer/Honduras_coffee/_r/scripts/run_reports.py:253: FutureWarning: DataFrame.applymap has been deprecated. Use DataFrame.map instead.
  df = df.applymap(lambda x: x.strip() if isinstance(x, str) else x)
/Users/juanbeltran/Developer/Honduras_coffee/_r/scripts/run_reports.py:253: FutureWarning: DataFrame.applymap has been deprecated. Use DataFrame.map instead.
  df = df.applymap(lambda x: x.strip() if isinstance(x, str) else x)
/Users/juanbeltran/Developer/Honduras_coffee/_r/scripts/run_reports.py:253: FutureWarning: DataFrame.applymap has been deprecated. Use DataFrame.map instead.
  df = df.applymap(lambda x: x.strip() if isinstance(x, str) else x)
/Users/juanbeltran/Developer/Honduras_coffee/_r/scripts/run_reports.py:253: FutureWarning: DataFrame.applymap has been deprecated. Use DataFrame.map instead.
  df = df.applymap(lambda x: x.strip() if isinstance(x, str) else x)
/Users/juanbeltran/Developer/Honduras_coffee/_r/scripts/run_reports.py:253: FutureWarning: DataFrame.applymap has been deprecated. Use DataFrame.map instead.
  df = df.applymap(lambda x: x.strip() if isinstance(x, str) else x)
/Users/juanbeltran/Developer/Honduras_coffee/_r/scripts/run_reports.py:253: FutureWarning: DataFrame.applymap has been deprecated. Use DataFrame.map instead.
  df = df.applymap(lambda x: x.strip() if isinstance(x, str) else x)
/Users/juanbeltran/Developer/Honduras_coffee/_r/scripts/run_reports.py:253: FutureWarning: DataFrame.applymap has been deprecated. Use DataFrame.map instead.
  df = df.applymap(lambda x: x.strip() if isinstance(x, str) else x)
/Users/juanbeltran/Developer/Honduras_coffee/_r/scripts/run_reports.py:253: FutureWarning: DataFrame.applymap has been deprecated. Use DataFrame.map instead.
  df = df.applymap(lambda x: x.strip() if isinstance(x, str) else x)
/Users/juanbeltran/Developer/Honduras_coffee/_r/scripts/run_reports.py:253: FutureWarning: DataFrame.applymap has been deprecated. Use DataFrame.map instead.
  df = df.applymap(lambda x: x.strip() if isinstance(x, str) else x)
/Users/juanbeltran/Developer/Honduras_coffee/_r/scripts/run_reports.py:253: FutureWarning: DataFrame.applymap has been deprecated. Use DataFrame.map instead.
  df = df.applymap(lambda x: x.strip() if isinstance(x, str) else x)
/Users/juanbeltran/Developer/Honduras_coffee/_r/scripts/run_reports.py:253: FutureWarning: DataFrame.applymap has been deprecated. Use DataFrame.map instead.
  df = df.applymap(lambda x: x.strip() if isinstance(x, str) else x)
/Users/juanbeltran/Developer/Honduras_coffee/_r/scripts/run_reports.py:253: FutureWarning: DataFrame.applymap has been deprecated. Use DataFrame.map instead.
  df = df.applymap(lambda x: x.strip() if isinstance(x, str) else x)
/Users/juanbeltran/Developer/Honduras_coffee/_r/scripts/run_reports.py:253: FutureWarning: DataFrame.applymap has been deprecated. Use DataFrame.map instead.
  df = df.applymap(lambda x: x.strip() if isinstance(x, str) else x)
/Users/juanbeltran/Developer/Honduras_coffee/_r/scripts/run_reports.py:253: FutureWarning: DataFrame.applymap has been deprecated. Use DataFrame.map instead.
  df = df.applymap(lambda x: x.strip() if isinstance(x, str) else x)
/Users/juanbeltran/Developer/Honduras_coffee/_r/scripts/run_reports.py:253: FutureWarning: DataFrame.applymap has been deprecated. Use DataFrame.map instead.
  df = df.applymap(lambda x: x.strip() if isinstance(x, str) else x)
/Users/juanbeltran/Developer/Honduras_coffee/_r/scripts/run_reports.py:253: FutureWarning: DataFrame.applymap has been deprecated. Use DataFrame.map instead.
  df = df.applymap(lambda x: x.strip() if isinstance(x, str) else x)
/Users/juanbeltran/Developer/Honduras_coffee/_r/scripts/run_reports.py:253: FutureWarning: DataFrame.applymap has been deprecated. Use DataFrame.map instead.
  df = df.applymap(lambda x: x.strip() if isinstance(x, str) else x)
/Users/juanbeltran/Developer/Honduras_coffee/_r/scripts/run_reports.py:253: FutureWarning: DataFrame.applymap has been deprecated. Use DataFrame.map instead.
  df = df.applymap(lambda x: x.strip() if isinstance(x, str) else x)
/Users/juanbeltran/Developer/Honduras_coffee/_r/scripts/run_reports.py:253: FutureWarning: DataFrame.applymap has been deprecated. Use DataFrame.map instead.
  df = df.applymap(lambda x: x.strip() if isinstance(x, str) else x)
/Users/juanbeltran/Developer/Honduras_coffee/_r/scripts/run_reports.py:253: FutureWarning: DataFrame.applymap has been deprecated. Use DataFrame.map instead.
  df = df.applymap(lambda x: x.strip() if isinstance(x, str) else x)
/Users/juanbeltran/Developer/Honduras_coffee/_r/scripts/run_reports.py:253: FutureWarning: DataFrame.applymap has been deprecated. Use DataFrame.map instead.
  df = df.applymap(lambda x: x.strip() if isinstance(x, str) else x)
/Users/juanbeltran/Developer/Honduras_coffee/_r/scripts/run_reports.py:253: FutureWarning: DataFrame.applymap has been deprecated. Use DataFrame.map instead.
  df = df.applymap(lambda x: x.strip() if isinstance(x, str) else x)
/Users/juanbeltran/Developer/Honduras_coffee/_r/scripts/run_reports.py:253: FutureWarning: DataFrame.applymap has been deprecated. Use DataFrame.map instead.
  df = df.applymap(lambda x: x.strip() if isinstance(x, str) else x)
/Users/juanbeltran/Developer/Honduras_coffee/_r/scripts/run_reports.py:253: FutureWarning: DataFrame.applymap has been deprecated. Use DataFrame.map instead.
  df = df.applymap(lambda x: x.strip() if isinstance(x, str) else x)
/Users/juanbeltran/Developer/Honduras_coffee/_r/scripts/run_reports.py:253: FutureWarning: DataFrame.applymap has been deprecated. Use DataFrame.map instead.
  df = df.applymap(lambda x: x.strip() if isinstance(x, str) else x)
/Users/juanbeltran/Developer/Honduras_coffee/_r/scripts/run_reports.py:253: FutureWarning: DataFrame.applymap has been deprecated. Use DataFrame.map instead.
  df = df.applymap(lambda x: x.strip() if isinstance(x, str) else x)
/Users/juanbeltran/Developer/Honduras_coffee/_r/scripts/run_reports.py:253: FutureWarning: DataFrame.applymap has been deprecated. Use DataFrame.map instead.
  df = df.applymap(lambda x: x.strip() if isinstance(x, str) else x)
/Users/juanbeltran/Developer/Honduras_coffee/_r/scripts/run_reports.py:253: FutureWarning: DataFrame.applymap has been deprecated. Use DataFrame.map instead.
  df = df.applymap(lambda x: x.strip() if isinstance(x, str) else x)
/Users/juanbeltran/Developer/Honduras_coffee/_r/scripts/run_reports.py:253: FutureWarning: DataFrame.applymap has been deprecated. Use DataFrame.map instead.
  df = df.applymap(lambda x: x.strip() if isinstance(x, str) else x)
/Users/juanbeltran/Developer/Honduras_coffee/_r/scripts/run_reports.py:253: FutureWarning: DataFrame.applymap has been deprecated. Use DataFrame.map instead.
  df = df.applymap(lambda x: x.strip() if isinstance(x, str) else x)
/Users/juanbeltran/Developer/Honduras_coffee/_r/scripts/run_reports.py:253: FutureWarning: DataFrame.applymap has been deprecated. Use DataFrame.map instead.
  df = df.applymap(lambda x: x.strip() if isinstance(x, str) else x)
/Users/juanbeltran/Developer/Honduras_coffee/_r/scripts/run_reports.py:253: FutureWarning: DataFrame.applymap has been deprecated. Use DataFrame.map instead.
  df = df.applymap(lambda x: x.strip() if isinstance(x, str) else x)
/Users/juanbeltran/Developer/Honduras_coffee/_r/scripts/run_reports.py:253: FutureWarning: DataFrame.applymap has been deprecated. Use DataFrame.map instead.
  df = df.applymap(lambda x: x.strip() if isinstance(x, str) else x)
/Users/juanbeltran/Developer/Honduras_coffee/_r/scripts/run_reports.py:253: FutureWarning: DataFrame.applymap has been deprecated. Use DataFrame.map instead.
  df = df.applymap(lambda x: x.strip() if isinstance(x, str) else x)
/Users/juanbeltran/Developer/Honduras_coffee/_r/scripts/run_reports.py:253: FutureWarning: DataFrame.applymap has been deprecated. Use DataFrame.map instead.
  df = df.applymap(lambda x: x.strip() if isinstance(x, str) else x)
/Users/juanbeltran/Developer/Honduras_coffee/_r/scripts/run_reports.py:253: FutureWarning: DataFrame.applymap has been deprecated. Use DataFrame.map instead.
  df = df.applymap(lambda x: x.strip() if isinstance(x, str) else x)
/Users/juanbeltran/Developer/Honduras_coffee/_r/scripts/run_reports.py:253: FutureWarning: DataFrame.applymap has been deprecated. Use DataFrame.map instead.
  df = df.applymap(lambda x: x.strip() if isinstance(x, str) else x)
/Users/juanbeltran/Developer/Honduras_coffee/_r/scripts/run_reports.py:253: FutureWarning: DataFrame.applymap has been deprecated. Use DataFrame.map instead.
  df = df.applymap(lambda x: x.strip() if isinstance(x, str) else x)
/Users/juanbeltran/Developer/Honduras_coffee/_r/scripts/run_reports.py:253: FutureWarning: DataFrame.applymap has been deprecated. Use DataFrame.map instead.
  df = df.applymap(lambda x: x.strip() if isinstance(x, str) else x)
/Users/juanbeltran/Developer/Honduras_coffee/_r/scripts/run_reports.py:253: FutureWarning: DataFrame.applymap has been deprecated. Use DataFrame.map instead.
  df = df.applymap(lambda x: x.strip() if isinstance(x, str) else x)
/Users/juanbeltran/Developer/Honduras_coffee/_r/scripts/run_reports.py:253: FutureWarning: DataFrame.applymap has been deprecated. Use DataFrame.map instead.
  df = df.applymap(lambda x: x.strip() if isinstance(x, str) else x)
/Users/juanbeltran/Developer/Honduras_coffee/_r/scripts/run_reports.py:253: FutureWarning: DataFrame.applymap has been deprecated. Use DataFrame.map instead.
  df = df.applymap(lambda x: x.strip() if isinstance(x, str) else x)
/Users/juanbeltran/Developer/Honduras_coffee/_r/scripts/run_reports.py:253: FutureWarning: DataFrame.applymap has been deprecated. Use DataFrame.map instead.
  df = df.applymap(lambda x: x.strip() if isinstance(x, str) else x)
/Users/juanbeltran/Developer/Honduras_coffee/_r/scripts/run_reports.py:253: FutureWarning: DataFrame.applymap has been deprecated. Use DataFrame.map instead.
  df = df.applymap(lambda x: x.strip() if isinstance(x, str) else x)
/Users/juanbeltran/Developer/Honduras_coffee/_r/scripts/run_reports.py:253: FutureWarning: DataFrame.applymap has been deprecated. Use DataFrame.map instead.
  df = df.applymap(lambda x: x.strip() if isinstance(x, str) else x)
/Users/juanbeltran/Developer/Honduras_coffee/_r/scripts/run_reports.py:253: FutureWarning: DataFrame.applymap has been deprecated. Use DataFrame.map instead.
  df = df.applymap(lambda x: x.strip() if isinstance(x, str) else x)
/Users/juanbeltran/Developer/Honduras_coffee/_r/scripts/run_reports.py:253: FutureWarning: DataFrame.applymap has been deprecated. Use DataFrame.map instead.
  df = df.applymap(lambda x: x.strip() if isinstance(x, str) else x)
/Users/juanbeltran/Developer/Honduras_coffee/_r/scripts/run_reports.py:253: FutureWarning: DataFrame.applymap has been deprecated. Use DataFrame.map instead.
  df = df.applymap(lambda x: x.strip() if isinstance(x, str) else x)
/Users/juanbeltran/Developer/Honduras_coffee/_r/scripts/run_reports.py:253: FutureWarning: DataFrame.applymap has been deprecated. Use DataFrame.map instead.
  df = df.applymap(lambda x: x.strip() if isinstance(x, str) else x)
/Users/juanbeltran/Developer/Honduras_coffee/_r/scripts/run_reports.py:253: FutureWarning: DataFrame.applymap has been deprecated. Use DataFrame.map instead.
  df = df.applymap(lambda x: x.strip() if isinstance(x, str) else x)
/Users/juanbeltran/Developer/Honduras_coffee/_r/scripts/run_reports.py:253: FutureWarning: DataFrame.applymap has been deprecated. Use DataFrame.map instead.
  df = df.applymap(lambda x: x.strip() if isinstance(x, str) else x)
/Users/juanbeltran/Developer/Honduras_coffee/_r/scripts/run_reports.py:253: FutureWarning: DataFrame.applymap has been deprecated. Use DataFrame.map instead.
  df = df.applymap(lambda x: x.strip() if isinstance(x, str) else x)
/Users/juanbeltran/Developer/Honduras_coffee/_r/scripts/run_reports.py:253: FutureWarning: DataFrame.applymap has been deprecated. Use DataFrame.map instead.
  df = df.applymap(lambda x: x.strip() if isinstance(x, str) else x)
/Users/juanbeltran/Developer/Honduras_coffee/_r/scripts/run_reports.py:253: FutureWarning: DataFrame.applymap has been deprecated. Use DataFrame.map instead.
  df = df.applymap(lambda x: x.strip() if isinstance(x, str) else x)
/Users/juanbeltran/Developer/Honduras_coffee/_r/scripts/run_reports.py:253: FutureWarning: DataFrame.applymap has been deprecated. Use DataFrame.map instead.
  df = df.applymap(lambda x: x.strip() if isinstance(x, str) else x)
/Users/juanbeltran/Developer/Honduras_coffee/_r/scripts/run_reports.py:253: FutureWarning: DataFrame.applymap has been deprecated. Use DataFrame.map instead.
  df = df.applymap(lambda x: x.strip() if isinstance(x, str) else x)
/Users/juanbeltran/Developer/Honduras_coffee/_r/scripts/run_reports.py:253: FutureWarning: DataFrame.applymap has been deprecated. Use DataFrame.map instead.
  df = df.applymap(lambda x: x.strip() if isinstance(x, str) else x)
/Users/juanbeltran/Developer/Honduras_coffee/_r/scripts/run_reports.py:253: FutureWarning: DataFrame.applymap has been deprecated. Use DataFrame.map instead.
  df = df.applymap(lambda x: x.strip() if isinstance(x, str) else x)
/Users/juanbeltran/Developer/Honduras_coffee/_r/scripts/run_reports.py:253: FutureWarning: DataFrame.applymap has been deprecated. Use DataFrame.map instead.
  df = df.applymap(lambda x: x.strip() if isinstance(x, str) else x)
/Users/juanbeltran/Developer/Honduras_coffee/_r/scripts/run_reports.py:253: FutureWarning: DataFrame.applymap has been deprecated. Use DataFrame.map instead.
  df = df.applymap(lambda x: x.strip() if isinstance(x, str) else x)
/Users/juanbeltran/Developer/Honduras_coffee/_r/scripts/run_reports.py:253: FutureWarning: DataFrame.applymap has been deprecated. Use DataFrame.map instead.
  df = df.applymap(lambda x: x.strip() if isinstance(x, str) else x)
/Users/juanbeltran/Developer/Honduras_coffee/_r/scripts/run_reports.py:253: FutureWarning: DataFrame.applymap has been deprecated. Use DataFrame.map instead.
  df = df.applymap(lambda x: x.strip() if isinstance(x, str) else x)
/Users/juanbeltran/Developer/Honduras_coffee/_r/scripts/run_reports.py:253: FutureWarning: DataFrame.applymap has been deprecated. Use DataFrame.map instead.
  df = df.applymap(lambda x: x.strip() if isinstance(x, str) else x)
/Users/juanbeltran/Developer/Honduras_coffee/_r/scripts/run_reports.py:253: FutureWarning: DataFrame.applymap has been deprecated. Use DataFrame.map instead.
  df = df.applymap(lambda x: x.strip() if isinstance(x, str) else x)
/Users/juanbeltran/Developer/Honduras_coffee/_r/scripts/run_reports.py:253: FutureWarning: DataFrame.applymap has been deprecated. Use DataFrame.map instead.
  df = df.applymap(lambda x: x.strip() if isinstance(x, str) else x)
/Users/juanbeltran/Developer/Honduras_coffee/_r/scripts/run_reports.py:253: FutureWarning: DataFrame.applymap has been deprecated. Use DataFrame.map instead.
  df = df.applymap(lambda x: x.strip() if isinstance(x, str) else x)
/Users/juanbeltran/Developer/Honduras_coffee/_r/scripts/run_reports.py:253: FutureWarning: DataFrame.applymap has been deprecated. Use DataFrame.map instead.
  df = df.applymap(lambda x: x.strip() if isinstance(x, str) else x)
/Users/juanbeltran/Developer/Honduras_coffee/_r/scripts/run_reports.py:253: FutureWarning: DataFrame.applymap has been deprecated. Use DataFrame.map instead.
  df = df.applymap(lambda x: x.strip() if isinstance(x, str) else x)
/Users/juanbeltran/Developer/Honduras_coffee/_r/scripts/run_reports.py:253: FutureWarning: DataFrame.applymap has been deprecated. Use DataFrame.map instead.
  df = df.applymap(lambda x: x.strip() if isinstance(x, str) else x)
/Users/juanbeltran/Developer/Honduras_coffee/_r/scripts/run_reports.py:253: FutureWarning: DataFrame.applymap has been deprecated. Use DataFrame.map instead.
  df = df.applymap(lambda x: x.strip() if isinstance(x, str) else x)
/Users/juanbeltran/Developer/Honduras_coffee/_r/scripts/run_reports.py:253: FutureWarning: DataFrame.applymap has been deprecated. Use DataFrame.map instead.
  df = df.applymap(lambda x: x.strip() if isinstance(x, str) else x)
/Users/juanbeltran/Developer/Honduras_coffee/_r/scripts/run_reports.py:253: FutureWarning: DataFrame.applymap has been deprecated. Use DataFrame.map instead.
  df = df.applymap(lambda x: x.strip() if isinstance(x, str) else x)
/Users/juanbeltran/Developer/Honduras_coffee/_r/scripts/run_reports.py:253: FutureWarning: DataFrame.applymap has been deprecated. Use DataFrame.map instead.
  df = df.applymap(lambda x: x.strip() if isinstance(x, str) else x)
/Users/juanbeltran/Developer/Honduras_coffee/_r/scripts/run_reports.py:253: FutureWarning: DataFrame.applymap has been deprecated. Use DataFrame.map instead.
  df = df.applymap(lambda x: x.strip() if isinstance(x, str) else x)
/Users/juanbeltran/Developer/Honduras_coffee/_r/scripts/run_reports.py:253: FutureWarning: DataFrame.applymap has been deprecated. Use DataFrame.map instead.
  df = df.applymap(lambda x: x.strip() if isinstance(x, str) else x)
/Users/juanbeltran/Developer/Honduras_coffee/_r/scripts/run_reports.py:253: FutureWarning: DataFrame.applymap has been deprecated. Use DataFrame.map instead.
  df = df.applymap(lambda x: x.strip() if isinstance(x, str) else x)
/Users/juanbeltran/Developer/Honduras_coffee/_r/scripts/run_reports.py:253: FutureWarning: DataFrame.applymap has been deprecated. Use DataFrame.map instead.
  df = df.applymap(lambda x: x.strip() if isinstance(x, str) else x)
/Users/juanbeltran/Developer/Honduras_coffee/_r/scripts/run_reports.py:253: FutureWarning: DataFrame.applymap has been deprecated. Use DataFrame.map instead.
  df = df.applymap(lambda x: x.strip() if isinstance(x, str) else x)
/Users/juanbeltran/Developer/Honduras_coffee/_r/scripts/run_reports.py:253: FutureWarning: DataFrame.applymap has been deprecated. Use DataFrame.map instead.
  df = df.applymap(lambda x: x.strip() if isinstance(x, str) else x)
/Users/juanbeltran/Developer/Honduras_coffee/_r/scripts/run_reports.py:253: FutureWarning: DataFrame.applymap has been deprecated. Use DataFrame.map instead.
  df = df.applymap(lambda x: x.strip() if isinstance(x, str) else x)
/Users/juanbeltran/Developer/Honduras_coffee/_r/scripts/run_reports.py:253: FutureWarning: DataFrame.applymap has been deprecated. Use DataFrame.map instead.
  df = df.applymap(lambda x: x.strip() if isinstance(x, str) else x)
/Users/juanbeltran/Developer/Honduras_coffee/_r/scripts/run_reports.py:253: FutureWarning: DataFrame.applymap has been deprecated. Use DataFrame.map instead.
  df = df.applymap(lambda x: x.strip() if isinstance(x, str) else x)
/Users/juanbeltran/Developer/Honduras_coffee/_r/scripts/run_reports.py:253: FutureWarning: DataFrame.applymap has been deprecated. Use DataFrame.map instead.
  df = df.applymap(lambda x: x.strip() if isinstance(x, str) else x)
/Users/juanbeltran/Developer/Honduras_coffee/_r/scripts/run_reports.py:253: FutureWarning: DataFrame.applymap has been deprecated. Use DataFrame.map instead.
  df = df.applymap(lambda x: x.strip() if isinstance(x, str) else x)
/Users/juanbeltran/Developer/Honduras_coffee/_r/scripts/run_reports.py:253: FutureWarning: DataFrame.applymap has been deprecated. Use DataFrame.map instead.
  df = df.applymap(lambda x: x.strip() if isinstance(x, str) else x)
/Users/juanbeltran/Developer/Honduras_coffee/_r/scripts/run_reports.py:253: FutureWarning: DataFrame.applymap has been deprecated. Use DataFrame.map instead.
  df = df.applymap(lambda x: x.strip() if isinstance(x, str) else x)
/Users/juanbeltran/Developer/Honduras_coffee/_r/scripts/run_reports.py:253: FutureWarning: DataFrame.applymap has been deprecated. Use DataFrame.map instead.
  df = df.applymap(lambda x: x.strip() if isinstance(x, str) else x)
/Users/juanbeltran/Developer/Honduras_coffee/_r/scripts/run_reports.py:253: FutureWarning: DataFrame.applymap has been deprecated. Use DataFrame.map instead.
  df = df.applymap(lambda x: x.strip() if isinstance(x, str) else x)
/Users/juanbeltran/Developer/Honduras_coffee/_r/scripts/run_reports.py:253: FutureWarning: DataFrame.applymap has been deprecated. Use DataFrame.map instead.
  df = df.applymap(lambda x: x.strip() if isinstance(x, str) else x)
/Users/juanbeltran/Developer/Honduras_coffee/_r/scripts/run_reports.py:253: FutureWarning: DataFrame.applymap has been deprecated. Use DataFrame.map instead.
  df = df.applymap(lambda x: x.strip() if isinstance(x, str) else x)
/Users/juanbeltran/Developer/Honduras_coffee/_r/scripts/run_reports.py:253: FutureWarning: DataFrame.applymap has been deprecated. Use DataFrame.map instead.
  df = df.applymap(lambda x: x.strip() if isinstance(x, str) else x)
/Users/juanbeltran/Developer/Honduras_coffee/_r/scripts/run_reports.py:253: FutureWarning: DataFrame.applymap has been deprecated. Use DataFrame.map instead.
  df = df.applymap(lambda x: x.strip() if isinstance(x, str) else x)
/Users/juanbeltran/Developer/Honduras_coffee/_r/scripts/run_reports.py:253: FutureWarning: DataFrame.applymap has been deprecated. Use DataFrame.map instead.
  df = df.applymap(lambda x: x.strip() if isinstance(x, str) else x)
/Users/juanbeltran/Developer/Honduras_coffee/_r/scripts/run_reports.py:253: FutureWarning: DataFrame.applymap has been deprecated. Use DataFrame.map instead.
  df = df.applymap(lambda x: x.strip() if isinstance(x, str) else x)
/Users/juanbeltran/Developer/Honduras_coffee/_r/scripts/run_reports.py:253: FutureWarning: DataFrame.applymap has been deprecated. Use DataFrame.map instead.
  df = df.applymap(lambda x: x.strip() if isinstance(x, str) else x)
/Users/juanbeltran/Developer/Honduras_coffee/_r/scripts/run_reports.py:253: FutureWarning: DataFrame.applymap has been deprecated. Use DataFrame.map instead.
  df = df.applymap(lambda x: x.strip() if isinstance(x, str) else x)
/Users/juanbeltran/Developer/Honduras_coffee/_r/scripts/run_reports.py:253: FutureWarning: DataFrame.applymap has been deprecated. Use DataFrame.map instead.
  df = df.applymap(lambda x: x.strip() if isinstance(x, str) else x)
/Users/juanbeltran/Developer/Honduras_coffee/_r/scripts/run_reports.py:253: FutureWarning: DataFrame.applymap has been deprecated. Use DataFrame.map instead.
  df = df.applymap(lambda x: x.strip() if isinstance(x, str) else x)
/Users/juanbeltran/Developer/Honduras_coffee/_r/scripts/run_reports.py:253: FutureWarning: DataFrame.applymap has been deprecated. Use DataFrame.map instead.
  df = df.applymap(lambda x: x.strip() if isinstance(x, str) else x)
/Users/juanbeltran/Developer/Honduras_coffee/_r/scripts/run_reports.py:253: FutureWarning: DataFrame.applymap has been deprecated. Use DataFrame.map instead.
  df = df.applymap(lambda x: x.strip() if isinstance(x, str) else x)
/Users/juanbeltran/Developer/Honduras_coffee/_r/scripts/run_reports.py:253: FutureWarning: DataFrame.applymap has been deprecated. Use DataFrame.map instead.
  df = df.applymap(lambda x: x.strip() if isinstance(x, str) else x)
/Users/juanbeltran/Developer/Honduras_coffee/_r/scripts/run_reports.py:253: FutureWarning: DataFrame.applymap has been deprecated. Use DataFrame.map instead.
  df = df.applymap(lambda x: x.strip() if isinstance(x, str) else x)
/Users/juanbeltran/Developer/Honduras_coffee/_r/scripts/run_reports.py:253: FutureWarning: DataFrame.applymap has been deprecated. Use DataFrame.map instead.
  df = df.applymap(lambda x: x.strip() if isinstance(x, str) else x)
/Users/juanbeltran/Developer/Honduras_coffee/_r/scripts/run_reports.py:253: FutureWarning: DataFrame.applymap has been deprecated. Use DataFrame.map instead.
  df = df.applymap(lambda x: x.strip() if isinstance(x, str) else x)
/Users/juanbeltran/Developer/Honduras_coffee/_r/scripts/run_reports.py:253: FutureWarning: DataFrame.applymap has been deprecated. Use DataFrame.map instead.
  df = df.applymap(lambda x: x.strip() if isinstance(x, str) else x)
/Users/juanbeltran/Developer/Honduras_coffee/_r/scripts/run_reports.py:253: FutureWarning: DataFrame.applymap has been deprecated. Use DataFrame.map instead.
  df = df.applymap(lambda x: x.strip() if isinstance(x, str) else x)
/Users/juanbeltran/Developer/Honduras_coffee/_r/scripts/run_reports.py:253: FutureWarning: DataFrame.applymap has been deprecated. Use DataFrame.map instead.
  df = df.applymap(lambda x: x.strip() if isinstance(x, str) else x)
/Users/juanbeltran/Developer/Honduras_coffee/_r/scripts/run_reports.py:253: FutureWarning: DataFrame.applymap has been deprecated. Use DataFrame.map instead.
  df = df.applymap(lambda x: x.strip() if isinstance(x, str) else x)
/Users/juanbeltran/Developer/Honduras_coffee/_r/scripts/run_reports.py:253: FutureWarning: DataFrame.applymap has been deprecated. Use DataFrame.map instead.
  df = df.applymap(lambda x: x.strip() if isinstance(x, str) else x)
/Users/juanbeltran/Developer/Honduras_coffee/_r/scripts/run_reports.py:253: FutureWarning: DataFrame.applymap has been deprecated. Use DataFrame.map instead.
  df = df.applymap(lambda x: x.strip() if isinstance(x, str) else x)
/Users/juanbeltran/Developer/Honduras_coffee/_r/scripts/run_reports.py:253: FutureWarning: DataFrame.applymap has been deprecated. Use DataFrame.map instead.
  df = df.applymap(lambda x: x.strip() if isinstance(x, str) else x)
/Users/juanbeltran/Developer/Honduras_coffee/_r/scripts/run_reports.py:253: FutureWarning: DataFrame.applymap has been deprecated. Use DataFrame.map instead.
  df = df.applymap(lambda x: x.strip() if isinstance(x, str) else x)
/Users/juanbeltran/Developer/Honduras_coffee/_r/scripts/run_reports.py:253: FutureWarning: DataFrame.applymap has been deprecated. Use DataFrame.map instead.
  df = df.applymap(lambda x: x.strip() if isinstance(x, str) else x)
/Users/juanbeltran/Developer/Honduras_coffee/_r/scripts/run_reports.py:253: FutureWarning: DataFrame.applymap has been deprecated. Use DataFrame.map instead.
  df = df.applymap(lambda x: x.strip() if isinstance(x, str) else x)
/Users/juanbeltran/Developer/Honduras_coffee/_r/scripts/run_reports.py:253: FutureWarning: DataFrame.applymap has been deprecated. Use DataFrame.map instead.
  df = df.applymap(lambda x: x.strip() if isinstance(x, str) else x)
/Users/juanbeltran/Developer/Honduras_coffee/_r/scripts/run_reports.py:253: FutureWarning: DataFrame.applymap has been deprecated. Use DataFrame.map instead.
  df = df.applymap(lambda x: x.strip() if isinstance(x, str) else x)
/Users/juanbeltran/Developer/Honduras_coffee/_r/scripts/run_reports.py:253: FutureWarning: DataFrame.applymap has been deprecated. Use DataFrame.map instead.
  df = df.applymap(lambda x: x.strip() if isinstance(x, str) else x)
/Users/juanbeltran/Developer/Honduras_coffee/_r/scripts/run_reports.py:253: FutureWarning: DataFrame.applymap has been deprecated. Use DataFrame.map instead.
  df = df.applymap(lambda x: x.strip() if isinstance(x, str) else x)
/Users/juanbeltran/Developer/Honduras_coffee/_r/scripts/run_reports.py:253: FutureWarning: DataFrame.applymap has been deprecated. Use DataFrame.map instead.
  df = df.applymap(lambda x: x.strip() if isinstance(x, str) else x)
/Users/juanbeltran/Developer/Honduras_coffee/_r/scripts/run_reports.py:253: FutureWarning: DataFrame.applymap has been deprecated. Use DataFrame.map instead.
  df = df.applymap(lambda x: x.strip() if isinstance(x, str) else x)
/Users/juanbeltran/Developer/Honduras_coffee/_r/scripts/run_reports.py:253: FutureWarning: DataFrame.applymap has been deprecated. Use DataFrame.map instead.
  df = df.applymap(lambda x: x.strip() if isinstance(x, str) else x)
/Users/juanbeltran/Developer/Honduras_coffee/_r/scripts/run_reports.py:253: FutureWarning: DataFrame.applymap has been deprecated. Use DataFrame.map instead.
  df = df.applymap(lambda x: x.strip() if isinstance(x, str) else x)
/Users/juanbeltran/Developer/Honduras_coffee/_r/scripts/run_reports.py:253: FutureWarning: DataFrame.applymap has been deprecated. Use DataFrame.map instead.
  df = df.applymap(lambda x: x.strip() if isinstance(x, str) else x)
/Users/juanbeltran/Developer/Honduras_coffee/_r/scripts/run_reports.py:253: FutureWarning: DataFrame.applymap has been deprecated. Use DataFrame.map instead.
  df = df.applymap(lambda x: x.strip() if isinstance(x, str) else x)
/Users/juanbeltran/Developer/Honduras_coffee/_r/scripts/run_reports.py:253: FutureWarning: DataFrame.applymap has been deprecated. Use DataFrame.map instead.
  df = df.applymap(lambda x: x.strip() if isinstance(x, str) else x)
/Users/juanbeltran/Developer/Honduras_coffee/_r/scripts/run_reports.py:253: FutureWarning: DataFrame.applymap has been deprecated. Use DataFrame.map instead.
  df = df.applymap(lambda x: x.strip() if isinstance(x, str) else x)
/Users/juanbeltran/Developer/Honduras_coffee/_r/scripts/run_reports.py:253: FutureWarning: DataFrame.applymap has been deprecated. Use DataFrame.map instead.
  df = df.applymap(lambda x: x.strip() if isinstance(x, str) else x)
/Users/juanbeltran/Developer/Honduras_coffee/_r/scripts/run_reports.py:253: FutureWarning: DataFrame.applymap has been deprecated. Use DataFrame.map instead.
  df = df.applymap(lambda x: x.strip() if isinstance(x, str) else x)
/Users/juanbeltran/Developer/Honduras_coffee/_r/scripts/run_reports.py:253: FutureWarning: DataFrame.applymap has been deprecated. Use DataFrame.map instead.
  df = df.applymap(lambda x: x.strip() if isinstance(x, str) else x)
/Users/juanbeltran/Developer/Honduras_coffee/_r/scripts/run_reports.py:253: FutureWarning: DataFrame.applymap has been deprecated. Use DataFrame.map instead.
  df = df.applymap(lambda x: x.strip() if isinstance(x, str) else x)
/Users/juanbeltran/Developer/Honduras_coffee/_r/scripts/run_reports.py:253: FutureWarning: DataFrame.applymap has been deprecated. Use DataFrame.map instead.
  df = df.applymap(lambda x: x.strip() if isinstance(x, str) else x)
/Users/juanbeltran/Developer/Honduras_coffee/_r/scripts/run_reports.py:253: FutureWarning: DataFrame.applymap has been deprecated. Use DataFrame.map instead.
  df = df.applymap(lambda x: x.strip() if isinstance(x, str) else x)
/Users/juanbeltran/Developer/Honduras_coffee/_r/scripts/run_reports.py:253: FutureWarning: DataFrame.applymap has been deprecated. Use DataFrame.map instead.
  df = df.applymap(lambda x: x.strip() if isinstance(x, str) else x)
/Users/juanbeltran/Developer/Honduras_coffee/_r/scripts/run_reports.py:253: FutureWarning: DataFrame.applymap has been deprecated. Use DataFrame.map instead.
  df = df.applymap(lambda x: x.strip() if isinstance(x, str) else x)
/Users/juanbeltran/Developer/Honduras_coffee/_r/scripts/run_reports.py:253: FutureWarning: DataFrame.applymap has been deprecated. Use DataFrame.map instead.
  df = df.applymap(lambda x: x.strip() if isinstance(x, str) else x)
/Users/juanbeltran/Developer/Honduras_coffee/_r/scripts/run_reports.py:253: FutureWarning: DataFrame.applymap has been deprecated. Use DataFrame.map instead.
  df = df.applymap(lambda x: x.strip() if isinstance(x, str) else x)
/Users/juanbeltran/Developer/Honduras_coffee/_r/scripts/run_reports.py:253: FutureWarning: DataFrame.applymap has been deprecated. Use DataFrame.map instead.
  df = df.applymap(lambda x: x.strip() if isinstance(x, str) else x)
/Users/juanbeltran/Developer/Honduras_coffee/_r/scripts/run_reports.py:253: FutureWarning: DataFrame.applymap has been deprecated. Use DataFrame.map instead.
  df = df.applymap(lambda x: x.strip() if isinstance(x, str) else x)
/Users/juanbeltran/Developer/Honduras_coffee/_r/scripts/run_reports.py:253: FutureWarning: DataFrame.applymap has been deprecated. Use DataFrame.map instead.
  df = df.applymap(lambda x: x.strip() if isinstance(x, str) else x)
/Users/juanbeltran/Developer/Honduras_coffee/_r/scripts/run_reports.py:253: FutureWarning: DataFrame.applymap has been deprecated. Use DataFrame.map instead.
  df = df.applymap(lambda x: x.strip() if isinstance(x, str) else x)
/Users/juanbeltran/Developer/Honduras_coffee/_r/scripts/run_reports.py:253: FutureWarning: DataFrame.applymap has been deprecated. Use DataFrame.map instead.
  df = df.applymap(lambda x: x.strip() if isinstance(x, str) else x)
/Users/juanbeltran/Developer/Honduras_coffee/_r/scripts/run_reports.py:253: FutureWarning: DataFrame.applymap has been deprecated. Use DataFrame.map instead.
  df = df.applymap(lambda x: x.strip() if isinstance(x, str) else x)
/Users/juanbeltran/Developer/Honduras_coffee/_r/scripts/run_reports.py:253: FutureWarning: DataFrame.applymap has been deprecated. Use DataFrame.map instead.
  df = df.applymap(lambda x: x.strip() if isinstance(x, str) else x)
/Users/juanbeltran/Developer/Honduras_coffee/_r/scripts/run_reports.py:253: FutureWarning: DataFrame.applymap has been deprecated. Use DataFrame.map instead.
  df = df.applymap(lambda x: x.strip() if isinstance(x, str) else x)
/Users/juanbeltran/Developer/Honduras_coffee/_r/scripts/run_reports.py:253: FutureWarning: DataFrame.applymap has been deprecated. Use DataFrame.map instead.
  df = df.applymap(lambda x: x.strip() if isinstance(x, str) else x)
/Users/juanbeltran/Developer/Honduras_coffee/_r/scripts/run_reports.py:253: FutureWarning: DataFrame.applymap has been deprecated. Use DataFrame.map instead.
  df = df.applymap(lambda x: x.strip() if isinstance(x, str) else x)
/Users/juanbeltran/Developer/Honduras_coffee/_r/scripts/run_reports.py:253: FutureWarning: DataFrame.applymap has been deprecated. Use DataFrame.map instead.
  df = df.applymap(lambda x: x.strip() if isinstance(x, str) else x)
/Users/juanbeltran/Developer/Honduras_coffee/_r/scripts/run_reports.py:253: FutureWarning: DataFrame.applymap has been deprecated. Use DataFrame.map instead.
  df = df.applymap(lambda x: x.strip() if isinstance(x, str) else x)
/Users/juanbeltran/Developer/Honduras_coffee/_r/scripts/run_reports.py:253: FutureWarning: DataFrame.applymap has been deprecated. Use DataFrame.map instead.
  df = df.applymap(lambda x: x.strip() if isinstance(x, str) else x)
/Users/juanbeltran/Developer/Honduras_coffee/_r/scripts/run_reports.py:253: FutureWarning: DataFrame.applymap has been deprecated. Use DataFrame.map instead.
  df = df.applymap(lambda x: x.strip() if isinstance(x, str) else x)
/Users/juanbeltran/Developer/Honduras_coffee/_r/scripts/run_reports.py:253: FutureWarning: DataFrame.applymap has been deprecated. Use DataFrame.map instead.
  df = df.applymap(lambda x: x.strip() if isinstance(x, str) else x)
/Users/juanbeltran/Developer/Honduras_coffee/_r/scripts/run_reports.py:253: FutureWarning: DataFrame.applymap has been deprecated. Use DataFrame.map instead.
  df = df.applymap(lambda x: x.strip() if isinstance(x, str) else x)
/Users/juanbeltran/Developer/Honduras_coffee/_r/scripts/run_reports.py:253: FutureWarning: DataFrame.applymap has been deprecated. Use DataFrame.map instead.
  df = df.applymap(lambda x: x.strip() if isinstance(x, str) else x)
/Users/juanbeltran/Developer/Honduras_coffee/_r/scripts/run_reports.py:253: FutureWarning: DataFrame.applymap has been deprecated. Use DataFrame.map instead.
  df = df.applymap(lambda x: x.strip() if isinstance(x, str) else x)
/Users/juanbeltran/Developer/Honduras_coffee/_r/scripts/run_reports.py:253: FutureWarning: DataFrame.applymap has been deprecated. Use DataFrame.map instead.
  df = df.applymap(lambda x: x.strip() if isinstance(x, str) else x)
/Users/juanbeltran/Developer/Honduras_coffee/_r/scripts/run_reports.py:253: FutureWarning: DataFrame.applymap has been deprecated. Use DataFrame.map instead.
  df = df.applymap(lambda x: x.strip() if isinstance(x, str) else x)
/Users/juanbeltran/Developer/Honduras_coffee/_r/scripts/run_reports.py:253: FutureWarning: DataFrame.applymap has been deprecated. Use DataFrame.map instead.
  df = df.applymap(lambda x: x.strip() if isinstance(x, str) else x)
/Users/juanbeltran/Developer/Honduras_coffee/_r/scripts/run_reports.py:253: FutureWarning: DataFrame.applymap has been deprecated. Use DataFrame.map instead.
  df = df.applymap(lambda x: x.strip() if isinstance(x, str) else x)
/Users/juanbeltran/Developer/Honduras_coffee/_r/scripts/run_reports.py:253: FutureWarning: DataFrame.applymap has been deprecated. Use DataFrame.map instead.
  df = df.applymap(lambda x: x.strip() if isinstance(x, str) else x)
/Users/juanbeltran/Developer/Honduras_coffee/_r/scripts/run_reports.py:253: FutureWarning: DataFrame.applymap has been deprecated. Use DataFrame.map instead.
  df = df.applymap(lambda x: x.strip() if isinstance(x, str) else x)
/Users/juanbeltran/Developer/Honduras_coffee/_r/scripts/run_reports.py:253: FutureWarning: DataFrame.applymap has been deprecated. Use DataFrame.map instead.
  df = df.applymap(lambda x: x.strip() if isinstance(x, str) else x)
/Users/juanbeltran/Developer/Honduras_coffee/_r/scripts/run_reports.py:253: FutureWarning: DataFrame.applymap has been deprecated. Use DataFrame.map instead.
  df = df.applymap(lambda x: x.strip() if isinstance(x, str) else x)
/Users/juanbeltran/Developer/Honduras_coffee/_r/scripts/run_reports.py:253: FutureWarning: DataFrame.applymap has been deprecated. Use DataFrame.map instead.
  df = df.applymap(lambda x: x.strip() if isinstance(x, str) else x)
/Users/juanbeltran/Developer/Honduras_coffee/_r/scripts/run_reports.py:253: FutureWarning: DataFrame.applymap has been deprecated. Use DataFrame.map instead.
  df = df.applymap(lambda x: x.strip() if isinstance(x, str) else x)
/Users/juanbeltran/Developer/Honduras_coffee/_r/scripts/run_reports.py:253: FutureWarning: DataFrame.applymap has been deprecated. Use DataFrame.map instead.
  df = df.applymap(lambda x: x.strip() if isinstance(x, str) else x)
/Users/juanbeltran/Developer/Honduras_coffee/_r/scripts/run_reports.py:253: FutureWarning: DataFrame.applymap has been deprecated. Use DataFrame.map instead.
  df = df.applymap(lambda x: x.strip() if isinstance(x, str) else x)
/Users/juanbeltran/Developer/Honduras_coffee/_r/scripts/run_reports.py:253: FutureWarning: DataFrame.applymap has been deprecated. Use DataFrame.map instead.
  df = df.applymap(lambda x: x.strip() if isinstance(x, str) else x)
/Users/juanbeltran/Developer/Honduras_coffee/_r/scripts/run_reports.py:253: FutureWarning: DataFrame.applymap has been deprecated. Use DataFrame.map instead.
  df = df.applymap(lambda x: x.strip() if isinstance(x, str) else x)
/Users/juanbeltran/Developer/Honduras_coffee/_r/scripts/run_reports.py:253: FutureWarning: DataFrame.applymap has been deprecated. Use DataFrame.map instead.
  df = df.applymap(lambda x: x.strip() if isinstance(x, str) else x)
/Users/juanbeltran/Developer/Honduras_coffee/_r/scripts/run_reports.py:253: FutureWarning: DataFrame.applymap has been deprecated. Use DataFrame.map instead.
  df = df.applymap(lambda x: x.strip() if isinstance(x, str) else x)
/Users/juanbeltran/Developer/Honduras_coffee/_r/scripts/run_reports.py:253: FutureWarning: DataFrame.applymap has been deprecated. Use DataFrame.map instead.
  df = df.applymap(lambda x: x.strip() if isinstance(x, str) else x)
/Users/juanbeltran/Developer/Honduras_coffee/_r/scripts/run_reports.py:253: FutureWarning: DataFrame.applymap has been deprecated. Use DataFrame.map instead.
  df = df.applymap(lambda x: x.strip() if isinstance(x, str) else x)
/Users/juanbeltran/Developer/Honduras_coffee/_r/scripts/run_reports.py:253: FutureWarning: DataFrame.applymap has been deprecated. Use DataFrame.map instead.
  df = df.applymap(lambda x: x.strip() if isinstance(x, str) else x)
/Users/juanbeltran/Developer/Honduras_coffee/_r/scripts/run_reports.py:253: FutureWarning: DataFrame.applymap has been deprecated. Use DataFrame.map instead.
  df = df.applymap(lambda x: x.strip() if isinstance(x, str) else x)
/Users/juanbeltran/Developer/Honduras_coffee/_r/scripts/run_reports.py:253: FutureWarning: DataFrame.applymap has been deprecated. Use DataFrame.map instead.
  df = df.applymap(lambda x: x.strip() if isinstance(x, str) else x)
/Users/juanbeltran/Developer/Honduras_coffee/_r/scripts/run_reports.py:253: FutureWarning: DataFrame.applymap has been deprecated. Use DataFrame.map instead.
  df = df.applymap(lambda x: x.strip() if isinstance(x, str) else x)
/Users/juanbeltran/Developer/Honduras_coffee/_r/scripts/run_reports.py:253: FutureWarning: DataFrame.applymap has been deprecated. Use DataFrame.map instead.
  df = df.applymap(lambda x: x.strip() if isinstance(x, str) else x)
/Users/juanbeltran/Developer/Honduras_coffee/_r/scripts/run_reports.py:253: FutureWarning: DataFrame.applymap has been deprecated. Use DataFrame.map instead.
  df = df.applymap(lambda x: x.strip() if isinstance(x, str) else x)
/Users/juanbeltran/Developer/Honduras_coffee/_r/scripts/run_reports.py:253: FutureWarning: DataFrame.applymap has been deprecated. Use DataFrame.map instead.
  df = df.applymap(lambda x: x.strip() if isinstance(x, str) else x)
/Users/juanbeltran/Developer/Honduras_coffee/_r/scripts/run_reports.py:253: FutureWarning: DataFrame.applymap has been deprecated. Use DataFrame.map instead.
  df = df.applymap(lambda x: x.strip() if isinstance(x, str) else x)
/Users/juanbeltran/Developer/Honduras_coffee/_r/scripts/run_reports.py:253: FutureWarning: DataFrame.applymap has been deprecated. Use DataFrame.map instead.
  df = df.applymap(lambda x: x.strip() if isinstance(x, str) else x)
/Users/juanbeltran/Developer/Honduras_coffee/_r/scripts/run_reports.py:253: FutureWarning: DataFrame.applymap has been deprecated. Use DataFrame.map instead.
  df = df.applymap(lambda x: x.strip() if isinstance(x, str) else x)
/Users/juanbeltran/Developer/Honduras_coffee/_r/scripts/run_reports.py:253: FutureWarning: DataFrame.applymap has been deprecated. Use DataFrame.map instead.
  df = df.applymap(lambda x: x.strip() if isinstance(x, str) else x)
/Users/juanbeltran/Developer/Honduras_coffee/_r/scripts/run_reports.py:253: FutureWarning: DataFrame.applymap has been deprecated. Use DataFrame.map instead.
  df = df.applymap(lambda x: x.strip() if isinstance(x, str) else x)
/Users/juanbeltran/Developer/Honduras_coffee/_r/scripts/run_reports.py:253: FutureWarning: DataFrame.applymap has been deprecated. Use DataFrame.map instead.
  df = df.applymap(lambda x: x.strip() if isinstance(x, str) else x)
/Users/juanbeltran/Developer/Honduras_coffee/_r/scripts/run_reports.py:253: FutureWarning: DataFrame.applymap has been deprecated. Use DataFrame.map instead.
  df = df.applymap(lambda x: x.strip() if isinstance(x, str) else x)
/Users/juanbeltran/Developer/Honduras_coffee/_r/scripts/run_reports.py:253: FutureWarning: DataFrame.applymap has been deprecated. Use DataFrame.map instead.
  df = df.applymap(lambda x: x.strip() if isinstance(x, str) else x)
/Users/juanbeltran/Developer/Honduras_coffee/_r/scripts/run_reports.py:253: FutureWarning: DataFrame.applymap has been deprecated. Use DataFrame.map instead.
  df = df.applymap(lambda x: x.strip() if isinstance(x, str) else x)
/Users/juanbeltran/Developer/Honduras_coffee/_r/scripts/run_reports.py:253: FutureWarning: DataFrame.applymap has been deprecated. Use DataFrame.map instead.
  df = df.applymap(lambda x: x.strip() if isinstance(x, str) else x)
/Users/juanbeltran/Developer/Honduras_coffee/_r/scripts/run_reports.py:253: FutureWarning: DataFrame.applymap has been deprecated. Use DataFrame.map instead.
  df = df.applymap(lambda x: x.strip() if isinstance(x, str) else x)
/Users/juanbeltran/Developer/Honduras_coffee/_r/scripts/run_reports.py:253: FutureWarning: DataFrame.applymap has been deprecated. Use DataFrame.map instead.
  df = df.applymap(lambda x: x.strip() if isinstance(x, str) else x)
/Users/juanbeltran/Developer/Honduras_coffee/_r/scripts/run_reports.py:253: FutureWarning: DataFrame.applymap has been deprecated. Use DataFrame.map instead.
  df = df.applymap(lambda x: x.strip() if isinstance(x, str) else x)
/Users/juanbeltran/Developer/Honduras_coffee/_r/scripts/run_reports.py:253: FutureWarning: DataFrame.applymap has been deprecated. Use DataFrame.map instead.
  df = df.applymap(lambda x: x.strip() if isinstance(x, str) else x)
/Users/juanbeltran/Developer/Honduras_coffee/_r/scripts/run_reports.py:253: FutureWarning: DataFrame.applymap has been deprecated. Use DataFrame.map instead.
  df = df.applymap(lambda x: x.strip() if isinstance(x, str) else x)
/Users/juanbeltran/Developer/Honduras_coffee/_r/scripts/run_reports.py:253: FutureWarning: DataFrame.applymap has been deprecated. Use DataFrame.map instead.
  df = df.applymap(lambda x: x.strip() if isinstance(x, str) else x)
/Users/juanbeltran/Developer/Honduras_coffee/_r/scripts/run_reports.py:253: FutureWarning: DataFrame.applymap has been deprecated. Use DataFrame.map instead.
  df = df.applymap(lambda x: x.strip() if isinstance(x, str) else x)
/Users/juanbeltran/Developer/Honduras_coffee/_r/scripts/run_reports.py:253: FutureWarning: DataFrame.applymap has been deprecated. Use DataFrame.map instead.
  df = df.applymap(lambda x: x.strip() if isinstance(x, str) else x)
/Users/juanbeltran/Developer/Honduras_coffee/_r/scripts/run_reports.py:253: FutureWarning: DataFrame.applymap has been deprecated. Use DataFrame.map instead.
  df = df.applymap(lambda x: x.strip() if isinstance(x, str) else x)
/Users/juanbeltran/Developer/Honduras_coffee/_r/scripts/run_reports.py:253: FutureWarning: DataFrame.applymap has been deprecated. Use DataFrame.map instead.
  df = df.applymap(lambda x: x.strip() if isinstance(x, str) else x)
/Users/juanbeltran/Developer/Honduras_coffee/_r/scripts/run_reports.py:253: FutureWarning: DataFrame.applymap has been deprecated. Use DataFrame.map instead.
  df = df.applymap(lambda x: x.strip() if isinstance(x, str) else x)
/Users/juanbeltran/Developer/Honduras_coffee/_r/scripts/run_reports.py:253: FutureWarning: DataFrame.applymap has been deprecated. Use DataFrame.map instead.
  df = df.applymap(lambda x: x.strip() if isinstance(x, str) else x)
/Users/juanbeltran/Developer/Honduras_coffee/_r/scripts/run_reports.py:253: FutureWarning: DataFrame.applymap has been deprecated. Use DataFrame.map instead.
  df = df.applymap(lambda x: x.strip() if isinstance(x, str) else x)
/Users/juanbeltran/Developer/Honduras_coffee/_r/scripts/run_reports.py:253: FutureWarning: DataFrame.applymap has been deprecated. Use DataFrame.map instead.
  df = df.applymap(lambda x: x.strip() if isinstance(x, str) else x)
/Users/juanbeltran/Developer/Honduras_coffee/_r/scripts/run_reports.py:253: FutureWarning: DataFrame.applymap has been deprecated. Use DataFrame.map instead.
  df = df.applymap(lambda x: x.strip() if isinstance(x, str) else x)
/Users/juanbeltran/Developer/Honduras_coffee/_r/scripts/run_reports.py:253: FutureWarning: DataFrame.applymap has been deprecated. Use DataFrame.map instead.
  df = df.applymap(lambda x: x.strip() if isinstance(x, str) else x)
/Users/juanbeltran/Developer/Honduras_coffee/_r/scripts/run_reports.py:253: FutureWarning: DataFrame.applymap has been deprecated. Use DataFrame.map instead.
  df = df.applymap(lambda x: x.strip() if isinstance(x, str) else x)
/Users/juanbeltran/Developer/Honduras_coffee/_r/scripts/run_reports.py:253: FutureWarning: DataFrame.applymap has been deprecated. Use DataFrame.map instead.
  df = df.applymap(lambda x: x.strip() if isinstance(x, str) else x)
/Users/juanbeltran/Developer/Honduras_coffee/_r/scripts/run_reports.py:253: FutureWarning: DataFrame.applymap has been deprecated. Use DataFrame.map instead.
  df = df.applymap(lambda x: x.strip() if isinstance(x, str) else x)
/Users/juanbeltran/Developer/Honduras_coffee/_r/scripts/run_reports.py:253: FutureWarning: DataFrame.applymap has been deprecated. Use DataFrame.map instead.
  df = df.applymap(lambda x: x.strip() if isinstance(x, str) else x)
/Users/juanbeltran/Developer/Honduras_coffee/_r/scripts/run_reports.py:253: FutureWarning: DataFrame.applymap has been deprecated. Use DataFrame.map instead.
  df = df.applymap(lambda x: x.strip() if isinstance(x, str) else x)
/Users/juanbeltran/Developer/Honduras_coffee/_r/scripts/run_reports.py:253: FutureWarning: DataFrame.applymap has been deprecated. Use DataFrame.map instead.
  df = df.applymap(lambda x: x.strip() if isinstance(x, str) else x)
/Users/juanbeltran/Developer/Honduras_coffee/_r/scripts/run_reports.py:253: FutureWarning: DataFrame.applymap has been deprecated. Use DataFrame.map instead.
  df = df.applymap(lambda x: x.strip() if isinstance(x, str) else x)
/Users/juanbeltran/Developer/Honduras_coffee/_r/scripts/run_reports.py:253: FutureWarning: DataFrame.applymap has been deprecated. Use DataFrame.map instead.
  df = df.applymap(lambda x: x.strip() if isinstance(x, str) else x)
/Users/juanbeltran/Developer/Honduras_coffee/_r/scripts/run_reports.py:253: FutureWarning: DataFrame.applymap has been deprecated. Use DataFrame.map instead.
  df = df.applymap(lambda x: x.strip() if isinstance(x, str) else x)
/Users/juanbeltran/Developer/Honduras_coffee/_r/scripts/run_reports.py:253: FutureWarning: DataFrame.applymap has been deprecated. Use DataFrame.map instead.
  df = df.applymap(lambda x: x.strip() if isinstance(x, str) else x)
/Users/juanbeltran/Developer/Honduras_coffee/_r/scripts/run_reports.py:253: FutureWarning: DataFrame.applymap has been deprecated. Use DataFrame.map instead.
  df = df.applymap(lambda x: x.strip() if isinstance(x, str) else x)
/Users/juanbeltran/Developer/Honduras_coffee/_r/scripts/run_reports.py:253: FutureWarning: DataFrame.applymap has been deprecated. Use DataFrame.map instead.
  df = df.applymap(lambda x: x.strip() if isinstance(x, str) else x)
/Users/juanbeltran/Developer/Honduras_coffee/_r/scripts/run_reports.py:253: FutureWarning: DataFrame.applymap has been deprecated. Use DataFrame.map instead.
  df = df.applymap(lambda x: x.strip() if isinstance(x, str) else x)
/Users/juanbeltran/Developer/Honduras_coffee/_r/scripts/run_reports.py:253: FutureWarning: DataFrame.applymap has been deprecated. Use DataFrame.map instead.
  df = df.applymap(lambda x: x.strip() if isinstance(x, str) else x)
/Users/juanbeltran/Developer/Honduras_coffee/_r/scripts/run_reports.py:253: FutureWarning: DataFrame.applymap has been deprecated. Use DataFrame.map instead.
  df = df.applymap(lambda x: x.strip() if isinstance(x, str) else x)
/Users/juanbeltran/Developer/Honduras_coffee/_r/scripts/run_reports.py:253: FutureWarning: DataFrame.applymap has been deprecated. Use DataFrame.map instead.
  df = df.applymap(lambda x: x.strip() if isinstance(x, str) else x)
/Users/juanbeltran/Developer/Honduras_coffee/_r/scripts/run_reports.py:253: FutureWarning: DataFrame.applymap has been deprecated. Use DataFrame.map instead.
  df = df.applymap(lambda x: x.strip() if isinstance(x, str) else x)
/Users/juanbeltran/Developer/Honduras_coffee/_r/scripts/run_reports.py:253: FutureWarning: DataFrame.applymap has been deprecated. Use DataFrame.map instead.
  df = df.applymap(lambda x: x.strip() if isinstance(x, str) else x)
/Users/juanbeltran/Developer/Honduras_coffee/_r/scripts/run_reports.py:253: FutureWarning: DataFrame.applymap has been deprecated. Use DataFrame.map instead.
  df = df.applymap(lambda x: x.strip() if isinstance(x, str) else x)
/Users/juanbeltran/Developer/Honduras_coffee/_r/scripts/run_reports.py:253: FutureWarning: DataFrame.applymap has been deprecated. Use DataFrame.map instead.
  df = df.applymap(lambda x: x.strip() if isinstance(x, str) else x)
/Users/juanbeltran/Developer/Honduras_coffee/_r/scripts/run_reports.py:253: FutureWarning: DataFrame.applymap has been deprecated. Use DataFrame.map instead.
  df = df.applymap(lambda x: x.strip() if isinstance(x, str) else x)
/Users/juanbeltran/Developer/Honduras_coffee/_r/scripts/run_reports.py:253: FutureWarning: DataFrame.applymap has been deprecated. Use DataFrame.map instead.
  df = df.applymap(lambda x: x.strip() if isinstance(x, str) else x)
/Users/juanbeltran/Developer/Honduras_coffee/_r/scripts/run_reports.py:253: FutureWarning: DataFrame.applymap has been deprecated. Use DataFrame.map instead.
  df = df.applymap(lambda x: x.strip() if isinstance(x, str) else x)
/Users/juanbeltran/Developer/Honduras_coffee/_r/scripts/run_reports.py:253: FutureWarning: DataFrame.applymap has been deprecated. Use DataFrame.map instead.
  df = df.applymap(lambda x: x.strip() if isinstance(x, str) else x)
/Users/juanbeltran/Developer/Honduras_coffee/_r/scripts/run_reports.py:253: FutureWarning: DataFrame.applymap has been deprecated. Use DataFrame.map instead.
  df = df.applymap(lambda x: x.strip() if isinstance(x, str) else x)
/Users/juanbeltran/Developer/Honduras_coffee/_r/scripts/run_reports.py:253: FutureWarning: DataFrame.applymap has been deprecated. Use DataFrame.map instead.
  df = df.applymap(lambda x: x.strip() if isinstance(x, str) else x)
/Users/juanbeltran/Developer/Honduras_coffee/_r/scripts/run_reports.py:253: FutureWarning: DataFrame.applymap has been deprecated. Use DataFrame.map instead.
  df = df.applymap(lambda x: x.strip() if isinstance(x, str) else x)
/Users/juanbeltran/Developer/Honduras_coffee/_r/scripts/run_reports.py:253: FutureWarning: DataFrame.applymap has been deprecated. Use DataFrame.map instead.
  df = df.applymap(lambda x: x.strip() if isinstance(x, str) else x)
/Users/juanbeltran/Developer/Honduras_coffee/_r/scripts/run_reports.py:253: FutureWarning: DataFrame.applymap has been deprecated. Use DataFrame.map instead.
  df = df.applymap(lambda x: x.strip() if isinstance(x, str) else x)
/Users/juanbeltran/Developer/Honduras_coffee/_r/scripts/run_reports.py:253: FutureWarning: DataFrame.applymap has been deprecated. Use DataFrame.map instead.
  df = df.applymap(lambda x: x.strip() if isinstance(x, str) else x)
/Users/juanbeltran/Developer/Honduras_coffee/_r/scripts/run_reports.py:253: FutureWarning: DataFrame.applymap has been deprecated. Use DataFrame.map instead.
  df = df.applymap(lambda x: x.strip() if isinstance(x, str) else x)
/Users/juanbeltran/Developer/Honduras_coffee/_r/scripts/run_reports.py:253: FutureWarning: DataFrame.applymap has been deprecated. Use DataFrame.map instead.
  df = df.applymap(lambda x: x.strip() if isinstance(x, str) else x)
/Users/juanbeltran/Developer/Honduras_coffee/_r/scripts/run_reports.py:253: FutureWarning: DataFrame.applymap has been deprecated. Use DataFrame.map instead.
  df = df.applymap(lambda x: x.strip() if isinstance(x, str) else x)
/Users/juanbeltran/Developer/Honduras_coffee/_r/scripts/run_reports.py:253: FutureWarning: DataFrame.applymap has been deprecated. Use DataFrame.map instead.
  df = df.applymap(lambda x: x.strip() if isinstance(x, str) else x)
/Users/juanbeltran/Developer/Honduras_coffee/_r/scripts/run_reports.py:253: FutureWarning: DataFrame.applymap has been deprecated. Use DataFrame.map instead.
  df = df.applymap(lambda x: x.strip() if isinstance(x, str) else x)
/Users/juanbeltran/Developer/Honduras_coffee/_r/scripts/run_reports.py:253: FutureWarning: DataFrame.applymap has been deprecated. Use DataFrame.map instead.
  df = df.applymap(lambda x: x.strip() if isinstance(x, str) else x)
/Users/juanbeltran/Developer/Honduras_coffee/_r/scripts/run_reports.py:253: FutureWarning: DataFrame.applymap has been deprecated. Use DataFrame.map instead.
  df = df.applymap(lambda x: x.strip() if isinstance(x, str) else x)
/Users/juanbeltran/Developer/Honduras_coffee/_r/scripts/run_reports.py:253: FutureWarning: DataFrame.applymap has been deprecated. Use DataFrame.map instead.
  df = df.applymap(lambda x: x.strip() if isinstance(x, str) else x)
/Users/juanbeltran/Developer/Honduras_coffee/_r/scripts/run_reports.py:253: FutureWarning: DataFrame.applymap has been deprecated. Use DataFrame.map instead.
  df = df.applymap(lambda x: x.strip() if isinstance(x, str) else x)
/Users/juanbeltran/Developer/Honduras_coffee/_r/scripts/run_reports.py:253: FutureWarning: DataFrame.applymap has been deprecated. Use DataFrame.map instead.
  df = df.applymap(lambda x: x.strip() if isinstance(x, str) else x)
/Users/juanbeltran/Developer/Honduras_coffee/_r/scripts/run_reports.py:253: FutureWarning: DataFrame.applymap has been deprecated. Use DataFrame.map instead.
  df = df.applymap(lambda x: x.strip() if isinstance(x, str) else x)
/Users/juanbeltran/Developer/Honduras_coffee/_r/scripts/run_reports.py:253: FutureWarning: DataFrame.applymap has been deprecated. Use DataFrame.map instead.
  df = df.applymap(lambda x: x.strip() if isinstance(x, str) else x)
/Users/juanbeltran/Developer/Honduras_coffee/_r/scripts/run_reports.py:253: FutureWarning: DataFrame.applymap has been deprecated. Use DataFrame.map instead.
  df = df.applymap(lambda x: x.strip() if isinstance(x, str) else x)
/Users/juanbeltran/Developer/Honduras_coffee/_r/scripts/run_reports.py:253: FutureWarning: DataFrame.applymap has been deprecated. Use DataFrame.map instead.
  df = df.applymap(lambda x: x.strip() if isinstance(x, str) else x)
/Users/juanbeltran/Developer/Honduras_coffee/_r/scripts/run_reports.py:253: FutureWarning: DataFrame.applymap has been deprecated. Use DataFrame.map instead.
  df = df.applymap(lambda x: x.strip() if isinstance(x, str) else x)
/Users/juanbeltran/Developer/Honduras_coffee/_r/scripts/run_reports.py:253: FutureWarning: DataFrame.applymap has been deprecated. Use DataFrame.map instead.
  df = df.applymap(lambda x: x.strip() if isinstance(x, str) else x)
/Users/juanbeltran/Developer/Honduras_coffee/_r/scripts/run_reports.py:253: FutureWarning: DataFrame.applymap has been deprecated. Use DataFrame.map instead.
  df = df.applymap(lambda x: x.strip() if isinstance(x, str) else x)
/Users/juanbeltran/Developer/Honduras_coffee/_r/scripts/run_reports.py:253: FutureWarning: DataFrame.applymap has been deprecated. Use DataFrame.map instead.
  df = df.applymap(lambda x: x.strip() if isinstance(x, str) else x)
/Users/juanbeltran/Developer/Honduras_coffee/_r/scripts/run_reports.py:253: FutureWarning: DataFrame.applymap has been deprecated. Use DataFrame.map instead.
  df = df.applymap(lambda x: x.strip() if isinstance(x, str) else x)
/Users/juanbeltran/Developer/Honduras_coffee/_r/scripts/run_reports.py:253: FutureWarning: DataFrame.applymap has been deprecated. Use DataFrame.map instead.
  df = df.applymap(lambda x: x.strip() if isinstance(x, str) else x)
/Users/juanbeltran/Developer/Honduras_coffee/_r/scripts/run_reports.py:253: FutureWarning: DataFrame.applymap has been deprecated. Use DataFrame.map instead.
  df = df.applymap(lambda x: x.strip() if isinstance(x, str) else x)
/Users/juanbeltran/Developer/Honduras_coffee/_r/scripts/run_reports.py:253: FutureWarning: DataFrame.applymap has been deprecated. Use DataFrame.map instead.
  df = df.applymap(lambda x: x.strip() if isinstance(x, str) else x)
/Users/juanbeltran/Developer/Honduras_coffee/_r/scripts/run_reports.py:253: FutureWarning: DataFrame.applymap has been deprecated. Use DataFrame.map instead.
  df = df.applymap(lambda x: x.strip() if isinstance(x, str) else x)
/Users/juanbeltran/Developer/Honduras_coffee/_r/scripts/run_reports.py:253: FutureWarning: DataFrame.applymap has been deprecated. Use DataFrame.map instead.
  df = df.applymap(lambda x: x.strip() if isinstance(x, str) else x)
/Users/juanbeltran/Developer/Honduras_coffee/_r/scripts/run_reports.py:253: FutureWarning: DataFrame.applymap has been deprecated. Use DataFrame.map instead.
  df = df.applymap(lambda x: x.strip() if isinstance(x, str) else x)
/Users/juanbeltran/Developer/Honduras_coffee/_r/scripts/run_reports.py:253: FutureWarning: DataFrame.applymap has been deprecated. Use DataFrame.map instead.
  df = df.applymap(lambda x: x.strip() if isinstance(x, str) else x)
/Users/juanbeltran/Developer/Honduras_coffee/_r/scripts/run_reports.py:253: FutureWarning: DataFrame.applymap has been deprecated. Use DataFrame.map instead.
  df = df.applymap(lambda x: x.strip() if isinstance(x, str) else x)
/Users/juanbeltran/Developer/Honduras_coffee/_r/scripts/run_reports.py:253: FutureWarning: DataFrame.applymap has been deprecated. Use DataFrame.map instead.
  df = df.applymap(lambda x: x.strip() if isinstance(x, str) else x)
/Users/juanbeltran/Developer/Honduras_coffee/_r/scripts/run_reports.py:253: FutureWarning: DataFrame.applymap has been deprecated. Use DataFrame.map instead.
  df = df.applymap(lambda x: x.strip() if isinstance(x, str) else x)
/Users/juanbeltran/Developer/Honduras_coffee/_r/scripts/run_reports.py:253: FutureWarning: DataFrame.applymap has been deprecated. Use DataFrame.map instead.
  df = df.applymap(lambda x: x.strip() if isinstance(x, str) else x)
/Users/juanbeltran/Developer/Honduras_coffee/_r/scripts/run_reports.py:253: FutureWarning: DataFrame.applymap has been deprecated. Use DataFrame.map instead.
  df = df.applymap(lambda x: x.strip() if isinstance(x, str) else x)
/Users/juanbeltran/Developer/Honduras_coffee/_r/scripts/run_reports.py:253: FutureWarning: DataFrame.applymap has been deprecated. Use DataFrame.map instead.
  df = df.applymap(lambda x: x.strip() if isinstance(x, str) else x)
/Users/juanbeltran/Developer/Honduras_coffee/_r/scripts/run_reports.py:253: FutureWarning: DataFrame.applymap has been deprecated. Use DataFrame.map instead.
  df = df.applymap(lambda x: x.strip() if isinstance(x, str) else x)
/Users/juanbeltran/Developer/Honduras_coffee/_r/scripts/run_reports.py:253: FutureWarning: DataFrame.applymap has been deprecated. Use DataFrame.map instead.
  df = df.applymap(lambda x: x.strip() if isinstance(x, str) else x)
/Users/juanbeltran/Developer/Honduras_coffee/_r/scripts/run_reports.py:253: FutureWarning: DataFrame.applymap has been deprecated. Use DataFrame.map instead.
  df = df.applymap(lambda x: x.strip() if isinstance(x, str) else x)
/Users/juanbeltran/Developer/Honduras_coffee/_r/scripts/run_reports.py:253: FutureWarning: DataFrame.applymap has been deprecated. Use DataFrame.map instead.
  df = df.applymap(lambda x: x.strip() if isinstance(x, str) else x)
/Users/juanbeltran/Developer/Honduras_coffee/_r/scripts/run_reports.py:253: FutureWarning: DataFrame.applymap has been deprecated. Use DataFrame.map instead.
  df = df.applymap(lambda x: x.strip() if isinstance(x, str) else x)
/Users/juanbeltran/Developer/Honduras_coffee/_r/scripts/run_reports.py:253: FutureWarning: DataFrame.applymap has been deprecated. Use DataFrame.map instead.
  df = df.applymap(lambda x: x.strip() if isinstance(x, str) else x)
/Users/juanbeltran/Developer/Honduras_coffee/_r/scripts/run_reports.py:253: FutureWarning: DataFrame.applymap has been deprecated. Use DataFrame.map instead.
  df = df.applymap(lambda x: x.strip() if isinstance(x, str) else x)
/Users/juanbeltran/Developer/Honduras_coffee/_r/scripts/run_reports.py:253: FutureWarning: DataFrame.applymap has been deprecated. Use DataFrame.map instead.
  df = df.applymap(lambda x: x.strip() if isinstance(x, str) else x)
/Users/juanbeltran/Developer/Honduras_coffee/_r/scripts/run_reports.py:253: FutureWarning: DataFrame.applymap has been deprecated. Use DataFrame.map instead.
  df = df.applymap(lambda x: x.strip() if isinstance(x, str) else x)
/Users/juanbeltran/Developer/Honduras_coffee/_r/scripts/run_reports.py:253: FutureWarning: DataFrame.applymap has been deprecated. Use DataFrame.map instead.
  df = df.applymap(lambda x: x.strip() if isinstance(x, str) else x)
/Users/juanbeltran/Developer/Honduras_coffee/_r/scripts/run_reports.py:253: FutureWarning: DataFrame.applymap has been deprecated. Use DataFrame.map instead.
  df = df.applymap(lambda x: x.strip() if isinstance(x, str) else x)
/Users/juanbeltran/Developer/Honduras_coffee/_r/scripts/run_reports.py:253: FutureWarning: DataFrame.applymap has been deprecated. Use DataFrame.map instead.
  df = df.applymap(lambda x: x.strip() if isinstance(x, str) else x)
/Users/juanbeltran/Developer/Honduras_coffee/_r/scripts/run_reports.py:253: FutureWarning: DataFrame.applymap has been deprecated. Use DataFrame.map instead.
  df = df.applymap(lambda x: x.strip() if isinstance(x, str) else x)
/Users/juanbeltran/Developer/Honduras_coffee/_r/scripts/run_reports.py:253: FutureWarning: DataFrame.applymap has been deprecated. Use DataFrame.map instead.
  df = df.applymap(lambda x: x.strip() if isinstance(x, str) else x)
/Users/juanbeltran/Developer/Honduras_coffee/_r/scripts/run_reports.py:253: FutureWarning: DataFrame.applymap has been deprecated. Use DataFrame.map instead.
  df = df.applymap(lambda x: x.strip() if isinstance(x, str) else x)
/Users/juanbeltran/Developer/Honduras_coffee/_r/scripts/run_reports.py:253: FutureWarning: DataFrame.applymap has been deprecated. Use DataFrame.map instead.
  df = df.applymap(lambda x: x.strip() if isinstance(x, str) else x)
/Users/juanbeltran/Developer/Honduras_coffee/_r/scripts/run_reports.py:253: FutureWarning: DataFrame.applymap has been deprecated. Use DataFrame.map instead.
  df = df.applymap(lambda x: x.strip() if isinstance(x, str) else x)
/Users/juanbeltran/Developer/Honduras_coffee/_r/scripts/run_reports.py:253: FutureWarning: DataFrame.applymap has been deprecated. Use DataFrame.map instead.
  df = df.applymap(lambda x: x.strip() if isinstance(x, str) else x)
/Users/juanbeltran/Developer/Honduras_coffee/_r/scripts/run_reports.py:253: FutureWarning: DataFrame.applymap has been deprecated. Use DataFrame.map instead.
  df = df.applymap(lambda x: x.strip() if isinstance(x, str) else x)
/Users/juanbeltran/Developer/Honduras_coffee/_r/scripts/run_reports.py:253: FutureWarning: DataFrame.applymap has been deprecated. Use DataFrame.map instead.
  df = df.applymap(lambda x: x.strip() if isinstance(x, str) else x)
/Users/juanbeltran/Developer/Honduras_coffee/_r/scripts/run_reports.py:253: FutureWarning: DataFrame.applymap has been deprecated. Use DataFrame.map instead.
  df = df.applymap(lambda x: x.strip() if isinstance(x, str) else x)
/Users/juanbeltran/Developer/Honduras_coffee/_r/scripts/run_reports.py:253: FutureWarning: DataFrame.applymap has been deprecated. Use DataFrame.map instead.
  df = df.applymap(lambda x: x.strip() if isinstance(x, str) else x)
/Users/juanbeltran/Developer/Honduras_coffee/_r/scripts/run_reports.py:253: FutureWarning: DataFrame.applymap has been deprecated. Use DataFrame.map instead.
  df = df.applymap(lambda x: x.strip() if isinstance(x, str) else x)
/Users/juanbeltran/Developer/Honduras_coffee/_r/scripts/run_reports.py:253: FutureWarning: DataFrame.applymap has been deprecated. Use DataFrame.map instead.
  df = df.applymap(lambda x: x.strip() if isinstance(x, str) else x)
/Users/juanbeltran/Developer/Honduras_coffee/_r/scripts/run_reports.py:253: FutureWarning: DataFrame.applymap has been deprecated. Use DataFrame.map instead.
  df = df.applymap(lambda x: x.strip() if isinstance(x, str) else x)
/Users/juanbeltran/Developer/Honduras_coffee/_r/scripts/run_reports.py:253: FutureWarning: DataFrame.applymap has been deprecated. Use DataFrame.map instead.
  df = df.applymap(lambda x: x.strip() if isinstance(x, str) else x)
/Users/juanbeltran/Developer/Honduras_coffee/_r/scripts/run_reports.py:253: FutureWarning: DataFrame.applymap has been deprecated. Use DataFrame.map instead.
  df = df.applymap(lambda x: x.strip() if isinstance(x, str) else x)
/Users/juanbeltran/Developer/Honduras_coffee/_r/scripts/run_reports.py:253: FutureWarning: DataFrame.applymap has been deprecated. Use DataFrame.map instead.
  df = df.applymap(lambda x: x.strip() if isinstance(x, str) else x)
/Users/juanbeltran/Developer/Honduras_coffee/_r/scripts/run_reports.py:253: FutureWarning: DataFrame.applymap has been deprecated. Use DataFrame.map instead.
  df = df.applymap(lambda x: x.strip() if isinstance(x, str) else x)
/Users/juanbeltran/Developer/Honduras_coffee/_r/scripts/run_reports.py:253: FutureWarning: DataFrame.applymap has been deprecated. Use DataFrame.map instead.
  df = df.applymap(lambda x: x.strip() if isinstance(x, str) else x)
/Users/juanbeltran/Developer/Honduras_coffee/_r/scripts/run_reports.py:253: FutureWarning: DataFrame.applymap has been deprecated. Use DataFrame.map instead.
  df = df.applymap(lambda x: x.strip() if isinstance(x, str) else x)
/Users/juanbeltran/Developer/Honduras_coffee/_r/scripts/run_reports.py:253: FutureWarning: DataFrame.applymap has been deprecated. Use DataFrame.map instead.
  df = df.applymap(lambda x: x.strip() if isinstance(x, str) else x)
/Users/juanbeltran/Developer/Honduras_coffee/_r/scripts/run_reports.py:253: FutureWarning: DataFrame.applymap has been deprecated. Use DataFrame.map instead.
  df = df.applymap(lambda x: x.strip() if isinstance(x, str) else x)
/Users/juanbeltran/Developer/Honduras_coffee/_r/scripts/run_reports.py:253: FutureWarning: DataFrame.applymap has been deprecated. Use DataFrame.map instead.
  df = df.applymap(lambda x: x.strip() if isinstance(x, str) else x)
/Users/juanbeltran/Developer/Honduras_coffee/_r/scripts/run_reports.py:253: FutureWarning: DataFrame.applymap has been deprecated. Use DataFrame.map instead.
  df = df.applymap(lambda x: x.strip() if isinstance(x, str) else x)
/Users/juanbeltran/Developer/Honduras_coffee/_r/scripts/run_reports.py:253: FutureWarning: DataFrame.applymap has been deprecated. Use DataFrame.map instead.
  df = df.applymap(lambda x: x.strip() if isinstance(x, str) else x)
/Users/juanbeltran/Developer/Honduras_coffee/_r/scripts/run_reports.py:253: FutureWarning: DataFrame.applymap has been deprecated. Use DataFrame.map instead.
  df = df.applymap(lambda x: x.strip() if isinstance(x, str) else x)
/Users/juanbeltran/Developer/Honduras_coffee/_r/scripts/run_reports.py:253: FutureWarning: DataFrame.applymap has been deprecated. Use DataFrame.map instead.
  df = df.applymap(lambda x: x.strip() if isinstance(x, str) else x)
/Users/juanbeltran/Developer/Honduras_coffee/_r/scripts/run_reports.py:253: FutureWarning: DataFrame.applymap has been deprecated. Use DataFrame.map instead.
  df = df.applymap(lambda x: x.strip() if isinstance(x, str) else x)
/Users/juanbeltran/Developer/Honduras_coffee/_r/scripts/run_reports.py:253: FutureWarning: DataFrame.applymap has been deprecated. Use DataFrame.map instead.
  df = df.applymap(lambda x: x.strip() if isinstance(x, str) else x)
/Users/juanbeltran/Developer/Honduras_coffee/_r/scripts/run_reports.py:253: FutureWarning: DataFrame.applymap has been deprecated. Use DataFrame.map instead.
  df = df.applymap(lambda x: x.strip() if isinstance(x, str) else x)
/Users/juanbeltran/Developer/Honduras_coffee/_r/scripts/run_reports.py:253: FutureWarning: DataFrame.applymap has been deprecated. Use DataFrame.map instead.
  df = df.applymap(lambda x: x.strip() if isinstance(x, str) else x)
/Users/juanbeltran/Developer/Honduras_coffee/_r/scripts/run_reports.py:253: FutureWarning: DataFrame.applymap has been deprecated. Use DataFrame.map instead.
  df = df.applymap(lambda x: x.strip() if isinstance(x, str) else x)
/Users/juanbeltran/Developer/Honduras_coffee/_r/scripts/run_reports.py:253: FutureWarning: DataFrame.applymap has been deprecated. Use DataFrame.map instead.
  df = df.applymap(lambda x: x.strip() if isinstance(x, str) else x)
/Users/juanbeltran/Developer/Honduras_coffee/_r/scripts/run_reports.py:253: FutureWarning: DataFrame.applymap has been deprecated. Use DataFrame.map instead.
  df = df.applymap(lambda x: x.strip() if isinstance(x, str) else x)
/Users/juanbeltran/Developer/Honduras_coffee/_r/scripts/run_reports.py:253: FutureWarning: DataFrame.applymap has been deprecated. Use DataFrame.map instead.
  df = df.applymap(lambda x: x.strip() if isinstance(x, str) else x)
/Users/juanbeltran/Developer/Honduras_coffee/_r/scripts/run_reports.py:253: FutureWarning: DataFrame.applymap has been deprecated. Use DataFrame.map instead.
  df = df.applymap(lambda x: x.strip() if isinstance(x, str) else x)
/Users/juanbeltran/Developer/Honduras_coffee/_r/scripts/run_reports.py:253: FutureWarning: DataFrame.applymap has been deprecated. Use DataFrame.map instead.
  df = df.applymap(lambda x: x.strip() if isinstance(x, str) else x)
/Users/juanbeltran/Developer/Honduras_coffee/_r/scripts/run_reports.py:253: FutureWarning: DataFrame.applymap has been deprecated. Use DataFrame.map instead.
  df = df.applymap(lambda x: x.strip() if isinstance(x, str) else x)
/Users/juanbeltran/Developer/Honduras_coffee/_r/scripts/run_reports.py:253: FutureWarning: DataFrame.applymap has been deprecated. Use DataFrame.map instead.
  df = df.applymap(lambda x: x.strip() if isinstance(x, str) else x)
/Users/juanbeltran/Developer/Honduras_coffee/_r/scripts/run_reports.py:253: FutureWarning: DataFrame.applymap has been deprecated. Use DataFrame.map instead.
  df = df.applymap(lambda x: x.strip() if isinstance(x, str) else x)
/Users/juanbeltran/Developer/Honduras_coffee/_r/scripts/run_reports.py:253: FutureWarning: DataFrame.applymap has been deprecated. Use DataFrame.map instead.
  df = df.applymap(lambda x: x.strip() if isinstance(x, str) else x)
/Users/juanbeltran/Developer/Honduras_coffee/_r/scripts/run_reports.py:253: FutureWarning: DataFrame.applymap has been deprecated. Use DataFrame.map instead.
  df = df.applymap(lambda x: x.strip() if isinstance(x, str) else x)
/Users/juanbeltran/Developer/Honduras_coffee/_r/scripts/run_reports.py:253: FutureWarning: DataFrame.applymap has been deprecated. Use DataFrame.map instead.
  df = df.applymap(lambda x: x.strip() if isinstance(x, str) else x)
/Users/juanbeltran/Developer/Honduras_coffee/_r/scripts/run_reports.py:253: FutureWarning: DataFrame.applymap has been deprecated. Use DataFrame.map instead.
  df = df.applymap(lambda x: x.strip() if isinstance(x, str) else x)
/Users/juanbeltran/Developer/Honduras_coffee/_r/scripts/run_reports.py:253: FutureWarning: DataFrame.applymap has been deprecated. Use DataFrame.map instead.
  df = df.applymap(lambda x: x.strip() if isinstance(x, str) else x)
/Users/juanbeltran/Developer/Honduras_coffee/_r/scripts/run_reports.py:253: FutureWarning: DataFrame.applymap has been deprecated. Use DataFrame.map instead.
  df = df.applymap(lambda x: x.strip() if isinstance(x, str) else x)
/Users/juanbeltran/Developer/Honduras_coffee/_r/scripts/run_reports.py:253: FutureWarning: DataFrame.applymap has been deprecated. Use DataFrame.map instead.
  df = df.applymap(lambda x: x.strip() if isinstance(x, str) else x)
/Users/juanbeltran/Developer/Honduras_coffee/_r/scripts/run_reports.py:253: FutureWarning: DataFrame.applymap has been deprecated. Use DataFrame.map instead.
  df = df.applymap(lambda x: x.strip() if isinstance(x, str) else x)
/Users/juanbeltran/Developer/Honduras_coffee/_r/scripts/run_reports.py:253: FutureWarning: DataFrame.applymap has been deprecated. Use DataFrame.map instead.
  df = df.applymap(lambda x: x.strip() if isinstance(x, str) else x)
/Users/juanbeltran/Developer/Honduras_coffee/_r/scripts/run_reports.py:253: FutureWarning: DataFrame.applymap has been deprecated. Use DataFrame.map instead.
  df = df.applymap(lambda x: x.strip() if isinstance(x, str) else x)
/Users/juanbeltran/Developer/Honduras_coffee/_r/scripts/run_reports.py:253: FutureWarning: DataFrame.applymap has been deprecated. Use DataFrame.map instead.
  df = df.applymap(lambda x: x.strip() if isinstance(x, str) else x)
/Users/juanbeltran/Developer/Honduras_coffee/_r/scripts/run_reports.py:253: FutureWarning: DataFrame.applymap has been deprecated. Use DataFrame.map instead.
  df = df.applymap(lambda x: x.strip() if isinstance(x, str) else x)
/Users/juanbeltran/Developer/Honduras_coffee/_r/scripts/run_reports.py:253: FutureWarning: DataFrame.applymap has been deprecated. Use DataFrame.map instead.
  df = df.applymap(lambda x: x.strip() if isinstance(x, str) else x)
/Users/juanbeltran/Developer/Honduras_coffee/_r/scripts/run_reports.py:253: FutureWarning: DataFrame.applymap has been deprecated. Use DataFrame.map instead.
  df = df.applymap(lambda x: x.strip() if isinstance(x, str) else x)
/Users/juanbeltran/Developer/Honduras_coffee/_r/scripts/run_reports.py:253: FutureWarning: DataFrame.applymap has been deprecated. Use DataFrame.map instead.
  df = df.applymap(lambda x: x.strip() if isinstance(x, str) else x)
/Users/juanbeltran/Developer/Honduras_coffee/_r/scripts/run_reports.py:253: FutureWarning: DataFrame.applymap has been deprecated. Use DataFrame.map instead.
  df = df.applymap(lambda x: x.strip() if isinstance(x, str) else x)
/Users/juanbeltran/Developer/Honduras_coffee/_r/scripts/run_reports.py:253: FutureWarning: DataFrame.applymap has been deprecated. Use DataFrame.map instead.
  df = df.applymap(lambda x: x.strip() if isinstance(x, str) else x)
/Users/juanbeltran/Developer/Honduras_coffee/_r/scripts/run_reports.py:253: FutureWarning: DataFrame.applymap has been deprecated. Use DataFrame.map instead.
  df = df.applymap(lambda x: x.strip() if isinstance(x, str) else x)
/Users/juanbeltran/Developer/Honduras_coffee/_r/scripts/run_reports.py:253: FutureWarning: DataFrame.applymap has been deprecated. Use DataFrame.map instead.
  df = df.applymap(lambda x: x.strip() if isinstance(x, str) else x)
/Users/juanbeltran/Developer/Honduras_coffee/_r/scripts/run_reports.py:253: FutureWarning: DataFrame.applymap has been deprecated. Use DataFrame.map instead.
  df = df.applymap(lambda x: x.strip() if isinstance(x, str) else x)
/Users/juanbeltran/Developer/Honduras_coffee/_r/scripts/run_reports.py:253: FutureWarning: DataFrame.applymap has been deprecated. Use DataFrame.map instead.
  df = df.applymap(lambda x: x.strip() if isinstance(x, str) else x)
/Users/juanbeltran/Developer/Honduras_coffee/_r/scripts/run_reports.py:253: FutureWarning: DataFrame.applymap has been deprecated. Use DataFrame.map instead.
  df = df.applymap(lambda x: x.strip() if isinstance(x, str) else x)
/Users/juanbeltran/Developer/Honduras_coffee/_r/scripts/run_reports.py:253: FutureWarning: DataFrame.applymap has been deprecated. Use DataFrame.map instead.
  df = df.applymap(lambda x: x.strip() if isinstance(x, str) else x)
/Users/juanbeltran/Developer/Honduras_coffee/_r/scripts/run_reports.py:253: FutureWarning: DataFrame.applymap has been deprecated. Use DataFrame.map instead.
  df = df.applymap(lambda x: x.strip() if isinstance(x, str) else x)
/Users/juanbeltran/Developer/Honduras_coffee/_r/scripts/run_reports.py:253: FutureWarning: DataFrame.applymap has been deprecated. Use DataFrame.map instead.
  df = df.applymap(lambda x: x.strip() if isinstance(x, str) else x)
/Users/juanbeltran/Developer/Honduras_coffee/_r/scripts/run_reports.py:253: FutureWarning: DataFrame.applymap has been deprecated. Use DataFrame.map instead.
  df = df.applymap(lambda x: x.strip() if isinstance(x, str) else x)
/Users/juanbeltran/Developer/Honduras_coffee/_r/scripts/run_reports.py:253: FutureWarning: DataFrame.applymap has been deprecated. Use DataFrame.map instead.
  df = df.applymap(lambda x: x.strip() if isinstance(x, str) else x)
/Users/juanbeltran/Developer/Honduras_coffee/_r/scripts/run_reports.py:253: FutureWarning: DataFrame.applymap has been deprecated. Use DataFrame.map instead.
  df = df.applymap(lambda x: x.strip() if isinstance(x, str) else x)
/Users/juanbeltran/Developer/Honduras_coffee/_r/scripts/run_reports.py:253: FutureWarning: DataFrame.applymap has been deprecated. Use DataFrame.map instead.
  df = df.applymap(lambda x: x.strip() if isinstance(x, str) else x)
/Users/juanbeltran/Developer/Honduras_coffee/_r/scripts/run_reports.py:253: FutureWarning: DataFrame.applymap has been deprecated. Use DataFrame.map instead.
  df = df.applymap(lambda x: x.strip() if isinstance(x, str) else x)
/Users/juanbeltran/Developer/Honduras_coffee/_r/scripts/run_reports.py:253: FutureWarning: DataFrame.applymap has been deprecated. Use DataFrame.map instead.
  df = df.applymap(lambda x: x.strip() if isinstance(x, str) else x)
/Users/juanbeltran/Developer/Honduras_coffee/_r/scripts/run_reports.py:253: FutureWarning: DataFrame.applymap has been deprecated. Use DataFrame.map instead.
  df = df.applymap(lambda x: x.strip() if isinstance(x, str) else x)
/Users/juanbeltran/Developer/Honduras_coffee/_r/scripts/run_reports.py:253: FutureWarning: DataFrame.applymap has been deprecated. Use DataFrame.map instead.
  df = df.applymap(lambda x: x.strip() if isinstance(x, str) else x)
/Users/juanbeltran/Developer/Honduras_coffee/_r/scripts/run_reports.py:253: FutureWarning: DataFrame.applymap has been deprecated. Use DataFrame.map instead.
  df = df.applymap(lambda x: x.strip() if isinstance(x, str) else x)
/Users/juanbeltran/Developer/Honduras_coffee/_r/scripts/run_reports.py:253: FutureWarning: DataFrame.applymap has been deprecated. Use DataFrame.map instead.
  df = df.applymap(lambda x: x.strip() if isinstance(x, str) else x)
/Users/juanbeltran/Developer/Honduras_coffee/_r/scripts/run_reports.py:253: FutureWarning: DataFrame.applymap has been deprecated. Use DataFrame.map instead.
  df = df.applymap(lambda x: x.strip() if isinstance(x, str) else x)
/Users/juanbeltran/Developer/Honduras_coffee/_r/scripts/run_reports.py:253: FutureWarning: DataFrame.applymap has been deprecated. Use DataFrame.map instead.
  df = df.applymap(lambda x: x.strip() if isinstance(x, str) else x)
/Users/juanbeltran/Developer/Honduras_coffee/_r/scripts/run_reports.py:253: FutureWarning: DataFrame.applymap has been deprecated. Use DataFrame.map instead.
  df = df.applymap(lambda x: x.strip() if isinstance(x, str) else x)
/Users/juanbeltran/Developer/Honduras_coffee/_r/scripts/run_reports.py:253: FutureWarning: DataFrame.applymap has been deprecated. Use DataFrame.map instead.
  df = df.applymap(lambda x: x.strip() if isinstance(x, str) else x)
/Users/juanbeltran/Developer/Honduras_coffee/_r/scripts/run_reports.py:253: FutureWarning: DataFrame.applymap has been deprecated. Use DataFrame.map instead.
  df = df.applymap(lambda x: x.strip() if isinstance(x, str) else x)
/Users/juanbeltran/Developer/Honduras_coffee/_r/scripts/run_reports.py:253: FutureWarning: DataFrame.applymap has been deprecated. Use DataFrame.map instead.
  df = df.applymap(lambda x: x.strip() if isinstance(x, str) else x)
/Users/juanbeltran/Developer/Honduras_coffee/_r/scripts/run_reports.py:253: FutureWarning: DataFrame.applymap has been deprecated. Use DataFrame.map instead.
  df = df.applymap(lambda x: x.strip() if isinstance(x, str) else x)
/Users/juanbeltran/Developer/Honduras_coffee/_r/scripts/run_reports.py:253: FutureWarning: DataFrame.applymap has been deprecated. Use DataFrame.map instead.
  df = df.applymap(lambda x: x.strip() if isinstance(x, str) else x)
/Users/juanbeltran/Developer/Honduras_coffee/_r/scripts/run_reports.py:253: FutureWarning: DataFrame.applymap has been deprecated. Use DataFrame.map instead.
  df = df.applymap(lambda x: x.strip() if isinstance(x, str) else x)
/Users/juanbeltran/Developer/Honduras_coffee/_r/scripts/run_reports.py:253: FutureWarning: DataFrame.applymap has been deprecated. Use DataFrame.map instead.
  df = df.applymap(lambda x: x.strip() if isinstance(x, str) else x)
/Users/juanbeltran/Developer/Honduras_coffee/_r/scripts/run_reports.py:253: FutureWarning: DataFrame.applymap has been deprecated. Use DataFrame.map instead.
  df = df.applymap(lambda x: x.strip() if isinstance(x, str) else x)
/Users/juanbeltran/Developer/Honduras_coffee/_r/scripts/run_reports.py:253: FutureWarning: DataFrame.applymap has been deprecated. Use DataFrame.map instead.
  df = df.applymap(lambda x: x.strip() if isinstance(x, str) else x)
/Users/juanbeltran/Developer/Honduras_coffee/_r/scripts/run_reports.py:253: FutureWarning: DataFrame.applymap has been deprecated. Use DataFrame.map instead.
  df = df.applymap(lambda x: x.strip() if isinstance(x, str) else x)
/Users/juanbeltran/Developer/Honduras_coffee/_r/scripts/run_reports.py:253: FutureWarning: DataFrame.applymap has been deprecated. Use DataFrame.map instead.
  df = df.applymap(lambda x: x.strip() if isinstance(x, str) else x)
/Users/juanbeltran/Developer/Honduras_coffee/_r/scripts/run_reports.py:253: FutureWarning: DataFrame.applymap has been deprecated. Use DataFrame.map instead.
  df = df.applymap(lambda x: x.strip() if isinstance(x, str) else x)
/Users/juanbeltran/Developer/Honduras_coffee/_r/scripts/run_reports.py:253: FutureWarning: DataFrame.applymap has been deprecated. Use DataFrame.map instead.
  df = df.applymap(lambda x: x.strip() if isinstance(x, str) else x)
/Users/juanbeltran/Developer/Honduras_coffee/_r/scripts/run_reports.py:253: FutureWarning: DataFrame.applymap has been deprecated. Use DataFrame.map instead.
  df = df.applymap(lambda x: x.strip() if isinstance(x, str) else x)
/Users/juanbeltran/Developer/Honduras_coffee/_r/scripts/run_reports.py:253: FutureWarning: DataFrame.applymap has been deprecated. Use DataFrame.map instead.
  df = df.applymap(lambda x: x.strip() if isinstance(x, str) else x)
/Users/juanbeltran/Developer/Honduras_coffee/_r/scripts/run_reports.py:253: FutureWarning: DataFrame.applymap has been deprecated. Use DataFrame.map instead.
  df = df.applymap(lambda x: x.strip() if isinstance(x, str) else x)
/Users/juanbeltran/Developer/Honduras_coffee/_r/scripts/run_reports.py:253: FutureWarning: DataFrame.applymap has been deprecated. Use DataFrame.map instead.
  df = df.applymap(lambda x: x.strip() if isinstance(x, str) else x)
/Users/juanbeltran/Developer/Honduras_coffee/_r/scripts/run_reports.py:253: FutureWarning: DataFrame.applymap has been deprecated. Use DataFrame.map instead.
  df = df.applymap(lambda x: x.strip() if isinstance(x, str) else x)
/Users/juanbeltran/Developer/Honduras_coffee/_r/scripts/run_reports.py:253: FutureWarning: DataFrame.applymap has been deprecated. Use DataFrame.map instead.
  df = df.applymap(lambda x: x.strip() if isinstance(x, str) else x)
/Users/juanbeltran/Developer/Honduras_coffee/_r/scripts/run_reports.py:253: FutureWarning: DataFrame.applymap has been deprecated. Use DataFrame.map instead.
  df = df.applymap(lambda x: x.strip() if isinstance(x, str) else x)
/Users/juanbeltran/Developer/Honduras_coffee/_r/scripts/run_reports.py:253: FutureWarning: DataFrame.applymap has been deprecated. Use DataFrame.map instead.
  df = df.applymap(lambda x: x.strip() if isinstance(x, str) else x)
/Users/juanbeltran/Developer/Honduras_coffee/_r/scripts/run_reports.py:253: FutureWarning: DataFrame.applymap has been deprecated. Use DataFrame.map instead.
  df = df.applymap(lambda x: x.strip() if isinstance(x, str) else x)
/Users/juanbeltran/Developer/Honduras_coffee/_r/scripts/run_reports.py:253: FutureWarning: DataFrame.applymap has been deprecated. Use DataFrame.map instead.
  df = df.applymap(lambda x: x.strip() if isinstance(x, str) else x)
/Users/juanbeltran/Developer/Honduras_coffee/_r/scripts/run_reports.py:253: FutureWarning: DataFrame.applymap has been deprecated. Use DataFrame.map instead.
  df = df.applymap(lambda x: x.strip() if isinstance(x, str) else x)
/Users/juanbeltran/Developer/Honduras_coffee/_r/scripts/run_reports.py:253: FutureWarning: DataFrame.applymap has been deprecated. Use DataFrame.map instead.
  df = df.applymap(lambda x: x.strip() if isinstance(x, str) else x)
/Users/juanbeltran/Developer/Honduras_coffee/_r/scripts/run_reports.py:253: FutureWarning: DataFrame.applymap has been deprecated. Use DataFrame.map instead.
  df = df.applymap(lambda x: x.strip() if isinstance(x, str) else x)
/Users/juanbeltran/Developer/Honduras_coffee/_r/scripts/run_reports.py:253: FutureWarning: DataFrame.applymap has been deprecated. Use DataFrame.map instead.
  df = df.applymap(lambda x: x.strip() if isinstance(x, str) else x)
/Users/juanbeltran/Developer/Honduras_coffee/_r/scripts/run_reports.py:253: FutureWarning: DataFrame.applymap has been deprecated. Use DataFrame.map instead.
  df = df.applymap(lambda x: x.strip() if isinstance(x, str) else x)
/Users/juanbeltran/Developer/Honduras_coffee/_r/scripts/run_reports.py:253: FutureWarning: DataFrame.applymap has been deprecated. Use DataFrame.map instead.
  df = df.applymap(lambda x: x.strip() if isinstance(x, str) else x)
/Users/juanbeltran/Developer/Honduras_coffee/_r/scripts/run_reports.py:253: FutureWarning: DataFrame.applymap has been deprecated. Use DataFrame.map instead.
  df = df.applymap(lambda x: x.strip() if isinstance(x, str) else x)
/Users/juanbeltran/Developer/Honduras_coffee/_r/scripts/run_reports.py:253: FutureWarning: DataFrame.applymap has been deprecated. Use DataFrame.map instead.
  df = df.applymap(lambda x: x.strip() if isinstance(x, str) else x)
/Users/juanbeltran/Developer/Honduras_coffee/_r/scripts/run_reports.py:253: FutureWarning: DataFrame.applymap has been deprecated. Use DataFrame.map instead.
  df = df.applymap(lambda x: x.strip() if isinstance(x, str) else x)
/Users/juanbeltran/Developer/Honduras_coffee/_r/scripts/run_reports.py:253: FutureWarning: DataFrame.applymap has been deprecated. Use DataFrame.map instead.
  df = df.applymap(lambda x: x.strip() if isinstance(x, str) else x)
/Users/juanbeltran/Developer/Honduras_coffee/_r/scripts/run_reports.py:253: FutureWarning: DataFrame.applymap has been deprecated. Use DataFrame.map instead.
  df = df.applymap(lambda x: x.strip() if isinstance(x, str) else x)
/Users/juanbeltran/Developer/Honduras_coffee/_r/scripts/run_reports.py:253: FutureWarning: DataFrame.applymap has been deprecated. Use DataFrame.map instead.
  df = df.applymap(lambda x: x.strip() if isinstance(x, str) else x)
/Users/juanbeltran/Developer/Honduras_coffee/_r/scripts/run_reports.py:253: FutureWarning: DataFrame.applymap has been deprecated. Use DataFrame.map instead.
  df = df.applymap(lambda x: x.strip() if isinstance(x, str) else x)
/Users/juanbeltran/Developer/Honduras_coffee/_r/scripts/run_reports.py:253: FutureWarning: DataFrame.applymap has been deprecated. Use DataFrame.map instead.
  df = df.applymap(lambda x: x.strip() if isinstance(x, str) else x)
/Users/juanbeltran/Developer/Honduras_coffee/_r/scripts/run_reports.py:253: FutureWarning: DataFrame.applymap has been deprecated. Use DataFrame.map instead.
  df = df.applymap(lambda x: x.strip() if isinstance(x, str) else x)
/Users/juanbeltran/Developer/Honduras_coffee/_r/scripts/run_reports.py:253: FutureWarning: DataFrame.applymap has been deprecated. Use DataFrame.map instead.
  df = df.applymap(lambda x: x.strip() if isinstance(x, str) else x)
/Users/juanbeltran/Developer/Honduras_coffee/_r/scripts/run_reports.py:253: FutureWarning: DataFrame.applymap has been deprecated. Use DataFrame.map instead.
  df = df.applymap(lambda x: x.strip() if isinstance(x, str) else x)
/Users/juanbeltran/Developer/Honduras_coffee/_r/scripts/run_reports.py:253: FutureWarning: DataFrame.applymap has been deprecated. Use DataFrame.map instead.
  df = df.applymap(lambda x: x.strip() if isinstance(x, str) else x)
/Users/juanbeltran/Developer/Honduras_coffee/_r/scripts/run_reports.py:253: FutureWarning: DataFrame.applymap has been deprecated. Use DataFrame.map instead.
  df = df.applymap(lambda x: x.strip() if isinstance(x, str) else x)
/Users/juanbeltran/Developer/Honduras_coffee/_r/scripts/run_reports.py:253: FutureWarning: DataFrame.applymap has been deprecated. Use DataFrame.map instead.
  df = df.applymap(lambda x: x.strip() if isinstance(x, str) else x)
/Users/juanbeltran/Developer/Honduras_coffee/_r/scripts/run_reports.py:253: FutureWarning: DataFrame.applymap has been deprecated. Use DataFrame.map instead.
  df = df.applymap(lambda x: x.strip() if isinstance(x, str) else x)
/Users/juanbeltran/Developer/Honduras_coffee/_r/scripts/run_reports.py:253: FutureWarning: DataFrame.applymap has been deprecated. Use DataFrame.map instead.
  df = df.applymap(lambda x: x.strip() if isinstance(x, str) else x)
/Users/juanbeltran/Developer/Honduras_coffee/_r/scripts/run_reports.py:253: FutureWarning: DataFrame.applymap has been deprecated. Use DataFrame.map instead.
  df = df.applymap(lambda x: x.strip() if isinstance(x, str) else x)
/Users/juanbeltran/Developer/Honduras_coffee/_r/scripts/run_reports.py:253: FutureWarning: DataFrame.applymap has been deprecated. Use DataFrame.map instead.
  df = df.applymap(lambda x: x.strip() if isinstance(x, str) else x)
/Users/juanbeltran/Developer/Honduras_coffee/_r/scripts/run_reports.py:253: FutureWarning: DataFrame.applymap has been deprecated. Use DataFrame.map instead.
  df = df.applymap(lambda x: x.strip() if isinstance(x, str) else x)
/Users/juanbeltran/Developer/Honduras_coffee/_r/scripts/run_reports.py:253: FutureWarning: DataFrame.applymap has been deprecated. Use DataFrame.map instead.
  df = df.applymap(lambda x: x.strip() if isinstance(x, str) else x)
/Users/juanbeltran/Developer/Honduras_coffee/_r/scripts/run_reports.py:253: FutureWarning: DataFrame.applymap has been deprecated. Use DataFrame.map instead.
  df = df.applymap(lambda x: x.strip() if isinstance(x, str) else x)
/Users/juanbeltran/Developer/Honduras_coffee/_r/scripts/run_reports.py:253: FutureWarning: DataFrame.applymap has been deprecated. Use DataFrame.map instead.
  df = df.applymap(lambda x: x.strip() if isinstance(x, str) else x)
/Users/juanbeltran/Developer/Honduras_coffee/_r/scripts/run_reports.py:253: FutureWarning: DataFrame.applymap has been deprecated. Use DataFrame.map instead.
  df = df.applymap(lambda x: x.strip() if isinstance(x, str) else x)
/Users/juanbeltran/Developer/Honduras_coffee/_r/scripts/run_reports.py:253: FutureWarning: DataFrame.applymap has been deprecated. Use DataFrame.map instead.
  df = df.applymap(lambda x: x.strip() if isinstance(x, str) else x)
/Users/juanbeltran/Developer/Honduras_coffee/_r/scripts/run_reports.py:253: FutureWarning: DataFrame.applymap has been deprecated. Use DataFrame.map instead.
  df = df.applymap(lambda x: x.strip() if isinstance(x, str) else x)
/Users/juanbeltran/Developer/Honduras_coffee/_r/scripts/run_reports.py:253: FutureWarning: DataFrame.applymap has been deprecated. Use DataFrame.map instead.
  df = df.applymap(lambda x: x.strip() if isinstance(x, str) else x)
/Users/juanbeltran/Developer/Honduras_coffee/_r/scripts/run_reports.py:253: FutureWarning: DataFrame.applymap has been deprecated. Use DataFrame.map instead.
  df = df.applymap(lambda x: x.strip() if isinstance(x, str) else x)
/Users/juanbeltran/Developer/Honduras_coffee/_r/scripts/run_reports.py:253: FutureWarning: DataFrame.applymap has been deprecated. Use DataFrame.map instead.
  df = df.applymap(lambda x: x.strip() if isinstance(x, str) else x)
/Users/juanbeltran/Developer/Honduras_coffee/_r/scripts/run_reports.py:253: FutureWarning: DataFrame.applymap has been deprecated. Use DataFrame.map instead.
  df = df.applymap(lambda x: x.strip() if isinstance(x, str) else x)
/Users/juanbeltran/Developer/Honduras_coffee/_r/scripts/run_reports.py:253: FutureWarning: DataFrame.applymap has been deprecated. Use DataFrame.map instead.
  df = df.applymap(lambda x: x.strip() if isinstance(x, str) else x)
/Users/juanbeltran/Developer/Honduras_coffee/_r/scripts/run_reports.py:253: FutureWarning: DataFrame.applymap has been deprecated. Use DataFrame.map instead.
  df = df.applymap(lambda x: x.strip() if isinstance(x, str) else x)
/Users/juanbeltran/Developer/Honduras_coffee/_r/scripts/run_reports.py:253: FutureWarning: DataFrame.applymap has been deprecated. Use DataFrame.map instead.
  df = df.applymap(lambda x: x.strip() if isinstance(x, str) else x)
/Users/juanbeltran/Developer/Honduras_coffee/_r/scripts/run_reports.py:253: FutureWarning: DataFrame.applymap has been deprecated. Use DataFrame.map instead.
  df = df.applymap(lambda x: x.strip() if isinstance(x, str) else x)
/Users/juanbeltran/Developer/Honduras_coffee/_r/scripts/run_reports.py:253: FutureWarning: DataFrame.applymap has been deprecated. Use DataFrame.map instead.
  df = df.applymap(lambda x: x.strip() if isinstance(x, str) else x)
/Users/juanbeltran/Developer/Honduras_coffee/_r/scripts/run_reports.py:253: FutureWarning: DataFrame.applymap has been deprecated. Use DataFrame.map instead.
  df = df.applymap(lambda x: x.strip() if isinstance(x, str) else x)
/Users/juanbeltran/Developer/Honduras_coffee/_r/scripts/run_reports.py:253: FutureWarning: DataFrame.applymap has been deprecated. Use DataFrame.map instead.
  df = df.applymap(lambda x: x.strip() if isinstance(x, str) else x)
/Users/juanbeltran/Developer/Honduras_coffee/_r/scripts/run_reports.py:253: FutureWarning: DataFrame.applymap has been deprecated. Use DataFrame.map instead.
  df = df.applymap(lambda x: x.strip() if isinstance(x, str) else x)
/Users/juanbeltran/Developer/Honduras_coffee/_r/scripts/run_reports.py:253: FutureWarning: DataFrame.applymap has been deprecated. Use DataFrame.map instead.
  df = df.applymap(lambda x: x.strip() if isinstance(x, str) else x)
/Users/juanbeltran/Developer/Honduras_coffee/_r/scripts/run_reports.py:253: FutureWarning: DataFrame.applymap has been deprecated. Use DataFrame.map instead.
  df = df.applymap(lambda x: x.strip() if isinstance(x, str) else x)
/Users/juanbeltran/Developer/Honduras_coffee/_r/scripts/run_reports.py:253: FutureWarning: DataFrame.applymap has been deprecated. Use DataFrame.map instead.
  df = df.applymap(lambda x: x.strip() if isinstance(x, str) else x)
/Users/juanbeltran/Developer/Honduras_coffee/_r/scripts/run_reports.py:253: FutureWarning: DataFrame.applymap has been deprecated. Use DataFrame.map instead.
  df = df.applymap(lambda x: x.strip() if isinstance(x, str) else x)
/Users/juanbeltran/Developer/Honduras_coffee/_r/scripts/run_reports.py:253: FutureWarning: DataFrame.applymap has been deprecated. Use DataFrame.map instead.
  df = df.applymap(lambda x: x.strip() if isinstance(x, str) else x)
/Users/juanbeltran/Developer/Honduras_coffee/_r/scripts/run_reports.py:253: FutureWarning: DataFrame.applymap has been deprecated. Use DataFrame.map instead.
  df = df.applymap(lambda x: x.strip() if isinstance(x, str) else x)
/Users/juanbeltran/Developer/Honduras_coffee/_r/scripts/run_reports.py:253: FutureWarning: DataFrame.applymap has been deprecated. Use DataFrame.map instead.
  df = df.applymap(lambda x: x.strip() if isinstance(x, str) else x)
/Users/juanbeltran/Developer/Honduras_coffee/_r/scripts/run_reports.py:253: FutureWarning: DataFrame.applymap has been deprecated. Use DataFrame.map instead.
  df = df.applymap(lambda x: x.strip() if isinstance(x, str) else x)
/Users/juanbeltran/Developer/Honduras_coffee/_r/scripts/run_reports.py:253: FutureWarning: DataFrame.applymap has been deprecated. Use DataFrame.map instead.
  df = df.applymap(lambda x: x.strip() if isinstance(x, str) else x)
/Users/juanbeltran/Developer/Honduras_coffee/_r/scripts/run_reports.py:253: FutureWarning: DataFrame.applymap has been deprecated. Use DataFrame.map instead.
  df = df.applymap(lambda x: x.strip() if isinstance(x, str) else x)
/Users/juanbeltran/Developer/Honduras_coffee/_r/scripts/run_reports.py:253: FutureWarning: DataFrame.applymap has been deprecated. Use DataFrame.map instead.
  df = df.applymap(lambda x: x.strip() if isinstance(x, str) else x)
/Users/juanbeltran/Developer/Honduras_coffee/_r/scripts/run_reports.py:253: FutureWarning: DataFrame.applymap has been deprecated. Use DataFrame.map instead.
  df = df.applymap(lambda x: x.strip() if isinstance(x, str) else x)
/Users/juanbeltran/Developer/Honduras_coffee/_r/scripts/run_reports.py:253: FutureWarning: DataFrame.applymap has been deprecated. Use DataFrame.map instead.
  df = df.applymap(lambda x: x.strip() if isinstance(x, str) else x)
/Users/juanbeltran/Developer/Honduras_coffee/_r/scripts/run_reports.py:253: FutureWarning: DataFrame.applymap has been deprecated. Use DataFrame.map instead.
  df = df.applymap(lambda x: x.strip() if isinstance(x, str) else x)
/Users/juanbeltran/Developer/Honduras_coffee/_r/scripts/run_reports.py:253: FutureWarning: DataFrame.applymap has been deprecated. Use DataFrame.map instead.
  df = df.applymap(lambda x: x.strip() if isinstance(x, str) else x)
/Users/juanbeltran/Developer/Honduras_coffee/_r/scripts/run_reports.py:253: FutureWarning: DataFrame.applymap has been deprecated. Use DataFrame.map instead.
  df = df.applymap(lambda x: x.strip() if isinstance(x, str) else x)
/Users/juanbeltran/Developer/Honduras_coffee/_r/scripts/run_reports.py:253: FutureWarning: DataFrame.applymap has been deprecated. Use DataFrame.map instead.
  df = df.applymap(lambda x: x.strip() if isinstance(x, str) else x)
/Users/juanbeltran/Developer/Honduras_coffee/_r/scripts/run_reports.py:253: FutureWarning: DataFrame.applymap has been deprecated. Use DataFrame.map instead.
  df = df.applymap(lambda x: x.strip() if isinstance(x, str) else x)
/Users/juanbeltran/Developer/Honduras_coffee/_r/scripts/run_reports.py:253: FutureWarning: DataFrame.applymap has been deprecated. Use DataFrame.map instead.
  df = df.applymap(lambda x: x.strip() if isinstance(x, str) else x)
/Users/juanbeltran/Developer/Honduras_coffee/_r/scripts/run_reports.py:253: FutureWarning: DataFrame.applymap has been deprecated. Use DataFrame.map instead.
  df = df.applymap(lambda x: x.strip() if isinstance(x, str) else x)
/Users/juanbeltran/Developer/Honduras_coffee/_r/scripts/run_reports.py:253: FutureWarning: DataFrame.applymap has been deprecated. Use DataFrame.map instead.
  df = df.applymap(lambda x: x.strip() if isinstance(x, str) else x)
/Users/juanbeltran/Developer/Honduras_coffee/_r/scripts/run_reports.py:253: FutureWarning: DataFrame.applymap has been deprecated. Use DataFrame.map instead.
  df = df.applymap(lambda x: x.strip() if isinstance(x, str) else x)
/Users/juanbeltran/Developer/Honduras_coffee/_r/scripts/run_reports.py:253: FutureWarning: DataFrame.applymap has been deprecated. Use DataFrame.map instead.
  df = df.applymap(lambda x: x.strip() if isinstance(x, str) else x)
/Users/juanbeltran/Developer/Honduras_coffee/_r/scripts/run_reports.py:253: FutureWarning: DataFrame.applymap has been deprecated. Use DataFrame.map instead.
  df = df.applymap(lambda x: x.strip() if isinstance(x, str) else x)
/Users/juanbeltran/Developer/Honduras_coffee/_r/scripts/run_reports.py:253: FutureWarning: DataFrame.applymap has been deprecated. Use DataFrame.map instead.
  df = df.applymap(lambda x: x.strip() if isinstance(x, str) else x)
/Users/juanbeltran/Developer/Honduras_coffee/_r/scripts/run_reports.py:253: FutureWarning: DataFrame.applymap has been deprecated. Use DataFrame.map instead.
  df = df.applymap(lambda x: x.strip() if isinstance(x, str) else x)
/Users/juanbeltran/Developer/Honduras_coffee/_r/scripts/run_reports.py:253: FutureWarning: DataFrame.applymap has been deprecated. Use DataFrame.map instead.
  df = df.applymap(lambda x: x.strip() if isinstance(x, str) else x)
/Users/juanbeltran/Developer/Honduras_coffee/_r/scripts/run_reports.py:253: FutureWarning: DataFrame.applymap has been deprecated. Use DataFrame.map instead.
  df = df.applymap(lambda x: x.strip() if isinstance(x, str) else x)
/Users/juanbeltran/Developer/Honduras_coffee/_r/scripts/run_reports.py:253: FutureWarning: DataFrame.applymap has been deprecated. Use DataFrame.map instead.
  df = df.applymap(lambda x: x.strip() if isinstance(x, str) else x)
/Users/juanbeltran/Developer/Honduras_coffee/_r/scripts/run_reports.py:253: FutureWarning: DataFrame.applymap has been deprecated. Use DataFrame.map instead.
  df = df.applymap(lambda x: x.strip() if isinstance(x, str) else x)
/Users/juanbeltran/Developer/Honduras_coffee/_r/scripts/run_reports.py:253: FutureWarning: DataFrame.applymap has been deprecated. Use DataFrame.map instead.
  df = df.applymap(lambda x: x.strip() if isinstance(x, str) else x)
/Users/juanbeltran/Developer/Honduras_coffee/_r/scripts/run_reports.py:253: FutureWarning: DataFrame.applymap has been deprecated. Use DataFrame.map instead.
  df = df.applymap(lambda x: x.strip() if isinstance(x, str) else x)
/Users/juanbeltran/Developer/Honduras_coffee/_r/scripts/run_reports.py:253: FutureWarning: DataFrame.applymap has been deprecated. Use DataFrame.map instead.
  df = df.applymap(lambda x: x.strip() if isinstance(x, str) else x)
/Users/juanbeltran/Developer/Honduras_coffee/_r/scripts/run_reports.py:253: FutureWarning: DataFrame.applymap has been deprecated. Use DataFrame.map instead.
  df = df.applymap(lambda x: x.strip() if isinstance(x, str) else x)
/Users/juanbeltran/Developer/Honduras_coffee/_r/scripts/run_reports.py:253: FutureWarning: DataFrame.applymap has been deprecated. Use DataFrame.map instead.
  df = df.applymap(lambda x: x.strip() if isinstance(x, str) else x)
/Users/juanbeltran/Developer/Honduras_coffee/_r/scripts/run_reports.py:253: FutureWarning: DataFrame.applymap has been deprecated. Use DataFrame.map instead.
  df = df.applymap(lambda x: x.strip() if isinstance(x, str) else x)
/Users/juanbeltran/Developer/Honduras_coffee/_r/scripts/run_reports.py:253: FutureWarning: DataFrame.applymap has been deprecated. Use DataFrame.map instead.
  df = df.applymap(lambda x: x.strip() if isinstance(x, str) else x)
/Users/juanbeltran/Developer/Honduras_coffee/_r/scripts/run_reports.py:253: FutureWarning: DataFrame.applymap has been deprecated. Use DataFrame.map instead.
  df = df.applymap(lambda x: x.strip() if isinstance(x, str) else x)
/Users/juanbeltran/Developer/Honduras_coffee/_r/scripts/run_reports.py:253: FutureWarning: DataFrame.applymap has been deprecated. Use DataFrame.map instead.
  df = df.applymap(lambda x: x.strip() if isinstance(x, str) else x)
/Users/juanbeltran/Developer/Honduras_coffee/_r/scripts/run_reports.py:253: FutureWarning: DataFrame.applymap has been deprecated. Use DataFrame.map instead.
  df = df.applymap(lambda x: x.strip() if isinstance(x, str) else x)
/Users/juanbeltran/Developer/Honduras_coffee/_r/scripts/run_reports.py:253: FutureWarning: DataFrame.applymap has been deprecated. Use DataFrame.map instead.
  df = df.applymap(lambda x: x.strip() if isinstance(x, str) else x)
/Users/juanbeltran/Developer/Honduras_coffee/_r/scripts/run_reports.py:253: FutureWarning: DataFrame.applymap has been deprecated. Use DataFrame.map instead.
  df = df.applymap(lambda x: x.strip() if isinstance(x, str) else x)
/Users/juanbeltran/Developer/Honduras_coffee/_r/scripts/run_reports.py:253: FutureWarning: DataFrame.applymap has been deprecated. Use DataFrame.map instead.
  df = df.applymap(lambda x: x.strip() if isinstance(x, str) else x)
/Users/juanbeltran/Developer/Honduras_coffee/_r/scripts/run_reports.py:253: FutureWarning: DataFrame.applymap has been deprecated. Use DataFrame.map instead.
  df = df.applymap(lambda x: x.strip() if isinstance(x, str) else x)
/Users/juanbeltran/Developer/Honduras_coffee/_r/scripts/run_reports.py:253: FutureWarning: DataFrame.applymap has been deprecated. Use DataFrame.map instead.
  df = df.applymap(lambda x: x.strip() if isinstance(x, str) else x)
/Users/juanbeltran/Developer/Honduras_coffee/_r/scripts/run_reports.py:253: FutureWarning: DataFrame.applymap has been deprecated. Use DataFrame.map instead.
  df = df.applymap(lambda x: x.strip() if isinstance(x, str) else x)
/Users/juanbeltran/Developer/Honduras_coffee/_r/scripts/run_reports.py:253: FutureWarning: DataFrame.applymap has been deprecated. Use DataFrame.map instead.
  df = df.applymap(lambda x: x.strip() if isinstance(x, str) else x)
/Users/juanbeltran/Developer/Honduras_coffee/_r/scripts/run_reports.py:253: FutureWarning: DataFrame.applymap has been deprecated. Use DataFrame.map instead.
  df = df.applymap(lambda x: x.strip() if isinstance(x, str) else x)
/Users/juanbeltran/Developer/Honduras_coffee/_r/scripts/run_reports.py:253: FutureWarning: DataFrame.applymap has been deprecated. Use DataFrame.map instead.
  df = df.applymap(lambda x: x.strip() if isinstance(x, str) else x)
/Users/juanbeltran/Developer/Honduras_coffee/_r/scripts/run_reports.py:253: FutureWarning: DataFrame.applymap has been deprecated. Use DataFrame.map instead.
  df = df.applymap(lambda x: x.strip() if isinstance(x, str) else x)
/Users/juanbeltran/Developer/Honduras_coffee/_r/scripts/run_reports.py:253: FutureWarning: DataFrame.applymap has been deprecated. Use DataFrame.map instead.
  df = df.applymap(lambda x: x.strip() if isinstance(x, str) else x)
/Users/juanbeltran/Developer/Honduras_coffee/_r/scripts/run_reports.py:253: FutureWarning: DataFrame.applymap has been deprecated. Use DataFrame.map instead.
  df = df.applymap(lambda x: x.strip() if isinstance(x, str) else x)
/Users/juanbeltran/Developer/Honduras_coffee/_r/scripts/run_reports.py:253: FutureWarning: DataFrame.applymap has been deprecated. Use DataFrame.map instead.
  df = df.applymap(lambda x: x.strip() if isinstance(x, str) else x)
/Users/juanbeltran/Developer/Honduras_coffee/_r/scripts/run_reports.py:253: FutureWarning: DataFrame.applymap has been deprecated. Use DataFrame.map instead.
  df = df.applymap(lambda x: x.strip() if isinstance(x, str) else x)
/Users/juanbeltran/Developer/Honduras_coffee/_r/scripts/run_reports.py:253: FutureWarning: DataFrame.applymap has been deprecated. Use DataFrame.map instead.
  df = df.applymap(lambda x: x.strip() if isinstance(x, str) else x)
/Users/juanbeltran/Developer/Honduras_coffee/_r/scripts/run_reports.py:253: FutureWarning: DataFrame.applymap has been deprecated. Use DataFrame.map instead.
  df = df.applymap(lambda x: x.strip() if isinstance(x, str) else x)
/Users/juanbeltran/Developer/Honduras_coffee/_r/scripts/run_reports.py:253: FutureWarning: DataFrame.applymap has been deprecated. Use DataFrame.map instead.
  df = df.applymap(lambda x: x.strip() if isinstance(x, str) else x)
/Users/juanbeltran/Developer/Honduras_coffee/_r/scripts/run_reports.py:253: FutureWarning: DataFrame.applymap has been deprecated. Use DataFrame.map instead.
  df = df.applymap(lambda x: x.strip() if isinstance(x, str) else x)
/Users/juanbeltran/Developer/Honduras_coffee/_r/scripts/run_reports.py:253: FutureWarning: DataFrame.applymap has been deprecated. Use DataFrame.map instead.
  df = df.applymap(lambda x: x.strip() if isinstance(x, str) else x)
/Users/juanbeltran/Developer/Honduras_coffee/_r/scripts/run_reports.py:253: FutureWarning: DataFrame.applymap has been deprecated. Use DataFrame.map instead.
  df = df.applymap(lambda x: x.strip() if isinstance(x, str) else x)
/Users/juanbeltran/Developer/Honduras_coffee/_r/scripts/run_reports.py:253: FutureWarning: DataFrame.applymap has been deprecated. Use DataFrame.map instead.
  df = df.applymap(lambda x: x.strip() if isinstance(x, str) else x)
/Users/juanbeltran/Developer/Honduras_coffee/_r/scripts/run_reports.py:253: FutureWarning: DataFrame.applymap has been deprecated. Use DataFrame.map instead.
  df = df.applymap(lambda x: x.strip() if isinstance(x, str) else x)
/Users/juanbeltran/Developer/Honduras_coffee/_r/scripts/run_reports.py:253: FutureWarning: DataFrame.applymap has been deprecated. Use DataFrame.map instead.
  df = df.applymap(lambda x: x.strip() if isinstance(x, str) else x)
/Users/juanbeltran/Developer/Honduras_coffee/_r/scripts/run_reports.py:253: FutureWarning: DataFrame.applymap has been deprecated. Use DataFrame.map instead.
  df = df.applymap(lambda x: x.strip() if isinstance(x, str) else x)
/Users/juanbeltran/Developer/Honduras_coffee/_r/scripts/run_reports.py:253: FutureWarning: DataFrame.applymap has been deprecated. Use DataFrame.map instead.
  df = df.applymap(lambda x: x.strip() if isinstance(x, str) else x)
/Users/juanbeltran/Developer/Honduras_coffee/_r/scripts/run_reports.py:253: FutureWarning: DataFrame.applymap has been deprecated. Use DataFrame.map instead.
  df = df.applymap(lambda x: x.strip() if isinstance(x, str) else x)
/Users/juanbeltran/Developer/Honduras_coffee/_r/scripts/run_reports.py:253: FutureWarning: DataFrame.applymap has been deprecated. Use DataFrame.map instead.
  df = df.applymap(lambda x: x.strip() if isinstance(x, str) else x)
/Users/juanbeltran/Developer/Honduras_coffee/_r/scripts/run_reports.py:253: FutureWarning: DataFrame.applymap has been deprecated. Use DataFrame.map instead.
  df = df.applymap(lambda x: x.strip() if isinstance(x, str) else x)
/Users/juanbeltran/Developer/Honduras_coffee/_r/scripts/run_reports.py:253: FutureWarning: DataFrame.applymap has been deprecated. Use DataFrame.map instead.
  df = df.applymap(lambda x: x.strip() if isinstance(x, str) else x)
/Users/juanbeltran/Developer/Honduras_coffee/_r/scripts/run_reports.py:253: FutureWarning: DataFrame.applymap has been deprecated. Use DataFrame.map instead.
  df = df.applymap(lambda x: x.strip() if isinstance(x, str) else x)
/Users/juanbeltran/Developer/Honduras_coffee/_r/scripts/run_reports.py:253: FutureWarning: DataFrame.applymap has been deprecated. Use DataFrame.map instead.
  df = df.applymap(lambda x: x.strip() if isinstance(x, str) else x)
/Users/juanbeltran/Developer/Honduras_coffee/_r/scripts/run_reports.py:253: FutureWarning: DataFrame.applymap has been deprecated. Use DataFrame.map instead.
  df = df.applymap(lambda x: x.strip() if isinstance(x, str) else x)
/Users/juanbeltran/Developer/Honduras_coffee/_r/scripts/run_reports.py:253: FutureWarning: DataFrame.applymap has been deprecated. Use DataFrame.map instead.
  df = df.applymap(lambda x: x.strip() if isinstance(x, str) else x)
/Users/juanbeltran/Developer/Honduras_coffee/_r/scripts/run_reports.py:253: FutureWarning: DataFrame.applymap has been deprecated. Use DataFrame.map instead.
  df = df.applymap(lambda x: x.strip() if isinstance(x, str) else x)
/Users/juanbeltran/Developer/Honduras_coffee/_r/scripts/run_reports.py:253: FutureWarning: DataFrame.applymap has been deprecated. Use DataFrame.map instead.
  df = df.applymap(lambda x: x.strip() if isinstance(x, str) else x)
/Users/juanbeltran/Developer/Honduras_coffee/_r/scripts/run_reports.py:253: FutureWarning: DataFrame.applymap has been deprecated. Use DataFrame.map instead.
  df = df.applymap(lambda x: x.strip() if isinstance(x, str) else x)
/Users/juanbeltran/Developer/Honduras_coffee/_r/scripts/run_reports.py:253: FutureWarning: DataFrame.applymap has been deprecated. Use DataFrame.map instead.
  df = df.applymap(lambda x: x.strip() if isinstance(x, str) else x)
/Users/juanbeltran/Developer/Honduras_coffee/_r/scripts/run_reports.py:253: FutureWarning: DataFrame.applymap has been deprecated. Use DataFrame.map instead.
  df = df.applymap(lambda x: x.strip() if isinstance(x, str) else x)
/Users/juanbeltran/Developer/Honduras_coffee/_r/scripts/run_reports.py:253: FutureWarning: DataFrame.applymap has been deprecated. Use DataFrame.map instead.
  df = df.applymap(lambda x: x.strip() if isinstance(x, str) else x)
/Users/juanbeltran/Developer/Honduras_coffee/_r/scripts/run_reports.py:253: FutureWarning: DataFrame.applymap has been deprecated. Use DataFrame.map instead.
  df = df.applymap(lambda x: x.strip() if isinstance(x, str) else x)
/Users/juanbeltran/Developer/Honduras_coffee/_r/scripts/run_reports.py:253: FutureWarning: DataFrame.applymap has been deprecated. Use DataFrame.map instead.
  df = df.applymap(lambda x: x.strip() if isinstance(x, str) else x)
/Users/juanbeltran/Developer/Honduras_coffee/_r/scripts/run_reports.py:253: FutureWarning: DataFrame.applymap has been deprecated. Use DataFrame.map instead.
  df = df.applymap(lambda x: x.strip() if isinstance(x, str) else x)
/Users/juanbeltran/Developer/Honduras_coffee/_r/scripts/run_reports.py:253: FutureWarning: DataFrame.applymap has been deprecated. Use DataFrame.map instead.
  df = df.applymap(lambda x: x.strip() if isinstance(x, str) else x)
/Users/juanbeltran/Developer/Honduras_coffee/_r/scripts/run_reports.py:253: FutureWarning: DataFrame.applymap has been deprecated. Use DataFrame.map instead.
  df = df.applymap(lambda x: x.strip() if isinstance(x, str) else x)
/Users/juanbeltran/Developer/Honduras_coffee/_r/scripts/run_reports.py:253: FutureWarning: DataFrame.applymap has been deprecated. Use DataFrame.map instead.
  df = df.applymap(lambda x: x.strip() if isinstance(x, str) else x)
/Users/juanbeltran/Developer/Honduras_coffee/_r/scripts/run_reports.py:253: FutureWarning: DataFrame.applymap has been deprecated. Use DataFrame.map instead.
  df = df.applymap(lambda x: x.strip() if isinstance(x, str) else x)
/Users/juanbeltran/Developer/Honduras_coffee/_r/scripts/run_reports.py:253: FutureWarning: DataFrame.applymap has been deprecated. Use DataFrame.map instead.
  df = df.applymap(lambda x: x.strip() if isinstance(x, str) else x)
/Users/juanbeltran/Developer/Honduras_coffee/_r/scripts/run_reports.py:253: FutureWarning: DataFrame.applymap has been deprecated. Use DataFrame.map instead.
  df = df.applymap(lambda x: x.strip() if isinstance(x, str) else x)
/Users/juanbeltran/Developer/Honduras_coffee/_r/scripts/run_reports.py:253: FutureWarning: DataFrame.applymap has been deprecated. Use DataFrame.map instead.
  df = df.applymap(lambda x: x.strip() if isinstance(x, str) else x)
/Users/juanbeltran/Developer/Honduras_coffee/_r/scripts/run_reports.py:253: FutureWarning: DataFrame.applymap has been deprecated. Use DataFrame.map instead.
  df = df.applymap(lambda x: x.strip() if isinstance(x, str) else x)
/Users/juanbeltran/Developer/Honduras_coffee/_r/scripts/run_reports.py:253: FutureWarning: DataFrame.applymap has been deprecated. Use DataFrame.map instead.
  df = df.applymap(lambda x: x.strip() if isinstance(x, str) else x)
/Users/juanbeltran/Developer/Honduras_coffee/_r/scripts/run_reports.py:253: FutureWarning: DataFrame.applymap has been deprecated. Use DataFrame.map instead.
  df = df.applymap(lambda x: x.strip() if isinstance(x, str) else x)
/Users/juanbeltran/Developer/Honduras_coffee/_r/scripts/run_reports.py:253: FutureWarning: DataFrame.applymap has been deprecated. Use DataFrame.map instead.
  df = df.applymap(lambda x: x.strip() if isinstance(x, str) else x)
/Users/juanbeltran/Developer/Honduras_coffee/_r/scripts/run_reports.py:253: FutureWarning: DataFrame.applymap has been deprecated. Use DataFrame.map instead.
  df = df.applymap(lambda x: x.strip() if isinstance(x, str) else x)
/Users/juanbeltran/Developer/Honduras_coffee/_r/scripts/run_reports.py:253: FutureWarning: DataFrame.applymap has been deprecated. Use DataFrame.map instead.
  df = df.applymap(lambda x: x.strip() if isinstance(x, str) else x)
/Users/juanbeltran/Developer/Honduras_coffee/_r/scripts/run_reports.py:253: FutureWarning: DataFrame.applymap has been deprecated. Use DataFrame.map instead.
  df = df.applymap(lambda x: x.strip() if isinstance(x, str) else x)
/Users/juanbeltran/Developer/Honduras_coffee/_r/scripts/run_reports.py:253: FutureWarning: DataFrame.applymap has been deprecated. Use DataFrame.map instead.
  df = df.applymap(lambda x: x.strip() if isinstance(x, str) else x)
/Users/juanbeltran/Developer/Honduras_coffee/_r/scripts/run_reports.py:253: FutureWarning: DataFrame.applymap has been deprecated. Use DataFrame.map instead.
  df = df.applymap(lambda x: x.strip() if isinstance(x, str) else x)
/Users/juanbeltran/Developer/Honduras_coffee/_r/scripts/run_reports.py:253: FutureWarning: DataFrame.applymap has been deprecated. Use DataFrame.map instead.
  df = df.applymap(lambda x: x.strip() if isinstance(x, str) else x)
/Users/juanbeltran/Developer/Honduras_coffee/_r/scripts/run_reports.py:253: FutureWarning: DataFrame.applymap has been deprecated. Use DataFrame.map instead.
  df = df.applymap(lambda x: x.strip() if isinstance(x, str) else x)
/Users/juanbeltran/Developer/Honduras_coffee/_r/scripts/run_reports.py:253: FutureWarning: DataFrame.applymap has been deprecated. Use DataFrame.map instead.
  df = df.applymap(lambda x: x.strip() if isinstance(x, str) else x)
/Users/juanbeltran/Developer/Honduras_coffee/_r/scripts/run_reports.py:253: FutureWarning: DataFrame.applymap has been deprecated. Use DataFrame.map instead.
  df = df.applymap(lambda x: x.strip() if isinstance(x, str) else x)
/Users/juanbeltran/Developer/Honduras_coffee/_r/scripts/run_reports.py:253: FutureWarning: DataFrame.applymap has been deprecated. Use DataFrame.map instead.
  df = df.applymap(lambda x: x.strip() if isinstance(x, str) else x)
/Users/juanbeltran/Developer/Honduras_coffee/_r/scripts/run_reports.py:253: FutureWarning: DataFrame.applymap has been deprecated. Use DataFrame.map instead.
  df = df.applymap(lambda x: x.strip() if isinstance(x, str) else x)
/Users/juanbeltran/Developer/Honduras_coffee/_r/scripts/run_reports.py:253: FutureWarning: DataFrame.applymap has been deprecated. Use DataFrame.map instead.
  df = df.applymap(lambda x: x.strip() if isinstance(x, str) else x)
/Users/juanbeltran/Developer/Honduras_coffee/_r/scripts/run_reports.py:253: FutureWarning: DataFrame.applymap has been deprecated. Use DataFrame.map instead.
  df = df.applymap(lambda x: x.strip() if isinstance(x, str) else x)
/Users/juanbeltran/Developer/Honduras_coffee/_r/scripts/run_reports.py:253: FutureWarning: DataFrame.applymap has been deprecated. Use DataFrame.map instead.
  df = df.applymap(lambda x: x.strip() if isinstance(x, str) else x)
/Users/juanbeltran/Developer/Honduras_coffee/_r/scripts/run_reports.py:253: FutureWarning: DataFrame.applymap has been deprecated. Use DataFrame.map instead.
  df = df.applymap(lambda x: x.strip() if isinstance(x, str) else x)
/Users/juanbeltran/Developer/Honduras_coffee/_r/scripts/run_reports.py:253: FutureWarning: DataFrame.applymap has been deprecated. Use DataFrame.map instead.
  df = df.applymap(lambda x: x.strip() if isinstance(x, str) else x)
/Users/juanbeltran/Developer/Honduras_coffee/_r/scripts/run_reports.py:253: FutureWarning: DataFrame.applymap has been deprecated. Use DataFrame.map instead.
  df = df.applymap(lambda x: x.strip() if isinstance(x, str) else x)
/Users/juanbeltran/Developer/Honduras_coffee/_r/scripts/run_reports.py:253: FutureWarning: DataFrame.applymap has been deprecated. Use DataFrame.map instead.
  df = df.applymap(lambda x: x.strip() if isinstance(x, str) else x)
/Users/juanbeltran/Developer/Honduras_coffee/_r/scripts/run_reports.py:253: FutureWarning: DataFrame.applymap has been deprecated. Use DataFrame.map instead.
  df = df.applymap(lambda x: x.strip() if isinstance(x, str) else x)
/Users/juanbeltran/Developer/Honduras_coffee/_r/scripts/run_reports.py:253: FutureWarning: DataFrame.applymap has been deprecated. Use DataFrame.map instead.
  df = df.applymap(lambda x: x.strip() if isinstance(x, str) else x)
/Users/juanbeltran/Developer/Honduras_coffee/_r/scripts/run_reports.py:253: FutureWarning: DataFrame.applymap has been deprecated. Use DataFrame.map instead.
  df = df.applymap(lambda x: x.strip() if isinstance(x, str) else x)
/Users/juanbeltran/Developer/Honduras_coffee/_r/scripts/run_reports.py:253: FutureWarning: DataFrame.applymap has been deprecated. Use DataFrame.map instead.
  df = df.applymap(lambda x: x.strip() if isinstance(x, str) else x)
/Users/juanbeltran/Developer/Honduras_coffee/_r/scripts/run_reports.py:253: FutureWarning: DataFrame.applymap has been deprecated. Use DataFrame.map instead.
  df = df.applymap(lambda x: x.strip() if isinstance(x, str) else x)
/Users/juanbeltran/Developer/Honduras_coffee/_r/scripts/run_reports.py:253: FutureWarning: DataFrame.applymap has been deprecated. Use DataFrame.map instead.
  df = df.applymap(lambda x: x.strip() if isinstance(x, str) else x)
/Users/juanbeltran/Developer/Honduras_coffee/_r/scripts/run_reports.py:253: FutureWarning: DataFrame.applymap has been deprecated. Use DataFrame.map instead.
  df = df.applymap(lambda x: x.strip() if isinstance(x, str) else x)
/Users/juanbeltran/Developer/Honduras_coffee/_r/scripts/run_reports.py:253: FutureWarning: DataFrame.applymap has been deprecated. Use DataFrame.map instead.
  df = df.applymap(lambda x: x.strip() if isinstance(x, str) else x)
/Users/juanbeltran/Developer/Honduras_coffee/_r/scripts/run_reports.py:253: FutureWarning: DataFrame.applymap has been deprecated. Use DataFrame.map instead.
  df = df.applymap(lambda x: x.strip() if isinstance(x, str) else x)
/Users/juanbeltran/Developer/Honduras_coffee/_r/scripts/run_reports.py:253: FutureWarning: DataFrame.applymap has been deprecated. Use DataFrame.map instead.
  df = df.applymap(lambda x: x.strip() if isinstance(x, str) else x)
/Users/juanbeltran/Developer/Honduras_coffee/_r/scripts/run_reports.py:253: FutureWarning: DataFrame.applymap has been deprecated. Use DataFrame.map instead.
  df = df.applymap(lambda x: x.strip() if isinstance(x, str) else x)
/Users/juanbeltran/Developer/Honduras_coffee/_r/scripts/run_reports.py:253: FutureWarning: DataFrame.applymap has been deprecated. Use DataFrame.map instead.
  df = df.applymap(lambda x: x.strip() if isinstance(x, str) else x)
/Users/juanbeltran/Developer/Honduras_coffee/_r/scripts/run_reports.py:253: FutureWarning: DataFrame.applymap has been deprecated. Use DataFrame.map instead.
  df = df.applymap(lambda x: x.strip() if isinstance(x, str) else x)
/Users/juanbeltran/Developer/Honduras_coffee/_r/scripts/run_reports.py:253: FutureWarning: DataFrame.applymap has been deprecated. Use DataFrame.map instead.
  df = df.applymap(lambda x: x.strip() if isinstance(x, str) else x)
/Users/juanbeltran/Developer/Honduras_coffee/_r/scripts/run_reports.py:253: FutureWarning: DataFrame.applymap has been deprecated. Use DataFrame.map instead.
  df = df.applymap(lambda x: x.strip() if isinstance(x, str) else x)
/Users/juanbeltran/Developer/Honduras_coffee/_r/scripts/run_reports.py:253: FutureWarning: DataFrame.applymap has been deprecated. Use DataFrame.map instead.
  df = df.applymap(lambda x: x.strip() if isinstance(x, str) else x)
/Users/juanbeltran/Developer/Honduras_coffee/_r/scripts/run_reports.py:253: FutureWarning: DataFrame.applymap has been deprecated. Use DataFrame.map instead.
  df = df.applymap(lambda x: x.strip() if isinstance(x, str) else x)
/Users/juanbeltran/Developer/Honduras_coffee/_r/scripts/run_reports.py:253: FutureWarning: DataFrame.applymap has been deprecated. Use DataFrame.map instead.
  df = df.applymap(lambda x: x.strip() if isinstance(x, str) else x)
/Users/juanbeltran/Developer/Honduras_coffee/_r/scripts/run_reports.py:253: FutureWarning: DataFrame.applymap has been deprecated. Use DataFrame.map instead.
  df = df.applymap(lambda x: x.strip() if isinstance(x, str) else x)
/Users/juanbeltran/Developer/Honduras_coffee/_r/scripts/run_reports.py:253: FutureWarning: DataFrame.applymap has been deprecated. Use DataFrame.map instead.
  df = df.applymap(lambda x: x.strip() if isinstance(x, str) else x)
/Users/juanbeltran/Developer/Honduras_coffee/_r/scripts/run_reports.py:253: FutureWarning: DataFrame.applymap has been deprecated. Use DataFrame.map instead.
  df = df.applymap(lambda x: x.strip() if isinstance(x, str) else x)
/Users/juanbeltran/Developer/Honduras_coffee/_r/scripts/run_reports.py:253: FutureWarning: DataFrame.applymap has been deprecated. Use DataFrame.map instead.
  df = df.applymap(lambda x: x.strip() if isinstance(x, str) else x)
/Users/juanbeltran/Developer/Honduras_coffee/_r/scripts/run_reports.py:253: FutureWarning: DataFrame.applymap has been deprecated. Use DataFrame.map instead.
  df = df.applymap(lambda x: x.strip() if isinstance(x, str) else x)
/Users/juanbeltran/Developer/Honduras_coffee/_r/scripts/run_reports.py:253: FutureWarning: DataFrame.applymap has been deprecated. Use DataFrame.map instead.
  df = df.applymap(lambda x: x.strip() if isinstance(x, str) else x)
/Users/juanbeltran/Developer/Honduras_coffee/_r/scripts/run_reports.py:253: FutureWarning: DataFrame.applymap has been deprecated. Use DataFrame.map instead.
  df = df.applymap(lambda x: x.strip() if isinstance(x, str) else x)
/Users/juanbeltran/Developer/Honduras_coffee/_r/scripts/run_reports.py:253: FutureWarning: DataFrame.applymap has been deprecated. Use DataFrame.map instead.
  df = df.applymap(lambda x: x.strip() if isinstance(x, str) else x)
/Users/juanbeltran/Developer/Honduras_coffee/_r/scripts/run_reports.py:253: FutureWarning: DataFrame.applymap has been deprecated. Use DataFrame.map instead.
  df = df.applymap(lambda x: x.strip() if isinstance(x, str) else x)
/Users/juanbeltran/Developer/Honduras_coffee/_r/scripts/run_reports.py:253: FutureWarning: DataFrame.applymap has been deprecated. Use DataFrame.map instead.
  df = df.applymap(lambda x: x.strip() if isinstance(x, str) else x)
/Users/juanbeltran/Developer/Honduras_coffee/_r/scripts/run_reports.py:253: FutureWarning: DataFrame.applymap has been deprecated. Use DataFrame.map instead.
  df = df.applymap(lambda x: x.strip() if isinstance(x, str) else x)
/Users/juanbeltran/Developer/Honduras_coffee/_r/scripts/run_reports.py:253: FutureWarning: DataFrame.applymap has been deprecated. Use DataFrame.map instead.
  df = df.applymap(lambda x: x.strip() if isinstance(x, str) else x)
/Users/juanbeltran/Developer/Honduras_coffee/_r/scripts/run_reports.py:253: FutureWarning: DataFrame.applymap has been deprecated. Use DataFrame.map instead.
  df = df.applymap(lambda x: x.strip() if isinstance(x, str) else x)
/Users/juanbeltran/Developer/Honduras_coffee/_r/scripts/run_reports.py:253: FutureWarning: DataFrame.applymap has been deprecated. Use DataFrame.map instead.
  df = df.applymap(lambda x: x.strip() if isinstance(x, str) else x)
/Users/juanbeltran/Developer/Honduras_coffee/_r/scripts/run_reports.py:253: FutureWarning: DataFrame.applymap has been deprecated. Use DataFrame.map instead.
  df = df.applymap(lambda x: x.strip() if isinstance(x, str) else x)
/Users/juanbeltran/Developer/Honduras_coffee/_r/scripts/run_reports.py:253: FutureWarning: DataFrame.applymap has been deprecated. Use DataFrame.map instead.
  df = df.applymap(lambda x: x.strip() if isinstance(x, str) else x)
/Users/juanbeltran/Developer/Honduras_coffee/_r/scripts/run_reports.py:253: FutureWarning: DataFrame.applymap has been deprecated. Use DataFrame.map instead.
  df = df.applymap(lambda x: x.strip() if isinstance(x, str) else x)
/Users/juanbeltran/Developer/Honduras_coffee/_r/scripts/run_reports.py:253: FutureWarning: DataFrame.applymap has been deprecated. Use DataFrame.map instead.
  df = df.applymap(lambda x: x.strip() if isinstance(x, str) else x)
/Users/juanbeltran/Developer/Honduras_coffee/_r/scripts/run_reports.py:253: FutureWarning: DataFrame.applymap has been deprecated. Use DataFrame.map instead.
  df = df.applymap(lambda x: x.strip() if isinstance(x, str) else x)
/Users/juanbeltran/Developer/Honduras_coffee/_r/scripts/run_reports.py:253: FutureWarning: DataFrame.applymap has been deprecated. Use DataFrame.map instead.
  df = df.applymap(lambda x: x.strip() if isinstance(x, str) else x)
/Users/juanbeltran/Developer/Honduras_coffee/_r/scripts/run_reports.py:253: FutureWarning: DataFrame.applymap has been deprecated. Use DataFrame.map instead.
  df = df.applymap(lambda x: x.strip() if isinstance(x, str) else x)
/Users/juanbeltran/Developer/Honduras_coffee/_r/scripts/run_reports.py:253: FutureWarning: DataFrame.applymap has been deprecated. Use DataFrame.map instead.
  df = df.applymap(lambda x: x.strip() if isinstance(x, str) else x)
/Users/juanbeltran/Developer/Honduras_coffee/_r/scripts/run_reports.py:253: FutureWarning: DataFrame.applymap has been deprecated. Use DataFrame.map instead.
  df = df.applymap(lambda x: x.strip() if isinstance(x, str) else x)
/Users/juanbeltran/Developer/Honduras_coffee/_r/scripts/run_reports.py:253: FutureWarning: DataFrame.applymap has been deprecated. Use DataFrame.map instead.
  df = df.applymap(lambda x: x.strip() if isinstance(x, str) else x)
/Users/juanbeltran/Developer/Honduras_coffee/_r/scripts/run_reports.py:253: FutureWarning: DataFrame.applymap has been deprecated. Use DataFrame.map instead.
  df = df.applymap(lambda x: x.strip() if isinstance(x, str) else x)
/Users/juanbeltran/Developer/Honduras_coffee/_r/scripts/run_reports.py:253: FutureWarning: DataFrame.applymap has been deprecated. Use DataFrame.map instead.
  df = df.applymap(lambda x: x.strip() if isinstance(x, str) else x)
/Users/juanbeltran/Developer/Honduras_coffee/_r/scripts/run_reports.py:253: FutureWarning: DataFrame.applymap has been deprecated. Use DataFrame.map instead.
  df = df.applymap(lambda x: x.strip() if isinstance(x, str) else x)
/Users/juanbeltran/Developer/Honduras_coffee/_r/scripts/run_reports.py:253: FutureWarning: DataFrame.applymap has been deprecated. Use DataFrame.map instead.
  df = df.applymap(lambda x: x.strip() if isinstance(x, str) else x)
/Users/juanbeltran/Developer/Honduras_coffee/_r/scripts/run_reports.py:253: FutureWarning: DataFrame.applymap has been deprecated. Use DataFrame.map instead.
  df = df.applymap(lambda x: x.strip() if isinstance(x, str) else x)
/Users/juanbeltran/Developer/Honduras_coffee/_r/scripts/run_reports.py:253: FutureWarning: DataFrame.applymap has been deprecated. Use DataFrame.map instead.
  df = df.applymap(lambda x: x.strip() if isinstance(x, str) else x)
/Users/juanbeltran/Developer/Honduras_coffee/_r/scripts/run_reports.py:253: FutureWarning: DataFrame.applymap has been deprecated. Use DataFrame.map instead.
  df = df.applymap(lambda x: x.strip() if isinstance(x, str) else x)
/Users/juanbeltran/Developer/Honduras_coffee/_r/scripts/run_reports.py:253: FutureWarning: DataFrame.applymap has been deprecated. Use DataFrame.map instead.
  df = df.applymap(lambda x: x.strip() if isinstance(x, str) else x)
/Users/juanbeltran/Developer/Honduras_coffee/_r/scripts/run_reports.py:253: FutureWarning: DataFrame.applymap has been deprecated. Use DataFrame.map instead.
  df = df.applymap(lambda x: x.strip() if isinstance(x, str) else x)
/Users/juanbeltran/Developer/Honduras_coffee/_r/scripts/run_reports.py:253: FutureWarning: DataFrame.applymap has been deprecated. Use DataFrame.map instead.
  df = df.applymap(lambda x: x.strip() if isinstance(x, str) else x)
/Users/juanbeltran/Developer/Honduras_coffee/_r/scripts/run_reports.py:253: FutureWarning: DataFrame.applymap has been deprecated. Use DataFrame.map instead.
  df = df.applymap(lambda x: x.strip() if isinstance(x, str) else x)
/Users/juanbeltran/Developer/Honduras_coffee/_r/scripts/run_reports.py:253: FutureWarning: DataFrame.applymap has been deprecated. Use DataFrame.map instead.
  df = df.applymap(lambda x: x.strip() if isinstance(x, str) else x)
/Users/juanbeltran/Developer/Honduras_coffee/_r/scripts/run_reports.py:253: FutureWarning: DataFrame.applymap has been deprecated. Use DataFrame.map instead.
  df = df.applymap(lambda x: x.strip() if isinstance(x, str) else x)
/Users/juanbeltran/Developer/Honduras_coffee/_r/scripts/run_reports.py:253: FutureWarning: DataFrame.applymap has been deprecated. Use DataFrame.map instead.
  df = df.applymap(lambda x: x.strip() if isinstance(x, str) else x)
/Users/juanbeltran/Developer/Honduras_coffee/_r/scripts/run_reports.py:253: FutureWarning: DataFrame.applymap has been deprecated. Use DataFrame.map instead.
  df = df.applymap(lambda x: x.strip() if isinstance(x, str) else x)
/Users/juanbeltran/Developer/Honduras_coffee/_r/scripts/run_reports.py:253: FutureWarning: DataFrame.applymap has been deprecated. Use DataFrame.map instead.
  df = df.applymap(lambda x: x.strip() if isinstance(x, str) else x)
/Users/juanbeltran/Developer/Honduras_coffee/_r/scripts/run_reports.py:253: FutureWarning: DataFrame.applymap has been deprecated. Use DataFrame.map instead.
  df = df.applymap(lambda x: x.strip() if isinstance(x, str) else x)
/Users/juanbeltran/Developer/Honduras_coffee/_r/scripts/run_reports.py:253: FutureWarning: DataFrame.applymap has been deprecated. Use DataFrame.map instead.
  df = df.applymap(lambda x: x.strip() if isinstance(x, str) else x)
/Users/juanbeltran/Developer/Honduras_coffee/_r/scripts/run_reports.py:253: FutureWarning: DataFrame.applymap has been deprecated. Use DataFrame.map instead.
  df = df.applymap(lambda x: x.strip() if isinstance(x, str) else x)
/Users/juanbeltran/Developer/Honduras_coffee/_r/scripts/run_reports.py:253: FutureWarning: DataFrame.applymap has been deprecated. Use DataFrame.map instead.
  df = df.applymap(lambda x: x.strip() if isinstance(x, str) else x)
/Users/juanbeltran/Developer/Honduras_coffee/_r/scripts/run_reports.py:253: FutureWarning: DataFrame.applymap has been deprecated. Use DataFrame.map instead.
  df = df.applymap(lambda x: x.strip() if isinstance(x, str) else x)
/Users/juanbeltran/Developer/Honduras_coffee/_r/scripts/run_reports.py:253: FutureWarning: DataFrame.applymap has been deprecated. Use DataFrame.map instead.
  df = df.applymap(lambda x: x.strip() if isinstance(x, str) else x)
/Users/juanbeltran/Developer/Honduras_coffee/_r/scripts/run_reports.py:253: FutureWarning: DataFrame.applymap has been deprecated. Use DataFrame.map instead.
  df = df.applymap(lambda x: x.strip() if isinstance(x, str) else x)
/Users/juanbeltran/Developer/Honduras_coffee/_r/scripts/run_reports.py:253: FutureWarning: DataFrame.applymap has been deprecated. Use DataFrame.map instead.
  df = df.applymap(lambda x: x.strip() if isinstance(x, str) else x)
/Users/juanbeltran/Developer/Honduras_coffee/_r/scripts/run_reports.py:253: FutureWarning: DataFrame.applymap has been deprecated. Use DataFrame.map instead.
  df = df.applymap(lambda x: x.strip() if isinstance(x, str) else x)
/Users/juanbeltran/Developer/Honduras_coffee/_r/scripts/run_reports.py:253: FutureWarning: DataFrame.applymap has been deprecated. Use DataFrame.map instead.
  df = df.applymap(lambda x: x.strip() if isinstance(x, str) else x)
/Users/juanbeltran/Developer/Honduras_coffee/_r/scripts/run_reports.py:253: FutureWarning: DataFrame.applymap has been deprecated. Use DataFrame.map instead.
  df = df.applymap(lambda x: x.strip() if isinstance(x, str) else x)
/Users/juanbeltran/Developer/Honduras_coffee/_r/scripts/run_reports.py:253: FutureWarning: DataFrame.applymap has been deprecated. Use DataFrame.map instead.
  df = df.applymap(lambda x: x.strip() if isinstance(x, str) else x)
/Users/juanbeltran/Developer/Honduras_coffee/_r/scripts/run_reports.py:253: FutureWarning: DataFrame.applymap has been deprecated. Use DataFrame.map instead.
  df = df.applymap(lambda x: x.strip() if isinstance(x, str) else x)
/Users/juanbeltran/Developer/Honduras_coffee/_r/scripts/run_reports.py:253: FutureWarning: DataFrame.applymap has been deprecated. Use DataFrame.map instead.
  df = df.applymap(lambda x: x.strip() if isinstance(x, str) else x)
/Users/juanbeltran/Developer/Honduras_coffee/_r/scripts/run_reports.py:253: FutureWarning: DataFrame.applymap has been deprecated. Use DataFrame.map instead.
  df = df.applymap(lambda x: x.strip() if isinstance(x, str) else x)
/Users/juanbeltran/Developer/Honduras_coffee/_r/scripts/run_reports.py:253: FutureWarning: DataFrame.applymap has been deprecated. Use DataFrame.map instead.
  df = df.applymap(lambda x: x.strip() if isinstance(x, str) else x)
/Users/juanbeltran/Developer/Honduras_coffee/_r/scripts/run_reports.py:253: FutureWarning: DataFrame.applymap has been deprecated. Use DataFrame.map instead.
  df = df.applymap(lambda x: x.strip() if isinstance(x, str) else x)
/Users/juanbeltran/Developer/Honduras_coffee/_r/scripts/run_reports.py:253: FutureWarning: DataFrame.applymap has been deprecated. Use DataFrame.map instead.
  df = df.applymap(lambda x: x.strip() if isinstance(x, str) else x)
/Users/juanbeltran/Developer/Honduras_coffee/_r/scripts/run_reports.py:253: FutureWarning: DataFrame.applymap has been deprecated. Use DataFrame.map instead.
  df = df.applymap(lambda x: x.strip() if isinstance(x, str) else x)
/Users/juanbeltran/Developer/Honduras_coffee/_r/scripts/run_reports.py:253: FutureWarning: DataFrame.applymap has been deprecated. Use DataFrame.map instead.
  df = df.applymap(lambda x: x.strip() if isinstance(x, str) else x)
/Users/juanbeltran/Developer/Honduras_coffee/_r/scripts/run_reports.py:253: FutureWarning: DataFrame.applymap has been deprecated. Use DataFrame.map instead.
  df = df.applymap(lambda x: x.strip() if isinstance(x, str) else x)
/Users/juanbeltran/Developer/Honduras_coffee/_r/scripts/run_reports.py:253: FutureWarning: DataFrame.applymap has been deprecated. Use DataFrame.map instead.
  df = df.applymap(lambda x: x.strip() if isinstance(x, str) else x)
/Users/juanbeltran/Developer/Honduras_coffee/_r/scripts/run_reports.py:253: FutureWarning: DataFrame.applymap has been deprecated. Use DataFrame.map instead.
  df = df.applymap(lambda x: x.strip() if isinstance(x, str) else x)
/Users/juanbeltran/Developer/Honduras_coffee/_r/scripts/run_reports.py:253: FutureWarning: DataFrame.applymap has been deprecated. Use DataFrame.map instead.
  df = df.applymap(lambda x: x.strip() if isinstance(x, str) else x)
/Users/juanbeltran/Developer/Honduras_coffee/_r/scripts/run_reports.py:253: FutureWarning: DataFrame.applymap has been deprecated. Use DataFrame.map instead.
  df = df.applymap(lambda x: x.strip() if isinstance(x, str) else x)
/Users/juanbeltran/Developer/Honduras_coffee/_r/scripts/run_reports.py:253: FutureWarning: DataFrame.applymap has been deprecated. Use DataFrame.map instead.
  df = df.applymap(lambda x: x.strip() if isinstance(x, str) else x)
/Users/juanbeltran/Developer/Honduras_coffee/_r/scripts/run_reports.py:253: FutureWarning: DataFrame.applymap has been deprecated. Use DataFrame.map instead.
  df = df.applymap(lambda x: x.strip() if isinstance(x, str) else x)
/Users/juanbeltran/Developer/Honduras_coffee/_r/scripts/run_reports.py:253: FutureWarning: DataFrame.applymap has been deprecated. Use DataFrame.map instead.
  df = df.applymap(lambda x: x.strip() if isinstance(x, str) else x)
/Users/juanbeltran/Developer/Honduras_coffee/_r/scripts/run_reports.py:253: FutureWarning: DataFrame.applymap has been deprecated. Use DataFrame.map instead.
  df = df.applymap(lambda x: x.strip() if isinstance(x, str) else x)
/Users/juanbeltran/Developer/Honduras_coffee/_r/scripts/run_reports.py:253: FutureWarning: DataFrame.applymap has been deprecated. Use DataFrame.map instead.
  df = df.applymap(lambda x: x.strip() if isinstance(x, str) else x)
/Users/juanbeltran/Developer/Honduras_coffee/_r/scripts/run_reports.py:253: FutureWarning: DataFrame.applymap has been deprecated. Use DataFrame.map instead.
  df = df.applymap(lambda x: x.strip() if isinstance(x, str) else x)
/Users/juanbeltran/Developer/Honduras_coffee/_r/scripts/run_reports.py:253: FutureWarning: DataFrame.applymap has been deprecated. Use DataFrame.map instead.
  df = df.applymap(lambda x: x.strip() if isinstance(x, str) else x)
/Users/juanbeltran/Developer/Honduras_coffee/_r/scripts/run_reports.py:253: FutureWarning: DataFrame.applymap has been deprecated. Use DataFrame.map instead.
  df = df.applymap(lambda x: x.strip() if isinstance(x, str) else x)
/Users/juanbeltran/Developer/Honduras_coffee/_r/scripts/run_reports.py:253: FutureWarning: DataFrame.applymap has been deprecated. Use DataFrame.map instead.
  df = df.applymap(lambda x: x.strip() if isinstance(x, str) else x)
/Users/juanbeltran/Developer/Honduras_coffee/_r/scripts/run_reports.py:253: FutureWarning: DataFrame.applymap has been deprecated. Use DataFrame.map instead.
  df = df.applymap(lambda x: x.strip() if isinstance(x, str) else x)
/Users/juanbeltran/Developer/Honduras_coffee/_r/scripts/run_reports.py:253: FutureWarning: DataFrame.applymap has been deprecated. Use DataFrame.map instead.
  df = df.applymap(lambda x: x.strip() if isinstance(x, str) else x)
/Users/juanbeltran/Developer/Honduras_coffee/_r/scripts/run_reports.py:253: FutureWarning: DataFrame.applymap has been deprecated. Use DataFrame.map instead.
  df = df.applymap(lambda x: x.strip() if isinstance(x, str) else x)
/Users/juanbeltran/Developer/Honduras_coffee/_r/scripts/run_reports.py:253: FutureWarning: DataFrame.applymap has been deprecated. Use DataFrame.map instead.
  df = df.applymap(lambda x: x.strip() if isinstance(x, str) else x)
/Users/juanbeltran/Developer/Honduras_coffee/_r/scripts/run_reports.py:253: FutureWarning: DataFrame.applymap has been deprecated. Use DataFrame.map instead.
  df = df.applymap(lambda x: x.strip() if isinstance(x, str) else x)
/Users/juanbeltran/Developer/Honduras_coffee/_r/scripts/run_reports.py:253: FutureWarning: DataFrame.applymap has been deprecated. Use DataFrame.map instead.
  df = df.applymap(lambda x: x.strip() if isinstance(x, str) else x)
/Users/juanbeltran/Developer/Honduras_coffee/_r/scripts/run_reports.py:253: FutureWarning: DataFrame.applymap has been deprecated. Use DataFrame.map instead.
  df = df.applymap(lambda x: x.strip() if isinstance(x, str) else x)
/Users/juanbeltran/Developer/Honduras_coffee/_r/scripts/run_reports.py:253: FutureWarning: DataFrame.applymap has been deprecated. Use DataFrame.map instead.
  df = df.applymap(lambda x: x.strip() if isinstance(x, str) else x)
/Users/juanbeltran/Developer/Honduras_coffee/_r/scripts/run_reports.py:253: FutureWarning: DataFrame.applymap has been deprecated. Use DataFrame.map instead.
  df = df.applymap(lambda x: x.strip() if isinstance(x, str) else x)
/Users/juanbeltran/Developer/Honduras_coffee/_r/scripts/run_reports.py:253: FutureWarning: DataFrame.applymap has been deprecated. Use DataFrame.map instead.
  df = df.applymap(lambda x: x.strip() if isinstance(x, str) else x)
/Users/juanbeltran/Developer/Honduras_coffee/_r/scripts/run_reports.py:253: FutureWarning: DataFrame.applymap has been deprecated. Use DataFrame.map instead.
  df = df.applymap(lambda x: x.strip() if isinstance(x, str) else x)
/Users/juanbeltran/Developer/Honduras_coffee/_r/scripts/run_reports.py:253: FutureWarning: DataFrame.applymap has been deprecated. Use DataFrame.map instead.
  df = df.applymap(lambda x: x.strip() if isinstance(x, str) else x)
/Users/juanbeltran/Developer/Honduras_coffee/_r/scripts/run_reports.py:253: FutureWarning: DataFrame.applymap has been deprecated. Use DataFrame.map instead.
  df = df.applymap(lambda x: x.strip() if isinstance(x, str) else x)
/Users/juanbeltran/Developer/Honduras_coffee/_r/scripts/run_reports.py:253: FutureWarning: DataFrame.applymap has been deprecated. Use DataFrame.map instead.
  df = df.applymap(lambda x: x.strip() if isinstance(x, str) else x)
/Users/juanbeltran/Developer/Honduras_coffee/_r/scripts/run_reports.py:253: FutureWarning: DataFrame.applymap has been deprecated. Use DataFrame.map instead.
  df = df.applymap(lambda x: x.strip() if isinstance(x, str) else x)
/Users/juanbeltran/Developer/Honduras_coffee/_r/scripts/run_reports.py:253: FutureWarning: DataFrame.applymap has been deprecated. Use DataFrame.map instead.
  df = df.applymap(lambda x: x.strip() if isinstance(x, str) else x)
/Users/juanbeltran/Developer/Honduras_coffee/_r/scripts/run_reports.py:253: FutureWarning: DataFrame.applymap has been deprecated. Use DataFrame.map instead.
  df = df.applymap(lambda x: x.strip() if isinstance(x, str) else x)
/Users/juanbeltran/Developer/Honduras_coffee/_r/scripts/run_reports.py:253: FutureWarning: DataFrame.applymap has been deprecated. Use DataFrame.map instead.
  df = df.applymap(lambda x: x.strip() if isinstance(x, str) else x)
/Users/juanbeltran/Developer/Honduras_coffee/_r/scripts/run_reports.py:253: FutureWarning: DataFrame.applymap has been deprecated. Use DataFrame.map instead.
  df = df.applymap(lambda x: x.strip() if isinstance(x, str) else x)
/Users/juanbeltran/Developer/Honduras_coffee/_r/scripts/run_reports.py:253: FutureWarning: DataFrame.applymap has been deprecated. Use DataFrame.map instead.
  df = df.applymap(lambda x: x.strip() if isinstance(x, str) else x)
/Users/juanbeltran/Developer/Honduras_coffee/_r/scripts/run_reports.py:253: FutureWarning: DataFrame.applymap has been deprecated. Use DataFrame.map instead.
  df = df.applymap(lambda x: x.strip() if isinstance(x, str) else x)
/Users/juanbeltran/Developer/Honduras_coffee/_r/scripts/run_reports.py:253: FutureWarning: DataFrame.applymap has been deprecated. Use DataFrame.map instead.
  df = df.applymap(lambda x: x.strip() if isinstance(x, str) else x)
/Users/juanbeltran/Developer/Honduras_coffee/_r/scripts/run_reports.py:253: FutureWarning: DataFrame.applymap has been deprecated. Use DataFrame.map instead.
  df = df.applymap(lambda x: x.strip() if isinstance(x, str) else x)
/Users/juanbeltran/Developer/Honduras_coffee/_r/scripts/run_reports.py:253: FutureWarning: DataFrame.applymap has been deprecated. Use DataFrame.map instead.
  df = df.applymap(lambda x: x.strip() if isinstance(x, str) else x)
/Users/juanbeltran/Developer/Honduras_coffee/_r/scripts/run_reports.py:253: FutureWarning: DataFrame.applymap has been deprecated. Use DataFrame.map instead.
  df = df.applymap(lambda x: x.strip() if isinstance(x, str) else x)
/Users/juanbeltran/Developer/Honduras_coffee/_r/scripts/run_reports.py:253: FutureWarning: DataFrame.applymap has been deprecated. Use DataFrame.map instead.
  df = df.applymap(lambda x: x.strip() if isinstance(x, str) else x)
/Users/juanbeltran/Developer/Honduras_coffee/_r/scripts/run_reports.py:253: FutureWarning: DataFrame.applymap has been deprecated. Use DataFrame.map instead.
  df = df.applymap(lambda x: x.strip() if isinstance(x, str) else x)
/Users/juanbeltran/Developer/Honduras_coffee/_r/scripts/run_reports.py:253: FutureWarning: DataFrame.applymap has been deprecated. Use DataFrame.map instead.
  df = df.applymap(lambda x: x.strip() if isinstance(x, str) else x)
/Users/juanbeltran/Developer/Honduras_coffee/_r/scripts/run_reports.py:253: FutureWarning: DataFrame.applymap has been deprecated. Use DataFrame.map instead.
  df = df.applymap(lambda x: x.strip() if isinstance(x, str) else x)
/Users/juanbeltran/Developer/Honduras_coffee/_r/scripts/run_reports.py:253: FutureWarning: DataFrame.applymap has been deprecated. Use DataFrame.map instead.
  df = df.applymap(lambda x: x.strip() if isinstance(x, str) else x)
/Users/juanbeltran/Developer/Honduras_coffee/_r/scripts/run_reports.py:253: FutureWarning: DataFrame.applymap has been deprecated. Use DataFrame.map instead.
  df = df.applymap(lambda x: x.strip() if isinstance(x, str) else x)
/Users/juanbeltran/Developer/Honduras_coffee/_r/scripts/run_reports.py:253: FutureWarning: DataFrame.applymap has been deprecated. Use DataFrame.map instead.
  df = df.applymap(lambda x: x.strip() if isinstance(x, str) else x)
/Users/juanbeltran/Developer/Honduras_coffee/_r/scripts/run_reports.py:253: FutureWarning: DataFrame.applymap has been deprecated. Use DataFrame.map instead.
  df = df.applymap(lambda x: x.strip() if isinstance(x, str) else x)
/Users/juanbeltran/Developer/Honduras_coffee/_r/scripts/run_reports.py:253: FutureWarning: DataFrame.applymap has been deprecated. Use DataFrame.map instead.
  df = df.applymap(lambda x: x.strip() if isinstance(x, str) else x)
/Users/juanbeltran/Developer/Honduras_coffee/_r/scripts/run_reports.py:253: FutureWarning: DataFrame.applymap has been deprecated. Use DataFrame.map instead.
  df = df.applymap(lambda x: x.strip() if isinstance(x, str) else x)
/Users/juanbeltran/Developer/Honduras_coffee/_r/scripts/run_reports.py:253: FutureWarning: DataFrame.applymap has been deprecated. Use DataFrame.map instead.
  df = df.applymap(lambda x: x.strip() if isinstance(x, str) else x)
/Users/juanbeltran/Developer/Honduras_coffee/_r/scripts/run_reports.py:253: FutureWarning: DataFrame.applymap has been deprecated. Use DataFrame.map instead.
  df = df.applymap(lambda x: x.strip() if isinstance(x, str) else x)
/Users/juanbeltran/Developer/Honduras_coffee/_r/scripts/run_reports.py:253: FutureWarning: DataFrame.applymap has been deprecated. Use DataFrame.map instead.
  df = df.applymap(lambda x: x.strip() if isinstance(x, str) else x)
/Users/juanbeltran/Developer/Honduras_coffee/_r/scripts/run_reports.py:253: FutureWarning: DataFrame.applymap has been deprecated. Use DataFrame.map instead.
  df = df.applymap(lambda x: x.strip() if isinstance(x, str) else x)
/Users/juanbeltran/Developer/Honduras_coffee/_r/scripts/run_reports.py:253: FutureWarning: DataFrame.applymap has been deprecated. Use DataFrame.map instead.
  df = df.applymap(lambda x: x.strip() if isinstance(x, str) else x)
/Users/juanbeltran/Developer/Honduras_coffee/_r/scripts/run_reports.py:253: FutureWarning: DataFrame.applymap has been deprecated. Use DataFrame.map instead.
  df = df.applymap(lambda x: x.strip() if isinstance(x, str) else x)
/Users/juanbeltran/Developer/Honduras_coffee/_r/scripts/run_reports.py:253: FutureWarning: DataFrame.applymap has been deprecated. Use DataFrame.map instead.
  df = df.applymap(lambda x: x.strip() if isinstance(x, str) else x)
/Users/juanbeltran/Developer/Honduras_coffee/_r/scripts/run_reports.py:253: FutureWarning: DataFrame.applymap has been deprecated. Use DataFrame.map instead.
  df = df.applymap(lambda x: x.strip() if isinstance(x, str) else x)
/Users/juanbeltran/Developer/Honduras_coffee/_r/scripts/run_reports.py:253: FutureWarning: DataFrame.applymap has been deprecated. Use DataFrame.map instead.
  df = df.applymap(lambda x: x.strip() if isinstance(x, str) else x)
/Users/juanbeltran/Developer/Honduras_coffee/_r/scripts/run_reports.py:253: FutureWarning: DataFrame.applymap has been deprecated. Use DataFrame.map instead.
  df = df.applymap(lambda x: x.strip() if isinstance(x, str) else x)
/Users/juanbeltran/Developer/Honduras_coffee/_r/scripts/run_reports.py:253: FutureWarning: DataFrame.applymap has been deprecated. Use DataFrame.map instead.
  df = df.applymap(lambda x: x.strip() if isinstance(x, str) else x)
/Users/juanbeltran/Developer/Honduras_coffee/_r/scripts/run_reports.py:253: FutureWarning: DataFrame.applymap has been deprecated. Use DataFrame.map instead.
  df = df.applymap(lambda x: x.strip() if isinstance(x, str) else x)
/Users/juanbeltran/Developer/Honduras_coffee/_r/scripts/run_reports.py:253: FutureWarning: DataFrame.applymap has been deprecated. Use DataFrame.map instead.
  df = df.applymap(lambda x: x.strip() if isinstance(x, str) else x)
/Users/juanbeltran/Developer/Honduras_coffee/_r/scripts/run_reports.py:253: FutureWarning: DataFrame.applymap has been deprecated. Use DataFrame.map instead.
  df = df.applymap(lambda x: x.strip() if isinstance(x, str) else x)
/Users/juanbeltran/Developer/Honduras_coffee/_r/scripts/run_reports.py:253: FutureWarning: DataFrame.applymap has been deprecated. Use DataFrame.map instead.
  df = df.applymap(lambda x: x.strip() if isinstance(x, str) else x)
/Users/juanbeltran/Developer/Honduras_coffee/_r/scripts/run_reports.py:253: FutureWarning: DataFrame.applymap has been deprecated. Use DataFrame.map instead.
  df = df.applymap(lambda x: x.strip() if isinstance(x, str) else x)
/Users/juanbeltran/Developer/Honduras_coffee/_r/scripts/run_reports.py:253: FutureWarning: DataFrame.applymap has been deprecated. Use DataFrame.map instead.
  df = df.applymap(lambda x: x.strip() if isinstance(x, str) else x)
/Users/juanbeltran/Developer/Honduras_coffee/_r/scripts/run_reports.py:253: FutureWarning: DataFrame.applymap has been deprecated. Use DataFrame.map instead.
  df = df.applymap(lambda x: x.strip() if isinstance(x, str) else x)
/Users/juanbeltran/Developer/Honduras_coffee/_r/scripts/run_reports.py:253: FutureWarning: DataFrame.applymap has been deprecated. Use DataFrame.map instead.
  df = df.applymap(lambda x: x.strip() if isinstance(x, str) else x)
/Users/juanbeltran/Developer/Honduras_coffee/_r/scripts/run_reports.py:253: FutureWarning: DataFrame.applymap has been deprecated. Use DataFrame.map instead.
  df = df.applymap(lambda x: x.strip() if isinstance(x, str) else x)
/Users/juanbeltran/Developer/Honduras_coffee/_r/scripts/run_reports.py:253: FutureWarning: DataFrame.applymap has been deprecated. Use DataFrame.map instead.
  df = df.applymap(lambda x: x.strip() if isinstance(x, str) else x)
/Users/juanbeltran/Developer/Honduras_coffee/_r/scripts/run_reports.py:253: FutureWarning: DataFrame.applymap has been deprecated. Use DataFrame.map instead.
  df = df.applymap(lambda x: x.strip() if isinstance(x, str) else x)
/Users/juanbeltran/Developer/Honduras_coffee/_r/scripts/run_reports.py:253: FutureWarning: DataFrame.applymap has been deprecated. Use DataFrame.map instead.
  df = df.applymap(lambda x: x.strip() if isinstance(x, str) else x)
/Users/juanbeltran/Developer/Honduras_coffee/_r/scripts/run_reports.py:253: FutureWarning: DataFrame.applymap has been deprecated. Use DataFrame.map instead.
  df = df.applymap(lambda x: x.strip() if isinstance(x, str) else x)
/Users/juanbeltran/Developer/Honduras_coffee/_r/scripts/run_reports.py:253: FutureWarning: DataFrame.applymap has been deprecated. Use DataFrame.map instead.
  df = df.applymap(lambda x: x.strip() if isinstance(x, str) else x)
/Users/juanbeltran/Developer/Honduras_coffee/_r/scripts/run_reports.py:253: FutureWarning: DataFrame.applymap has been deprecated. Use DataFrame.map instead.
  df = df.applymap(lambda x: x.strip() if isinstance(x, str) else x)
/Users/juanbeltran/Developer/Honduras_coffee/_r/scripts/run_reports.py:253: FutureWarning: DataFrame.applymap has been deprecated. Use DataFrame.map instead.
  df = df.applymap(lambda x: x.strip() if isinstance(x, str) else x)
/Users/juanbeltran/Developer/Honduras_coffee/_r/scripts/run_reports.py:253: FutureWarning: DataFrame.applymap has been deprecated. Use DataFrame.map instead.
  df = df.applymap(lambda x: x.strip() if isinstance(x, str) else x)
/Users/juanbeltran/Developer/Honduras_coffee/_r/scripts/run_reports.py:253: FutureWarning: DataFrame.applymap has been deprecated. Use DataFrame.map instead.
  df = df.applymap(lambda x: x.strip() if isinstance(x, str) else x)
/Users/juanbeltran/Developer/Honduras_coffee/_r/scripts/run_reports.py:253: FutureWarning: DataFrame.applymap has been deprecated. Use DataFrame.map instead.
  df = df.applymap(lambda x: x.strip() if isinstance(x, str) else x)
/Users/juanbeltran/Developer/Honduras_coffee/_r/scripts/run_reports.py:253: FutureWarning: DataFrame.applymap has been deprecated. Use DataFrame.map instead.
  df = df.applymap(lambda x: x.strip() if isinstance(x, str) else x)
/Users/juanbeltran/Developer/Honduras_coffee/_r/scripts/run_reports.py:253: FutureWarning: DataFrame.applymap has been deprecated. Use DataFrame.map instead.
  df = df.applymap(lambda x: x.strip() if isinstance(x, str) else x)
/Users/juanbeltran/Developer/Honduras_coffee/_r/scripts/run_reports.py:253: FutureWarning: DataFrame.applymap has been deprecated. Use DataFrame.map instead.
  df = df.applymap(lambda x: x.strip() if isinstance(x, str) else x)
/Users/juanbeltran/Developer/Honduras_coffee/_r/scripts/run_reports.py:253: FutureWarning: DataFrame.applymap has been deprecated. Use DataFrame.map instead.
  df = df.applymap(lambda x: x.strip() if isinstance(x, str) else x)
/Users/juanbeltran/Developer/Honduras_coffee/_r/scripts/run_reports.py:253: FutureWarning: DataFrame.applymap has been deprecated. Use DataFrame.map instead.
  df = df.applymap(lambda x: x.strip() if isinstance(x, str) else x)
/Users/juanbeltran/Developer/Honduras_coffee/_r/scripts/run_reports.py:253: FutureWarning: DataFrame.applymap has been deprecated. Use DataFrame.map instead.
  df = df.applymap(lambda x: x.strip() if isinstance(x, str) else x)
/Users/juanbeltran/Developer/Honduras_coffee/_r/scripts/run_reports.py:253: FutureWarning: DataFrame.applymap has been deprecated. Use DataFrame.map instead.
  df = df.applymap(lambda x: x.strip() if isinstance(x, str) else x)
/Users/juanbeltran/Developer/Honduras_coffee/_r/scripts/run_reports.py:253: FutureWarning: DataFrame.applymap has been deprecated. Use DataFrame.map instead.
  df = df.applymap(lambda x: x.strip() if isinstance(x, str) else x)
/Users/juanbeltran/Developer/Honduras_coffee/_r/scripts/run_reports.py:253: FutureWarning: DataFrame.applymap has been deprecated. Use DataFrame.map instead.
  df = df.applymap(lambda x: x.strip() if isinstance(x, str) else x)
/Users/juanbeltran/Developer/Honduras_coffee/_r/scripts/run_reports.py:253: FutureWarning: DataFrame.applymap has been deprecated. Use DataFrame.map instead.
  df = df.applymap(lambda x: x.strip() if isinstance(x, str) else x)
/Users/juanbeltran/Developer/Honduras_coffee/_r/scripts/run_reports.py:253: FutureWarning: DataFrame.applymap has been deprecated. Use DataFrame.map instead.
  df = df.applymap(lambda x: x.strip() if isinstance(x, str) else x)
/Users/juanbeltran/Developer/Honduras_coffee/_r/scripts/run_reports.py:253: FutureWarning: DataFrame.applymap has been deprecated. Use DataFrame.map instead.
  df = df.applymap(lambda x: x.strip() if isinstance(x, str) else x)
/Users/juanbeltran/Developer/Honduras_coffee/_r/scripts/run_reports.py:253: FutureWarning: DataFrame.applymap has been deprecated. Use DataFrame.map instead.
  df = df.applymap(lambda x: x.strip() if isinstance(x, str) else x)
/Users/juanbeltran/Developer/Honduras_coffee/_r/scripts/run_reports.py:253: FutureWarning: DataFrame.applymap has been deprecated. Use DataFrame.map instead.
  df = df.applymap(lambda x: x.strip() if isinstance(x, str) else x)
/Users/juanbeltran/Developer/Honduras_coffee/_r/scripts/run_reports.py:253: FutureWarning: DataFrame.applymap has been deprecated. Use DataFrame.map instead.
  df = df.applymap(lambda x: x.strip() if isinstance(x, str) else x)
/Users/juanbeltran/Developer/Honduras_coffee/_r/scripts/run_reports.py:253: FutureWarning: DataFrame.applymap has been deprecated. Use DataFrame.map instead.
  df = df.applymap(lambda x: x.strip() if isinstance(x, str) else x)
/Users/juanbeltran/Developer/Honduras_coffee/_r/scripts/run_reports.py:253: FutureWarning: DataFrame.applymap has been deprecated. Use DataFrame.map instead.
  df = df.applymap(lambda x: x.strip() if isinstance(x, str) else x)
/Users/juanbeltran/Developer/Honduras_coffee/_r/scripts/run_reports.py:253: FutureWarning: DataFrame.applymap has been deprecated. Use DataFrame.map instead.
  df = df.applymap(lambda x: x.strip() if isinstance(x, str) else x)
/Users/juanbeltran/Developer/Honduras_coffee/_r/scripts/run_reports.py:253: FutureWarning: DataFrame.applymap has been deprecated. Use DataFrame.map instead.
  df = df.applymap(lambda x: x.strip() if isinstance(x, str) else x)
/Users/juanbeltran/Developer/Honduras_coffee/_r/scripts/run_reports.py:253: FutureWarning: DataFrame.applymap has been deprecated. Use DataFrame.map instead.
  df = df.applymap(lambda x: x.strip() if isinstance(x, str) else x)
/Users/juanbeltran/Developer/Honduras_coffee/_r/scripts/run_reports.py:253: FutureWarning: DataFrame.applymap has been deprecated. Use DataFrame.map instead.
  df = df.applymap(lambda x: x.strip() if isinstance(x, str) else x)
/Users/juanbeltran/Developer/Honduras_coffee/_r/scripts/run_reports.py:253: FutureWarning: DataFrame.applymap has been deprecated. Use DataFrame.map instead.
  df = df.applymap(lambda x: x.strip() if isinstance(x, str) else x)
/Users/juanbeltran/Developer/Honduras_coffee/_r/scripts/run_reports.py:253: FutureWarning: DataFrame.applymap has been deprecated. Use DataFrame.map instead.
  df = df.applymap(lambda x: x.strip() if isinstance(x, str) else x)
/Users/juanbeltran/Developer/Honduras_coffee/_r/scripts/run_reports.py:253: FutureWarning: DataFrame.applymap has been deprecated. Use DataFrame.map instead.
  df = df.applymap(lambda x: x.strip() if isinstance(x, str) else x)
/Users/juanbeltran/Developer/Honduras_coffee/_r/scripts/run_reports.py:253: FutureWarning: DataFrame.applymap has been deprecated. Use DataFrame.map instead.
  df = df.applymap(lambda x: x.strip() if isinstance(x, str) else x)
/Users/juanbeltran/Developer/Honduras_coffee/_r/scripts/run_reports.py:253: FutureWarning: DataFrame.applymap has been deprecated. Use DataFrame.map instead.
  df = df.applymap(lambda x: x.strip() if isinstance(x, str) else x)
/Users/juanbeltran/Developer/Honduras_coffee/_r/scripts/run_reports.py:253: FutureWarning: DataFrame.applymap has been deprecated. Use DataFrame.map instead.
  df = df.applymap(lambda x: x.strip() if isinstance(x, str) else x)
/Users/juanbeltran/Developer/Honduras_coffee/_r/scripts/run_reports.py:253: FutureWarning: DataFrame.applymap has been deprecated. Use DataFrame.map instead.
  df = df.applymap(lambda x: x.strip() if isinstance(x, str) else x)
/Users/juanbeltran/Developer/Honduras_coffee/_r/scripts/run_reports.py:253: FutureWarning: DataFrame.applymap has been deprecated. Use DataFrame.map instead.
  df = df.applymap(lambda x: x.strip() if isinstance(x, str) else x)
/Users/juanbeltran/Developer/Honduras_coffee/_r/scripts/run_reports.py:253: FutureWarning: DataFrame.applymap has been deprecated. Use DataFrame.map instead.
  df = df.applymap(lambda x: x.strip() if isinstance(x, str) else x)
/Users/juanbeltran/Developer/Honduras_coffee/_r/scripts/run_reports.py:253: FutureWarning: DataFrame.applymap has been deprecated. Use DataFrame.map instead.
  df = df.applymap(lambda x: x.strip() if isinstance(x, str) else x)
/Users/juanbeltran/Developer/Honduras_coffee/_r/scripts/run_reports.py:253: FutureWarning: DataFrame.applymap has been deprecated. Use DataFrame.map instead.
  df = df.applymap(lambda x: x.strip() if isinstance(x, str) else x)
/Users/juanbeltran/Developer/Honduras_coffee/_r/scripts/run_reports.py:253: FutureWarning: DataFrame.applymap has been deprecated. Use DataFrame.map instead.
  df = df.applymap(lambda x: x.strip() if isinstance(x, str) else x)
/Users/juanbeltran/Developer/Honduras_coffee/_r/scripts/run_reports.py:253: FutureWarning: DataFrame.applymap has been deprecated. Use DataFrame.map instead.
  df = df.applymap(lambda x: x.strip() if isinstance(x, str) else x)
/Users/juanbeltran/Developer/Honduras_coffee/_r/scripts/run_reports.py:253: FutureWarning: DataFrame.applymap has been deprecated. Use DataFrame.map instead.
  df = df.applymap(lambda x: x.strip() if isinstance(x, str) else x)
/Users/juanbeltran/Developer/Honduras_coffee/_r/scripts/run_reports.py:253: FutureWarning: DataFrame.applymap has been deprecated. Use DataFrame.map instead.
  df = df.applymap(lambda x: x.strip() if isinstance(x, str) else x)
/Users/juanbeltran/Developer/Honduras_coffee/_r/scripts/run_reports.py:253: FutureWarning: DataFrame.applymap has been deprecated. Use DataFrame.map instead.
  df = df.applymap(lambda x: x.strip() if isinstance(x, str) else x)
/Users/juanbeltran/Developer/Honduras_coffee/_r/scripts/run_reports.py:253: FutureWarning: DataFrame.applymap has been deprecated. Use DataFrame.map instead.
  df = df.applymap(lambda x: x.strip() if isinstance(x, str) else x)
/Users/juanbeltran/Developer/Honduras_coffee/_r/scripts/run_reports.py:253: FutureWarning: DataFrame.applymap has been deprecated. Use DataFrame.map instead.
  df = df.applymap(lambda x: x.strip() if isinstance(x, str) else x)
/Users/juanbeltran/Developer/Honduras_coffee/_r/scripts/run_reports.py:253: FutureWarning: DataFrame.applymap has been deprecated. Use DataFrame.map instead.
  df = df.applymap(lambda x: x.strip() if isinstance(x, str) else x)
/Users/juanbeltran/Developer/Honduras_coffee/_r/scripts/run_reports.py:253: FutureWarning: DataFrame.applymap has been deprecated. Use DataFrame.map instead.
  df = df.applymap(lambda x: x.strip() if isinstance(x, str) else x)
/Users/juanbeltran/Developer/Honduras_coffee/_r/scripts/run_reports.py:253: FutureWarning: DataFrame.applymap has been deprecated. Use DataFrame.map instead.
  df = df.applymap(lambda x: x.strip() if isinstance(x, str) else x)
/Users/juanbeltran/Developer/Honduras_coffee/_r/scripts/run_reports.py:253: FutureWarning: DataFrame.applymap has been deprecated. Use DataFrame.map instead.
  df = df.applymap(lambda x: x.strip() if isinstance(x, str) else x)
/Users/juanbeltran/Developer/Honduras_coffee/_r/scripts/run_reports.py:253: FutureWarning: DataFrame.applymap has been deprecated. Use DataFrame.map instead.
  df = df.applymap(lambda x: x.strip() if isinstance(x, str) else x)
/Users/juanbeltran/Developer/Honduras_coffee/_r/scripts/run_reports.py:253: FutureWarning: DataFrame.applymap has been deprecated. Use DataFrame.map instead.
  df = df.applymap(lambda x: x.strip() if isinstance(x, str) else x)
/Users/juanbeltran/Developer/Honduras_coffee/_r/scripts/run_reports.py:253: FutureWarning: DataFrame.applymap has been deprecated. Use DataFrame.map instead.
  df = df.applymap(lambda x: x.strip() if isinstance(x, str) else x)
/Users/juanbeltran/Developer/Honduras_coffee/_r/scripts/run_reports.py:253: FutureWarning: DataFrame.applymap has been deprecated. Use DataFrame.map instead.
  df = df.applymap(lambda x: x.strip() if isinstance(x, str) else x)
/Users/juanbeltran/Developer/Honduras_coffee/_r/scripts/run_reports.py:253: FutureWarning: DataFrame.applymap has been deprecated. Use DataFrame.map instead.
  df = df.applymap(lambda x: x.strip() if isinstance(x, str) else x)
/Users/juanbeltran/Developer/Honduras_coffee/_r/scripts/run_reports.py:253: FutureWarning: DataFrame.applymap has been deprecated. Use DataFrame.map instead.
  df = df.applymap(lambda x: x.strip() if isinstance(x, str) else x)
/Users/juanbeltran/Developer/Honduras_coffee/_r/scripts/run_reports.py:253: FutureWarning: DataFrame.applymap has been deprecated. Use DataFrame.map instead.
  df = df.applymap(lambda x: x.strip() if isinstance(x, str) else x)
/Users/juanbeltran/Developer/Honduras_coffee/_r/scripts/run_reports.py:253: FutureWarning: DataFrame.applymap has been deprecated. Use DataFrame.map instead.
  df = df.applymap(lambda x: x.strip() if isinstance(x, str) else x)
/Users/juanbeltran/Developer/Honduras_coffee/_r/scripts/run_reports.py:253: FutureWarning: DataFrame.applymap has been deprecated. Use DataFrame.map instead.
  df = df.applymap(lambda x: x.strip() if isinstance(x, str) else x)
/Users/juanbeltran/Developer/Honduras_coffee/_r/scripts/run_reports.py:253: FutureWarning: DataFrame.applymap has been deprecated. Use DataFrame.map instead.
  df = df.applymap(lambda x: x.strip() if isinstance(x, str) else x)
/Users/juanbeltran/Developer/Honduras_coffee/_r/scripts/run_reports.py:253: FutureWarning: DataFrame.applymap has been deprecated. Use DataFrame.map instead.
  df = df.applymap(lambda x: x.strip() if isinstance(x, str) else x)
/Users/juanbeltran/Developer/Honduras_coffee/_r/scripts/run_reports.py:253: FutureWarning: DataFrame.applymap has been deprecated. Use DataFrame.map instead.
  df = df.applymap(lambda x: x.strip() if isinstance(x, str) else x)
/Users/juanbeltran/Developer/Honduras_coffee/_r/scripts/run_reports.py:253: FutureWarning: DataFrame.applymap has been deprecated. Use DataFrame.map instead.
  df = df.applymap(lambda x: x.strip() if isinstance(x, str) else x)
/Users/juanbeltran/Developer/Honduras_coffee/_r/scripts/run_reports.py:253: FutureWarning: DataFrame.applymap has been deprecated. Use DataFrame.map instead.
  df = df.applymap(lambda x: x.strip() if isinstance(x, str) else x)
/Users/juanbeltran/Developer/Honduras_coffee/_r/scripts/run_reports.py:253: FutureWarning: DataFrame.applymap has been deprecated. Use DataFrame.map instead.
  df = df.applymap(lambda x: x.strip() if isinstance(x, str) else x)
/Users/juanbeltran/Developer/Honduras_coffee/_r/scripts/run_reports.py:253: FutureWarning: DataFrame.applymap has been deprecated. Use DataFrame.map instead.
  df = df.applymap(lambda x: x.strip() if isinstance(x, str) else x)
/Users/juanbeltran/Developer/Honduras_coffee/_r/scripts/run_reports.py:253: FutureWarning: DataFrame.applymap has been deprecated. Use DataFrame.map instead.
  df = df.applymap(lambda x: x.strip() if isinstance(x, str) else x)
/Users/juanbeltran/Developer/Honduras_coffee/_r/scripts/run_reports.py:253: FutureWarning: DataFrame.applymap has been deprecated. Use DataFrame.map instead.
  df = df.applymap(lambda x: x.strip() if isinstance(x, str) else x)
/Users/juanbeltran/Developer/Honduras_coffee/_r/scripts/run_reports.py:253: FutureWarning: DataFrame.applymap has been deprecated. Use DataFrame.map instead.
  df = df.applymap(lambda x: x.strip() if isinstance(x, str) else x)
/Users/juanbeltran/Developer/Honduras_coffee/_r/scripts/run_reports.py:253: FutureWarning: DataFrame.applymap has been deprecated. Use DataFrame.map instead.
  df = df.applymap(lambda x: x.strip() if isinstance(x, str) else x)
/Users/juanbeltran/Developer/Honduras_coffee/_r/scripts/run_reports.py:253: FutureWarning: DataFrame.applymap has been deprecated. Use DataFrame.map instead.
  df = df.applymap(lambda x: x.strip() if isinstance(x, str) else x)
/Users/juanbeltran/Developer/Honduras_coffee/_r/scripts/run_reports.py:253: FutureWarning: DataFrame.applymap has been deprecated. Use DataFrame.map instead.
  df = df.applymap(lambda x: x.strip() if isinstance(x, str) else x)
/Users/juanbeltran/Developer/Honduras_coffee/_r/scripts/run_reports.py:253: FutureWarning: DataFrame.applymap has been deprecated. Use DataFrame.map instead.
  df = df.applymap(lambda x: x.strip() if isinstance(x, str) else x)
/Users/juanbeltran/Developer/Honduras_coffee/_r/scripts/run_reports.py:253: FutureWarning: DataFrame.applymap has been deprecated. Use DataFrame.map instead.
  df = df.applymap(lambda x: x.strip() if isinstance(x, str) else x)
/Users/juanbeltran/Developer/Honduras_coffee/_r/scripts/run_reports.py:253: FutureWarning: DataFrame.applymap has been deprecated. Use DataFrame.map instead.
  df = df.applymap(lambda x: x.strip() if isinstance(x, str) else x)
/Users/juanbeltran/Developer/Honduras_coffee/_r/scripts/run_reports.py:253: FutureWarning: DataFrame.applymap has been deprecated. Use DataFrame.map instead.
  df = df.applymap(lambda x: x.strip() if isinstance(x, str) else x)
/Users/juanbeltran/Developer/Honduras_coffee/_r/scripts/run_reports.py:253: FutureWarning: DataFrame.applymap has been deprecated. Use DataFrame.map instead.
  df = df.applymap(lambda x: x.strip() if isinstance(x, str) else x)
/Users/juanbeltran/Developer/Honduras_coffee/_r/scripts/run_reports.py:253: FutureWarning: DataFrame.applymap has been deprecated. Use DataFrame.map instead.
  df = df.applymap(lambda x: x.strip() if isinstance(x, str) else x)
/Users/juanbeltran/Developer/Honduras_coffee/_r/scripts/run_reports.py:253: FutureWarning: DataFrame.applymap has been deprecated. Use DataFrame.map instead.
  df = df.applymap(lambda x: x.strip() if isinstance(x, str) else x)
/Users/juanbeltran/Developer/Honduras_coffee/_r/scripts/run_reports.py:253: FutureWarning: DataFrame.applymap has been deprecated. Use DataFrame.map instead.
  df = df.applymap(lambda x: x.strip() if isinstance(x, str) else x)
/Users/juanbeltran/Developer/Honduras_coffee/_r/scripts/run_reports.py:253: FutureWarning: DataFrame.applymap has been deprecated. Use DataFrame.map instead.
  df = df.applymap(lambda x: x.strip() if isinstance(x, str) else x)
/Users/juanbeltran/Developer/Honduras_coffee/_r/scripts/run_reports.py:253: FutureWarning: DataFrame.applymap has been deprecated. Use DataFrame.map instead.
  df = df.applymap(lambda x: x.strip() if isinstance(x, str) else x)
/Users/juanbeltran/Developer/Honduras_coffee/_r/scripts/run_reports.py:253: FutureWarning: DataFrame.applymap has been deprecated. Use DataFrame.map instead.
  df = df.applymap(lambda x: x.strip() if isinstance(x, str) else x)
/Users/juanbeltran/Developer/Honduras_coffee/_r/scripts/run_reports.py:253: FutureWarning: DataFrame.applymap has been deprecated. Use DataFrame.map instead.
  df = df.applymap(lambda x: x.strip() if isinstance(x, str) else x)
/Users/juanbeltran/Developer/Honduras_coffee/_r/scripts/run_reports.py:253: FutureWarning: DataFrame.applymap has been deprecated. Use DataFrame.map instead.
  df = df.applymap(lambda x: x.strip() if isinstance(x, str) else x)
/Users/juanbeltran/Developer/Honduras_coffee/_r/scripts/run_reports.py:253: FutureWarning: DataFrame.applymap has been deprecated. Use DataFrame.map instead.
  df = df.applymap(lambda x: x.strip() if isinstance(x, str) else x)
/Users/juanbeltran/Developer/Honduras_coffee/_r/scripts/run_reports.py:253: FutureWarning: DataFrame.applymap has been deprecated. Use DataFrame.map instead.
  df = df.applymap(lambda x: x.strip() if isinstance(x, str) else x)
/Users/juanbeltran/Developer/Honduras_coffee/_r/scripts/run_reports.py:253: FutureWarning: DataFrame.applymap has been deprecated. Use DataFrame.map instead.
  df = df.applymap(lambda x: x.strip() if isinstance(x, str) else x)
/Users/juanbeltran/Developer/Honduras_coffee/_r/scripts/run_reports.py:253: FutureWarning: DataFrame.applymap has been deprecated. Use DataFrame.map instead.
  df = df.applymap(lambda x: x.strip() if isinstance(x, str) else x)
/Users/juanbeltran/Developer/Honduras_coffee/_r/scripts/run_reports.py:253: FutureWarning: DataFrame.applymap has been deprecated. Use DataFrame.map instead.
  df = df.applymap(lambda x: x.strip() if isinstance(x, str) else x)
/Users/juanbeltran/Developer/Honduras_coffee/_r/scripts/run_reports.py:253: FutureWarning: DataFrame.applymap has been deprecated. Use DataFrame.map instead.
  df = df.applymap(lambda x: x.strip() if isinstance(x, str) else x)
/Users/juanbeltran/Developer/Honduras_coffee/_r/scripts/run_reports.py:253: FutureWarning: DataFrame.applymap has been deprecated. Use DataFrame.map instead.
  df = df.applymap(lambda x: x.strip() if isinstance(x, str) else x)
/Users/juanbeltran/Developer/Honduras_coffee/_r/scripts/run_reports.py:253: FutureWarning: DataFrame.applymap has been deprecated. Use DataFrame.map instead.
  df = df.applymap(lambda x: x.strip() if isinstance(x, str) else x)
/Users/juanbeltran/Developer/Honduras_coffee/_r/scripts/run_reports.py:253: FutureWarning: DataFrame.applymap has been deprecated. Use DataFrame.map instead.
  df = df.applymap(lambda x: x.strip() if isinstance(x, str) else x)
/Users/juanbeltran/Developer/Honduras_coffee/_r/scripts/run_reports.py:253: FutureWarning: DataFrame.applymap has been deprecated. Use DataFrame.map instead.
  df = df.applymap(lambda x: x.strip() if isinstance(x, str) else x)
/Users/juanbeltran/Developer/Honduras_coffee/_r/scripts/run_reports.py:253: FutureWarning: DataFrame.applymap has been deprecated. Use DataFrame.map instead.
  df = df.applymap(lambda x: x.strip() if isinstance(x, str) else x)
/Users/juanbeltran/Developer/Honduras_coffee/_r/scripts/run_reports.py:253: FutureWarning: DataFrame.applymap has been deprecated. Use DataFrame.map instead.
  df = df.applymap(lambda x: x.strip() if isinstance(x, str) else x)
/Users/juanbeltran/Developer/Honduras_coffee/_r/scripts/run_reports.py:253: FutureWarning: DataFrame.applymap has been deprecated. Use DataFrame.map instead.
  df = df.applymap(lambda x: x.strip() if isinstance(x, str) else x)
/Users/juanbeltran/Developer/Honduras_coffee/_r/scripts/run_reports.py:253: FutureWarning: DataFrame.applymap has been deprecated. Use DataFrame.map instead.
  df = df.applymap(lambda x: x.strip() if isinstance(x, str) else x)
/Users/juanbeltran/Developer/Honduras_coffee/_r/scripts/run_reports.py:253: FutureWarning: DataFrame.applymap has been deprecated. Use DataFrame.map instead.
  df = df.applymap(lambda x: x.strip() if isinstance(x, str) else x)
/Users/juanbeltran/Developer/Honduras_coffee/_r/scripts/run_reports.py:253: FutureWarning: DataFrame.applymap has been deprecated. Use DataFrame.map instead.
  df = df.applymap(lambda x: x.strip() if isinstance(x, str) else x)
/Users/juanbeltran/Developer/Honduras_coffee/_r/scripts/run_reports.py:253: FutureWarning: DataFrame.applymap has been deprecated. Use DataFrame.map instead.
  df = df.applymap(lambda x: x.strip() if isinstance(x, str) else x)
/Users/juanbeltran/Developer/Honduras_coffee/_r/scripts/run_reports.py:253: FutureWarning: DataFrame.applymap has been deprecated. Use DataFrame.map instead.
  df = df.applymap(lambda x: x.strip() if isinstance(x, str) else x)
/Users/juanbeltran/Developer/Honduras_coffee/_r/scripts/run_reports.py:253: FutureWarning: DataFrame.applymap has been deprecated. Use DataFrame.map instead.
  df = df.applymap(lambda x: x.strip() if isinstance(x, str) else x)
/Users/juanbeltran/Developer/Honduras_coffee/_r/scripts/run_reports.py:253: FutureWarning: DataFrame.applymap has been deprecated. Use DataFrame.map instead.
  df = df.applymap(lambda x: x.strip() if isinstance(x, str) else x)
/Users/juanbeltran/Developer/Honduras_coffee/_r/scripts/run_reports.py:253: FutureWarning: DataFrame.applymap has been deprecated. Use DataFrame.map instead.
  df = df.applymap(lambda x: x.strip() if isinstance(x, str) else x)
/Users/juanbeltran/Developer/Honduras_coffee/_r/scripts/run_reports.py:253: FutureWarning: DataFrame.applymap has been deprecated. Use DataFrame.map instead.
  df = df.applymap(lambda x: x.strip() if isinstance(x, str) else x)
/Users/juanbeltran/Developer/Honduras_coffee/_r/scripts/run_reports.py:253: FutureWarning: DataFrame.applymap has been deprecated. Use DataFrame.map instead.
  df = df.applymap(lambda x: x.strip() if isinstance(x, str) else x)
/Users/juanbeltran/Developer/Honduras_coffee/_r/scripts/run_reports.py:253: FutureWarning: DataFrame.applymap has been deprecated. Use DataFrame.map instead.
  df = df.applymap(lambda x: x.strip() if isinstance(x, str) else x)
/Users/juanbeltran/Developer/Honduras_coffee/_r/scripts/run_reports.py:253: FutureWarning: DataFrame.applymap has been deprecated. Use DataFrame.map instead.
  df = df.applymap(lambda x: x.strip() if isinstance(x, str) else x)
/Users/juanbeltran/Developer/Honduras_coffee/_r/scripts/run_reports.py:253: FutureWarning: DataFrame.applymap has been deprecated. Use DataFrame.map instead.
  df = df.applymap(lambda x: x.strip() if isinstance(x, str) else x)
/Users/juanbeltran/Developer/Honduras_coffee/_r/scripts/run_reports.py:253: FutureWarning: DataFrame.applymap has been deprecated. Use DataFrame.map instead.
  df = df.applymap(lambda x: x.strip() if isinstance(x, str) else x)
/Users/juanbeltran/Developer/Honduras_coffee/_r/scripts/run_reports.py:253: FutureWarning: DataFrame.applymap has been deprecated. Use DataFrame.map instead.
  df = df.applymap(lambda x: x.strip() if isinstance(x, str) else x)
/Users/juanbeltran/Developer/Honduras_coffee/_r/scripts/run_reports.py:253: FutureWarning: DataFrame.applymap has been deprecated. Use DataFrame.map instead.
  df = df.applymap(lambda x: x.strip() if isinstance(x, str) else x)
/Users/juanbeltran/Developer/Honduras_coffee/_r/scripts/run_reports.py:253: FutureWarning: DataFrame.applymap has been deprecated. Use DataFrame.map instead.
  df = df.applymap(lambda x: x.strip() if isinstance(x, str) else x)
/Users/juanbeltran/Developer/Honduras_coffee/_r/scripts/run_reports.py:253: FutureWarning: DataFrame.applymap has been deprecated. Use DataFrame.map instead.
  df = df.applymap(lambda x: x.strip() if isinstance(x, str) else x)
/Users/juanbeltran/Developer/Honduras_coffee/_r/scripts/run_reports.py:253: FutureWarning: DataFrame.applymap has been deprecated. Use DataFrame.map instead.
  df = df.applymap(lambda x: x.strip() if isinstance(x, str) else x)
/Users/juanbeltran/Developer/Honduras_coffee/_r/scripts/run_reports.py:253: FutureWarning: DataFrame.applymap has been deprecated. Use DataFrame.map instead.
  df = df.applymap(lambda x: x.strip() if isinstance(x, str) else x)
/Users/juanbeltran/Developer/Honduras_coffee/_r/scripts/run_reports.py:253: FutureWarning: DataFrame.applymap has been deprecated. Use DataFrame.map instead.
  df = df.applymap(lambda x: x.strip() if isinstance(x, str) else x)
/Users/juanbeltran/Developer/Honduras_coffee/_r/scripts/run_reports.py:253: FutureWarning: DataFrame.applymap has been deprecated. Use DataFrame.map instead.
  df = df.applymap(lambda x: x.strip() if isinstance(x, str) else x)
/Users/juanbeltran/Developer/Honduras_coffee/_r/scripts/run_reports.py:253: FutureWarning: DataFrame.applymap has been deprecated. Use DataFrame.map instead.
  df = df.applymap(lambda x: x.strip() if isinstance(x, str) else x)
/Users/juanbeltran/Developer/Honduras_coffee/_r/scripts/run_reports.py:253: FutureWarning: DataFrame.applymap has been deprecated. Use DataFrame.map instead.
  df = df.applymap(lambda x: x.strip() if isinstance(x, str) else x)
/Users/juanbeltran/Developer/Honduras_coffee/_r/scripts/run_reports.py:253: FutureWarning: DataFrame.applymap has been deprecated. Use DataFrame.map instead.
  df = df.applymap(lambda x: x.strip() if isinstance(x, str) else x)
/Users/juanbeltran/Developer/Honduras_coffee/_r/scripts/run_reports.py:253: FutureWarning: DataFrame.applymap has been deprecated. Use DataFrame.map instead.
  df = df.applymap(lambda x: x.strip() if isinstance(x, str) else x)
/Users/juanbeltran/Developer/Honduras_coffee/_r/scripts/run_reports.py:253: FutureWarning: DataFrame.applymap has been deprecated. Use DataFrame.map instead.
  df = df.applymap(lambda x: x.strip() if isinstance(x, str) else x)
/Users/juanbeltran/Developer/Honduras_coffee/_r/scripts/run_reports.py:253: FutureWarning: DataFrame.applymap has been deprecated. Use DataFrame.map instead.
  df = df.applymap(lambda x: x.strip() if isinstance(x, str) else x)
/Users/juanbeltran/Developer/Honduras_coffee/_r/scripts/run_reports.py:253: FutureWarning: DataFrame.applymap has been deprecated. Use DataFrame.map instead.
  df = df.applymap(lambda x: x.strip() if isinstance(x, str) else x)
/Users/juanbeltran/Developer/Honduras_coffee/_r/scripts/run_reports.py:253: FutureWarning: DataFrame.applymap has been deprecated. Use DataFrame.map instead.
  df = df.applymap(lambda x: x.strip() if isinstance(x, str) else x)
/Users/juanbeltran/Developer/Honduras_coffee/_r/scripts/run_reports.py:253: FutureWarning: DataFrame.applymap has been deprecated. Use DataFrame.map instead.
  df = df.applymap(lambda x: x.strip() if isinstance(x, str) else x)
/Users/juanbeltran/Developer/Honduras_coffee/_r/scripts/run_reports.py:253: FutureWarning: DataFrame.applymap has been deprecated. Use DataFrame.map instead.
  df = df.applymap(lambda x: x.strip() if isinstance(x, str) else x)
/Users/juanbeltran/Developer/Honduras_coffee/_r/scripts/run_reports.py:253: FutureWarning: DataFrame.applymap has been deprecated. Use DataFrame.map instead.
  df = df.applymap(lambda x: x.strip() if isinstance(x, str) else x)
/Users/juanbeltran/Developer/Honduras_coffee/_r/scripts/run_reports.py:253: FutureWarning: DataFrame.applymap has been deprecated. Use DataFrame.map instead.
  df = df.applymap(lambda x: x.strip() if isinstance(x, str) else x)
/Users/juanbeltran/Developer/Honduras_coffee/_r/scripts/run_reports.py:253: FutureWarning: DataFrame.applymap has been deprecated. Use DataFrame.map instead.
  df = df.applymap(lambda x: x.strip() if isinstance(x, str) else x)
/Users/juanbeltran/Developer/Honduras_coffee/_r/scripts/run_reports.py:253: FutureWarning: DataFrame.applymap has been deprecated. Use DataFrame.map instead.
  df = df.applymap(lambda x: x.strip() if isinstance(x, str) else x)
/Users/juanbeltran/Developer/Honduras_coffee/_r/scripts/run_reports.py:253: FutureWarning: DataFrame.applymap has been deprecated. Use DataFrame.map instead.
  df = df.applymap(lambda x: x.strip() if isinstance(x, str) else x)
/Users/juanbeltran/Developer/Honduras_coffee/_r/scripts/run_reports.py:253: FutureWarning: DataFrame.applymap has been deprecated. Use DataFrame.map instead.
  df = df.applymap(lambda x: x.strip() if isinstance(x, str) else x)
/Users/juanbeltran/Developer/Honduras_coffee/_r/scripts/run_reports.py:253: FutureWarning: DataFrame.applymap has been deprecated. Use DataFrame.map instead.
  df = df.applymap(lambda x: x.strip() if isinstance(x, str) else x)
/Users/juanbeltran/Developer/Honduras_coffee/_r/scripts/run_reports.py:253: FutureWarning: DataFrame.applymap has been deprecated. Use DataFrame.map instead.
  df = df.applymap(lambda x: x.strip() if isinstance(x, str) else x)
/Users/juanbeltran/Developer/Honduras_coffee/_r/scripts/run_reports.py:253: FutureWarning: DataFrame.applymap has been deprecated. Use DataFrame.map instead.
  df = df.applymap(lambda x: x.strip() if isinstance(x, str) else x)
/Users/juanbeltran/Developer/Honduras_coffee/_r/scripts/run_reports.py:253: FutureWarning: DataFrame.applymap has been deprecated. Use DataFrame.map instead.
  df = df.applymap(lambda x: x.strip() if isinstance(x, str) else x)
/Users/juanbeltran/Developer/Honduras_coffee/_r/scripts/run_reports.py:253: FutureWarning: DataFrame.applymap has been deprecated. Use DataFrame.map instead.
  df = df.applymap(lambda x: x.strip() if isinstance(x, str) else x)
/Users/juanbeltran/Developer/Honduras_coffee/_r/scripts/run_reports.py:253: FutureWarning: DataFrame.applymap has been deprecated. Use DataFrame.map instead.
  df = df.applymap(lambda x: x.strip() if isinstance(x, str) else x)
/Users/juanbeltran/Developer/Honduras_coffee/_r/scripts/run_reports.py:253: FutureWarning: DataFrame.applymap has been deprecated. Use DataFrame.map instead.
  df = df.applymap(lambda x: x.strip() if isinstance(x, str) else x)
/Users/juanbeltran/Developer/Honduras_coffee/_r/scripts/run_reports.py:253: FutureWarning: DataFrame.applymap has been deprecated. Use DataFrame.map instead.
  df = df.applymap(lambda x: x.strip() if isinstance(x, str) else x)
/Users/juanbeltran/Developer/Honduras_coffee/_r/scripts/run_reports.py:253: FutureWarning: DataFrame.applymap has been deprecated. Use DataFrame.map instead.
  df = df.applymap(lambda x: x.strip() if isinstance(x, str) else x)
/Users/juanbeltran/Developer/Honduras_coffee/_r/scripts/run_reports.py:253: FutureWarning: DataFrame.applymap has been deprecated. Use DataFrame.map instead.
  df = df.applymap(lambda x: x.strip() if isinstance(x, str) else x)
/Users/juanbeltran/Developer/Honduras_coffee/_r/scripts/run_reports.py:253: FutureWarning: DataFrame.applymap has been deprecated. Use DataFrame.map instead.
  df = df.applymap(lambda x: x.strip() if isinstance(x, str) else x)


./scripts/run_reports.sh: line 14: conda: command not found
./scripts/run_reports.sh: line 14: conda: command not found
===== Run started Thu Feb 26 12:10:00 GMT 2026 =====
No eligible PDFs to process this run.
===== Run started Thu Feb 26 12:15:01 GMT 2026 =====
/Users/juanbeltran/Developer/Honduras_coffee/_r/scripts/run_reports.py:253: FutureWarning: DataFrame.applymap has been deprecated. Use DataFrame.map instead.
  df = df.applymap(lambda x: x.strip() if isinstance(x, str) else x)
✅ [exporttegusTEST@gmail.com] 2026-02-26T16-59 Boletin Estadistico Comercialización TESTTESTTEST 26-02-2026.pdf: 12 rows
Saved latest + appended historical. Historical file: /Users/juanbeltran/Developer/Honduras_coffee/_r/outputs/historical/honduras_reports_historical.csv
===== Run started Thu Feb 26 12:20:00 GMT 2026 =====
No eligible PDFs to process this run.
===== Run started Thu Feb 26 12:25:00 GMT 2026 =====
No eligible PDFs to process this run.
===== Run started Thu Feb 26 12:30:00 GMT 2026 =====
No eligible PDFs to process this run.
===== Run started Thu Feb 26 12:35:00 GMT 2026 =====
No eligible PDFs to process this run.
===== Run started Thu Feb 26 12:40:00 GMT 2026 =====
No eligible PDFs to process this run.
git push failed: Thu Feb 26 12:40:06 GMT 2026
===== Run started Thu Feb 26 12:45:01 GMT 2026 =====
No eligible PDFs to process this run.
===== Run started Thu Feb 26 12:50:00 GMT 2026 =====
No eligible PDFs to process this run.
===== Run started Thu Feb 26 12:55:00 GMT 2026 =====
No eligible PDFs to process this run.
===== Run started Thu Feb 26 13:00:01 GMT 2026 =====
No eligible PDFs to process this run.
===== Run started Thu Feb 26 13:05:00 GMT 2026 =====
No eligible PDFs to process this run.
===== Run started Thu Feb 26 13:10:00 GMT 2026 =====
No eligible PDFs to process this run.
===== Run started Thu Feb 26 13:15:00 GMT 2026 =====
No eligible PDFs to process this run.
===== Run started Thu Feb 26 13:20:00 GMT 2026 =====
No eligible PDFs to process this run.
===== Run started Thu Feb 26 13:25:01 GMT 2026 =====
No eligible PDFs to process this run.
===== Run started Thu Feb 26 13:30:00 GMT 2026 =====
No eligible PDFs to process this run.
===== Run started Thu Feb 26 13:35:01 GMT 2026 =====
No eligible PDFs to process this run.
===== Run started Thu Feb 26 13:40:00 GMT 2026 =====
No eligible PDFs to process this run.
===== Run started Thu Feb 26 13:45:00 GMT 2026 =====
No eligible PDFs to process this run.
===== Run started Thu Feb 26 13:50:00 GMT 2026 =====
No eligible PDFs to process this run.
===== Run started Thu Feb 26 14:00:00 GMT 2026 =====
No eligible PDFs to process this run.
===== Run started Thu Feb 26 14:15:00 GMT 2026 =====
No eligible PDFs to process this run.
===== Run started Thu Feb 26 14:30:00 GMT 2026 =====
No eligible PDFs to process this run.
===== Run started Thu Feb 26 14:45:00 GMT 2026 =====
No eligible PDFs to process this run.
===== Run started Thu Feb 26 15:00:00 GMT 2026 =====
No eligible PDFs to process this run.
===== Run started Thu Feb 26 15:15:00 GMT 2026 =====
No eligible PDFs to process this run.
===== Run started Thu Feb 26 15:30:00 GMT 2026 =====
No eligible PDFs to process this run.
===== Run started Thu Feb 26 15:45:00 GMT 2026 =====
No eligible PDFs to process this run.
===== Run started Thu Feb 26 16:00:00 GMT 2026 =====
No eligible PDFs to process this run.
===== Run started Thu Feb 26 16:15:00 GMT 2026 =====
No eligible PDFs to process this run.
===== Run started Thu Feb 26 16:30:00 GMT 2026 =====
No eligible PDFs to process this run.
===== Run started Thu Feb 26 16:45:00 GMT 2026 =====
No eligible PDFs to process this run.
===== Run started Thu Feb 26 17:00:00 GMT 2026 =====
No eligible PDFs to process this run.
===== Run started Thu Feb 26 17:15:01 GMT 2026 =====
No eligible PDFs to process this run.
===== Run started Thu Feb 26 17:30:00 GMT 2026 =====
No eligible PDFs to process this run.
===== Run started Thu Feb 26 17:45:00 GMT 2026 =====
No eligible PDFs to process this run.
===== Run started Thu Feb 26 18:00:00 GMT 2026 =====
No eligible PDFs to process this run.
===== Run started Thu Feb 26 18:15:00 GMT 2026 =====
No eligible PDFs to process this run.
===== Run started Thu Feb 26 19:30:00 GMT 2026 =====
/Users/juanbeltran/Developer/Honduras_coffee/_r/scripts/run_reports.py:253: FutureWarning: DataFrame.applymap has been deprecated. Use DataFrame.map instead.
  df = df.applymap(lambda x: x.strip() if isinstance(x, str) else x)
/Users/juanbeltran/Developer/Honduras_coffee/_r/scripts/run_reports.py:253: FutureWarning: DataFrame.applymap has been deprecated. Use DataFrame.map instead.
  df = df.applymap(lambda x: x.strip() if isinstance(x, str) else x)
/Users/juanbeltran/Developer/Honduras_coffee/_r/scripts/run_reports.py:253: FutureWarning: DataFrame.applymap has been deprecated. Use DataFrame.map instead.
  df = df.applymap(lambda x: x.strip() if isinstance(x, str) else x)
/Users/juanbeltran/Developer/Honduras_coffee/_r/scripts/run_reports.py:253: FutureWarning: DataFrame.applymap has been deprecated. Use DataFrame.map instead.
  df = df.applymap(lambda x: x.strip() if isinstance(x, str) else x)
✅ 2026-02-26T14-05 [exporttegus@gmail.com] Boletín Estadístico IHCAFE al 26 de Febrero de 2026.pdf: 12 rows
✅ 2026-02-26T14-09 [exporttegus@gmail.com] Boletín Estadístico IHCAFE al 26 de Febrero de 2026.pdf: 12 rows
✅ [exporttegus@gmail.com] 2026-02-26T14-05 Boletin Estadistico Comercialización 26-02-2026.pdf: 12 rows
✅ [exporttegus@gmail.com] 2026-02-26T14-09 Boletin Estadistico Comercialización 26-02-2026.pdf: 12 rows
Saved latest + appended historical. Historical file: /Users/juanbeltran/Developer/Honduras_coffee/_r/outputs/historical/honduras_reports_historical.csv
===== Run started Thu Feb 26 20:53:28 GMT 2026 =====
No eligible PDFs to process this run.
===== Run started Thu Feb 26 21:03:11 GMT 2026 =====
No eligible PDFs to process this run.
===== Run started Thu Feb 26 21:32:46 GMT 2026 =====
No eligible PDFs to process this run.
===== Run started Thu Feb 26 22:00:00 GMT 2026 =====
No eligible PDFs to process this run.
===== Run started Thu Feb 26 22:15:00 GMT 2026 =====
No eligible PDFs to process this run.
===== Run started Thu Feb 26 22:30:00 GMT 2026 =====
No eligible PDFs to process this run.
===== Run started Thu Feb 26 22:45:00 GMT 2026 =====
No eligible PDFs to process this run.
===== Run started Thu Feb 26 23:17:34 GMT 2026 =====
No eligible PDFs to process this run.
===== Run started Thu Feb 26 23:30:00 GMT 2026 =====
No eligible PDFs to process this run.
===== Run started Fri Feb 27 01:30:00 GMT 2026 =====
No eligible PDFs to process this run.
===== Run started Fri Feb 27 01:45:00 GMT 2026 =====
No eligible PDFs to process this run.
===== Run started Fri Feb 27 02:00:00 GMT 2026 =====
No eligible PDFs to process this run.
===== Run started Fri Feb 27 02:15:00 GMT 2026 =====
No eligible PDFs to process this run.
===== Run started Fri Feb 27 02:30:00 GMT 2026 =====
No eligible PDFs to process this run.
git push failed at Fri Feb 27 02:30:03 GMT 2026
===== Run started Fri Feb 27 04:15:00 GMT 2026 =====
No eligible PDFs to process this run.
git push failed at Fri Feb 27 04:15:05 GMT 2026
===== Run started Fri Feb 27 05:45:00 GMT 2026 =====
No eligible PDFs to process this run.
git push failed at Fri Feb 27 05:45:04 GMT 2026
===== Run started Fri Feb 27 06:45:00 GMT 2026 =====
No eligible PDFs to process this run.
git push failed at Fri Feb 27 06:45:04 GMT 2026
===== Run started Fri Feb 27 07:05:17 GMT 2026 =====
No eligible PDFs to process this run.
git push failed at Fri Feb 27 07:22:35 GMT 2026
===== Run started Fri Feb 27 07:30:00 GMT 2026 =====
No eligible PDFs to process this run.
===== Run started Fri Feb 27 07:45:01 GMT 2026 =====
No eligible PDFs to process this run.
===== Run started Fri Feb 27 08:00:01 GMT 2026 =====
No eligible PDFs to process this run.
===== Run started Fri Feb 27 08:15:00 GMT 2026 =====
No eligible PDFs to process this run.
===== Run started Fri Feb 27 08:30:00 GMT 2026 =====
No eligible PDFs to process this run.
===== Run started Fri Feb 27 08:45:00 GMT 2026 =====
No eligible PDFs to process this run.
===== Run started Fri Feb 27 09:00:00 GMT 2026 =====
No eligible PDFs to process this run.
===== Run started Fri Feb 27 09:15:00 GMT 2026 =====
No eligible PDFs to process this run.
===== Run started Fri Feb 27 09:30:01 GMT 2026 =====
No eligible PDFs to process this run.
===== Run started Fri Feb 27 09:45:00 GMT 2026 =====
No eligible PDFs to process this run.
===== Run started Fri Feb 27 10:00:00 GMT 2026 =====
No eligible PDFs to process this run.
===== Run started Fri Feb 27 10:15:00 GMT 2026 =====
No eligible PDFs to process this run.
===== Run started Fri Feb 27 10:30:00 GMT 2026 =====
No eligible PDFs to process this run.
===== Run started Fri Feb 27 10:45:01 GMT 2026 =====
No eligible PDFs to process this run.
===== Run started Fri Feb 27 11:00:01 GMT 2026 =====
No eligible PDFs to process this run.
===== Run started Fri Feb 27 11:15:00 GMT 2026 =====
No eligible PDFs to process this run.
===== Run started Fri Feb 27 11:30:00 GMT 2026 =====
No eligible PDFs to process this run.
===== Run started Fri Feb 27 11:45:00 GMT 2026 =====
No eligible PDFs to process this run.
===== Run started Fri Feb 27 12:00:01 GMT 2026 =====
No eligible PDFs to process this run.
===== Run started Fri Feb 27 12:15:00 GMT 2026 =====
No eligible PDFs to process this run.
===== Run started Fri Feb 27 12:30:01 GMT 2026 =====
No eligible PDFs to process this run.
===== Run started Fri Feb 27 12:45:00 GMT 2026 =====
No eligible PDFs to process this run.
===== Run started Fri Feb 27 13:00:01 GMT 2026 =====
No eligible PDFs to process this run.
===== Run started Fri Feb 27 13:15:00 GMT 2026 =====
No eligible PDFs to process this run.
===== Run started Fri Feb 27 13:30:00 GMT 2026 =====
No eligible PDFs to process this run.
===== Run started Fri Feb 27 13:45:00 GMT 2026 =====
No eligible PDFs to process this run.
===== Run started Fri Feb 27 14:00:00 GMT 2026 =====
No eligible PDFs to process this run.
===== Run started Fri Feb 27 14:15:01 GMT 2026 =====
No eligible PDFs to process this run.
===== Run started Fri Feb 27 14:30:00 GMT 2026 =====
No eligible PDFs to process this run.
===== Run started Fri Feb 27 14:45:00 GMT 2026 =====
No eligible PDFs to process this run.
===== Run started Fri Feb 27 15:00:00 GMT 2026 =====
No eligible PDFs to process this run.
===== Run started Fri Feb 27 15:15:00 GMT 2026 =====
No eligible PDFs to process this run.
===== Run started Fri Feb 27 15:30:00 GMT 2026 =====
No eligible PDFs to process this run.
===== Run started Fri Feb 27 15:45:00 GMT 2026 =====
No eligible PDFs to process this run.
===== Run started Fri Feb 27 16:00:00 GMT 2026 =====
No eligible PDFs to process this run.
===== Run started Fri Feb 27 16:15:00 GMT 2026 =====
No eligible PDFs to process this run.
===== Run started Fri Feb 27 16:30:00 GMT 2026 =====
No eligible PDFs to process this run.
===== Run started Fri Feb 27 16:45:00 GMT 2026 =====
No eligible PDFs to process this run.
===== Run started Fri Feb 27 17:00:00 GMT 2026 =====
No eligible PDFs to process this run.
===== Run started Fri Feb 27 17:15:00 GMT 2026 =====
No eligible PDFs to process this run.
===== Run started Fri Feb 27 17:30:00 GMT 2026 =====
No eligible PDFs to process this run.
===== Run started Fri Feb 27 17:45:00 GMT 2026 =====
No eligible PDFs to process this run.
===== Run started Fri Feb 27 18:00:00 GMT 2026 =====
No eligible PDFs to process this run.
===== Run started Fri Feb 27 18:15:00 GMT 2026 =====
No eligible PDFs to process this run.
===== Run started Fri Feb 27 18:30:00 GMT 2026 =====
No eligible PDFs to process this run.
===== Run started Fri Feb 27 18:45:00 GMT 2026 =====
No eligible PDFs to process this run.
===== Run started Fri Feb 27 19:00:00 GMT 2026 =====
No eligible PDFs to process this run.
===== Run started Fri Feb 27 19:33:42 GMT 2026 =====
/Users/juanbeltran/Developer/Honduras_coffee/_r/scripts/run_reports.py:253: FutureWarning: DataFrame.applymap has been deprecated. Use DataFrame.map instead.
  df = df.applymap(lambda x: x.strip() if isinstance(x, str) else x)
/Users/juanbeltran/Developer/Honduras_coffee/_r/scripts/run_reports.py:253: FutureWarning: DataFrame.applymap has been deprecated. Use DataFrame.map instead.
  df = df.applymap(lambda x: x.strip() if isinstance(x, str) else x)
✅ 2026-02-27T14-05 [exporttegus@gmail.com] Boletín Estadístico IHCAFE al 27 de Febrero de 2026.pdf: 12 rows
✅ [exporttegus@gmail.com] 2026-02-27T14-05 Boletin Estadistico Comercialización 27-02-2026.pdf: 12 rows
Saved latest + appended historical. Historical file: /Users/juanbeltran/Developer/Honduras_coffee/_r/outputs/historical/honduras_reports_historical.csv
===== Run started Fri Feb 27 20:02:46 GMT 2026 =====
No eligible PDFs to process this run.
===== Run started Fri Feb 27 20:45:33 GMT 2026 =====
No eligible PDFs to process this run.
===== Run started Fri Feb 27 21:00:00 GMT 2026 =====
No eligible PDFs to process this run.
===== Run started Fri Feb 27 21:30:00 GMT 2026 =====
No eligible PDFs to process this run.
===== Run started Fri Feb 27 21:47:18 GMT 2026 =====
No eligible PDFs to process this run.
===== Run started Fri Feb 27 22:15:29 GMT 2026 =====
No eligible PDFs to process this run.
===== Run started Fri Feb 27 22:30:00 GMT 2026 =====
No eligible PDFs to process this run.
===== Run started Fri Feb 27 23:00:00 GMT 2026 =====
No eligible PDFs to process this run.
===== Run started Fri Feb 27 23:30:00 GMT 2026 =====
No eligible PDFs to process this run.
===== Run started Fri Feb 27 23:49:03 GMT 2026 =====
No eligible PDFs to process this run.
===== Run started Sat Feb 28 00:15:00 GMT 2026 =====
No eligible PDFs to process this run.
===== Run started Sat Feb 28 00:30:00 GMT 2026 =====
No eligible PDFs to process this run.
===== Run started Sat Feb 28 00:45:00 GMT 2026 =====
No eligible PDFs to process this run.
===== Run started Sat Feb 28 01:00:00 GMT 2026 =====
No eligible PDFs to process this run.
===== Run started Sat Feb 28 01:15:00 GMT 2026 =====
No eligible PDFs to process this run.
===== Run started Sat Feb 28 01:30:00 GMT 2026 =====
No eligible PDFs to process this run.
===== Run started Sat Feb 28 02:15:00 GMT 2026 =====
No eligible PDFs to process this run.
===== Run started Sat Feb 28 02:30:00 GMT 2026 =====
No eligible PDFs to process this run.
===== Run started Sat Feb 28 02:45:00 GMT 2026 =====
No eligible PDFs to process this run.
===== Run started Sat Feb 28 03:00:00 GMT 2026 =====
No eligible PDFs to process this run.
===== Run started Sat Feb 28 03:15:00 GMT 2026 =====
No eligible PDFs to process this run.
git push failed at Sat Feb 28 03:15:05 GMT 2026
===== Run started Sat Feb 28 03:30:00 GMT 2026 =====
No eligible PDFs to process this run.
git push failed at Sat Feb 28 03:30:05 GMT 2026
===== Run started Sat Feb 28 03:45:00 GMT 2026 =====
No eligible PDFs to process this run.
git push failed at Sat Feb 28 03:45:04 GMT 2026
===== Run started Sat Feb 28 04:00:00 GMT 2026 =====
No eligible PDFs to process this run.
git push failed at Sat Feb 28 04:00:04 GMT 2026
===== Run started Sat Feb 28 04:30:00 GMT 2026 =====
No eligible PDFs to process this run.
git push failed at Sat Feb 28 04:30:04 GMT 2026
===== Run started Sat Feb 28 05:15:00 GMT 2026 =====
No eligible PDFs to process this run.
git push failed at Sat Feb 28 05:15:04 GMT 2026
===== Run started Sat Feb 28 05:30:00 GMT 2026 =====
No eligible PDFs to process this run.
git push failed at Sat Feb 28 05:30:05 GMT 2026
===== Run started Sat Feb 28 05:45:01 GMT 2026 =====
No eligible PDFs to process this run.
git push failed at Sat Feb 28 05:45:05 GMT 2026
===== Run started Sat Feb 28 06:30:00 GMT 2026 =====
No eligible PDFs to process this run.
git push failed at Sat Feb 28 06:30:04 GMT 2026
===== Run started Sat Feb 28 06:45:00 GMT 2026 =====
No eligible PDFs to process this run.
git push failed at Sat Feb 28 06:45:05 GMT 2026
===== Run started Sat Feb 28 08:19:35 GMT 2026 =====
No eligible PDFs to process this run.
git push failed at Sat Feb 28 08:19:39 GMT 2026
===== Run started Sat Feb 28 08:30:00 GMT 2026 =====
No eligible PDFs to process this run.
===== Run started Sat Feb 28 08:45:00 GMT 2026 =====
No eligible PDFs to process this run.
===== Run started Sat Feb 28 09:00:00 GMT 2026 =====
No eligible PDFs to process this run.
===== Run started Sat Feb 28 09:15:00 GMT 2026 =====
No eligible PDFs to process this run.
===== Run started Sat Feb 28 09:48:52 GMT 2026 =====
No eligible PDFs to process this run.
===== Run started Sat Feb 28 10:00:00 GMT 2026 =====
No eligible PDFs to process this run.
===== Run started Sat Feb 28 10:15:01 GMT 2026 =====
No eligible PDFs to process this run.
===== Run started Sat Feb 28 10:30:00 GMT 2026 =====
No eligible PDFs to process this run.
===== Run started Sat Feb 28 10:45:00 GMT 2026 =====
No eligible PDFs to process this run.
===== Run started Sat Feb 28 11:00:00 GMT 2026 =====
No eligible PDFs to process this run.
===== Run started Sat Feb 28 11:15:00 GMT 2026 =====
No eligible PDFs to process this run.
===== Run started Sat Feb 28 11:30:00 GMT 2026 =====
No eligible PDFs to process this run.
===== Run started Sat Feb 28 11:45:00 GMT 2026 =====
No eligible PDFs to process this run.
===== Run started Sat Feb 28 17:00:00 GMT 2026 =====
No eligible PDFs to process this run.
===== Run started Sat Feb 28 17:15:00 GMT 2026 =====
No eligible PDFs to process this run.
===== Run started Sat Feb 28 17:30:00 GMT 2026 =====
No eligible PDFs to process this run.
===== Run started Sat Feb 28 17:45:00 GMT 2026 =====
No eligible PDFs to process this run.
===== Run started Sat Feb 28 18:00:00 GMT 2026 =====
No eligible PDFs to process this run.
===== Run started Sat Feb 28 18:15:00 GMT 2026 =====
No eligible PDFs to process this run.
===== Run started Sat Feb 28 18:30:00 GMT 2026 =====
No eligible PDFs to process this run.
===== Run started Sat Feb 28 18:45:00 GMT 2026 =====
No eligible PDFs to process this run.
===== Run started Sat Feb 28 19:00:00 GMT 2026 =====
No eligible PDFs to process this run.
===== Run started Sat Feb 28 19:15:00 GMT 2026 =====
No eligible PDFs to process this run.
===== Run started Sat Feb 28 19:30:00 GMT 2026 =====
No eligible PDFs to process this run.
===== Run started Sat Feb 28 19:45:00 GMT 2026 =====
No eligible PDFs to process this run.
===== Run started Sat Feb 28 20:00:00 GMT 2026 =====
No eligible PDFs to process this run.
===== Run started Sat Feb 28 20:15:00 GMT 2026 =====
No eligible PDFs to process this run.
===== Run started Sat Feb 28 20:30:00 GMT 2026 =====
No eligible PDFs to process this run.
===== Run started Sat Feb 28 20:45:00 GMT 2026 =====
No eligible PDFs to process this run.
===== Run started Sat Feb 28 21:00:00 GMT 2026 =====
No eligible PDFs to process this run.
===== Run started Sat Feb 28 21:15:01 GMT 2026 =====
No eligible PDFs to process this run.
===== Run started Sat Feb 28 21:30:00 GMT 2026 =====
No eligible PDFs to process this run.
===== Run started Sat Feb 28 21:45:00 GMT 2026 =====
No eligible PDFs to process this run.
===== Run started Sat Feb 28 22:00:00 GMT 2026 =====
No eligible PDFs to process this run.
===== Run started Sat Feb 28 22:15:00 GMT 2026 =====
No eligible PDFs to process this run.
===== Run started Sat Feb 28 22:30:00 GMT 2026 =====
No eligible PDFs to process this run.
===== Run started Sat Feb 28 22:45:00 GMT 2026 =====
No eligible PDFs to process this run.
===== Run started Sat Feb 28 23:00:00 GMT 2026 =====
No eligible PDFs to process this run.
===== Run started Sun Mar  1 00:07:06 GMT 2026 =====
No eligible PDFs to process this run.
===== Run started Sun Mar  1 00:15:26 GMT 2026 =====
No eligible PDFs to process this run.
===== Run started Sun Mar  1 00:45:00 GMT 2026 =====
No eligible PDFs to process this run.
===== Run started Sun Mar  1 01:00:00 GMT 2026 =====
No eligible PDFs to process this run.
===== Run started Sun Mar  1 01:15:00 GMT 2026 =====
No eligible PDFs to process this run.
===== Run started Sun Mar  1 01:30:00 GMT 2026 =====
No eligible PDFs to process this run.
===== Run started Sun Mar  1 02:05:24 GMT 2026 =====
No eligible PDFs to process this run.
===== Run started Sun Mar  1 03:17:44 GMT 2026 =====
No eligible PDFs to process this run.
===== Run started Sun Mar  1 04:30:00 GMT 2026 =====
No eligible PDFs to process this run.
===== Run started Sun Mar  1 05:15:00 GMT 2026 =====
No eligible PDFs to process this run.
===== Run started Sun Mar  1 05:36:54 GMT 2026 =====
No eligible PDFs to process this run.
===== Run started Sun Mar  1 06:08:38 GMT 2026 =====
No eligible PDFs to process this run.
===== Run started Sun Mar  1 06:30:00 GMT 2026 =====
No eligible PDFs to process this run.
===== Run started Sun Mar  1 07:00:00 GMT 2026 =====
No eligible PDFs to process this run.
===== Run started Sun Mar  1 07:15:00 GMT 2026 =====
No eligible PDFs to process this run.
git push failed at Sun Mar  1 07:15:04 GMT 2026
===== Run started Sun Mar  1 07:30:00 GMT 2026 =====
No eligible PDFs to process this run.
===== Run started Sun Mar  1 07:45:00 GMT 2026 =====
No eligible PDFs to process this run.
===== Run started Sun Mar  1 08:00:00 GMT 2026 =====
No eligible PDFs to process this run.
===== Run started Sun Mar  1 08:15:00 GMT 2026 =====
No eligible PDFs to process this run.
===== Run started Sun Mar  1 08:30:00 GMT 2026 =====
No eligible PDFs to process this run.
===== Run started Sun Mar  1 08:45:01 GMT 2026 =====
No eligible PDFs to process this run.
===== Run started Sun Mar  1 09:00:00 GMT 2026 =====
No eligible PDFs to process this run.
===== Run started Sun Mar  1 09:15:00 GMT 2026 =====
No eligible PDFs to process this run.
===== Run started Sun Mar  1 09:30:00 GMT 2026 =====
No eligible PDFs to process this run.
===== Run started Sun Mar  1 09:45:00 GMT 2026 =====
No eligible PDFs to process this run.
===== Run started Sun Mar  1 10:00:00 GMT 2026 =====
No eligible PDFs to process this run.
===== Run started Sun Mar  1 10:15:01 GMT 2026 =====
No eligible PDFs to process this run.
===== Run started Sun Mar  1 10:30:00 GMT 2026 =====
No eligible PDFs to process this run.
===== Run started Sun Mar  1 10:45:00 GMT 2026 =====
No eligible PDFs to process this run.
===== Run started Sun Mar  1 11:00:00 GMT 2026 =====
No eligible PDFs to process this run.
===== Run started Sun Mar  1 11:15:01 GMT 2026 =====
No eligible PDFs to process this run.
===== Run started Sun Mar  1 11:30:00 GMT 2026 =====
No eligible PDFs to process this run.
===== Run started Sun Mar  1 11:45:01 GMT 2026 =====
No eligible PDFs to process this run.
===== Run started Sun Mar  1 12:00:00 GMT 2026 =====
No eligible PDFs to process this run.
===== Run started Sun Mar  1 12:15:01 GMT 2026 =====
No eligible PDFs to process this run.
===== Run started Sun Mar  1 12:30:00 GMT 2026 =====
No eligible PDFs to process this run.
===== Run started Sun Mar  1 12:45:01 GMT 2026 =====
No eligible PDFs to process this run.
===== Run started Sun Mar  1 13:00:00 GMT 2026 =====
No eligible PDFs to process this run.
===== Run started Sun Mar  1 13:19:36 GMT 2026 =====
No eligible PDFs to process this run.
===== Run started Sun Mar  1 13:35:02 GMT 2026 =====
No eligible PDFs to process this run.
===== Run started Sun Mar  1 14:00:00 GMT 2026 =====
No eligible PDFs to process this run.
===== Run started Sun Mar  1 14:15:00 GMT 2026 =====
No eligible PDFs to process this run.
===== Run started Sun Mar  1 14:30:00 GMT 2026 =====
No eligible PDFs to process this run.
===== Run started Sun Mar  1 14:45:00 GMT 2026 =====
No eligible PDFs to process this run.
===== Run started Sun Mar  1 15:15:01 GMT 2026 =====
No eligible PDFs to process this run.
===== Run started Sun Mar  1 15:45:00 GMT 2026 =====
No eligible PDFs to process this run.
===== Run started Sun Mar  1 16:00:00 GMT 2026 =====
No eligible PDFs to process this run.
===== Run started Sun Mar  1 16:30:00 GMT 2026 =====
No eligible PDFs to process this run.
===== Run started Sun Mar  1 17:15:00 GMT 2026 =====
No eligible PDFs to process this run.
===== Run started Sun Mar  1 17:30:43 GMT 2026 =====
No eligible PDFs to process this run.
===== Run started Sun Mar  1 18:00:00 GMT 2026 =====
No eligible PDFs to process this run.
===== Run started Sun Mar  1 19:17:17 GMT 2026 =====
No eligible PDFs to process this run.
===== Run started Sun Mar  1 20:01:38 GMT 2026 =====
No eligible PDFs to process this run.
===== Run started Sun Mar  1 21:30:00 GMT 2026 =====
No eligible PDFs to process this run.
===== Run started Sun Mar  1 21:45:00 GMT 2026 =====
No eligible PDFs to process this run.
===== Run started Sun Mar  1 22:00:00 GMT 2026 =====
No eligible PDFs to process this run.
===== Run started Sun Mar  1 22:15:00 GMT 2026 =====
No eligible PDFs to process this run.
===== Run started Sun Mar  1 22:30:00 GMT 2026 =====
No eligible PDFs to process this run.
===== Run started Sun Mar  1 22:45:00 GMT 2026 =====
No eligible PDFs to process this run.
===== Run started Sun Mar  1 23:00:00 GMT 2026 =====
No eligible PDFs to process this run.
===== Run started Sun Mar  1 23:15:01 GMT 2026 =====
No eligible PDFs to process this run.
===== Run started Sun Mar  1 23:30:01 GMT 2026 =====
No eligible PDFs to process this run.
===== Run started Sun Mar  1 23:45:00 GMT 2026 =====
No eligible PDFs to process this run.
===== Run started Mon Mar  2 00:00:00 GMT 2026 =====
No eligible PDFs to process this run.
===== Run started Mon Mar  2 00:15:00 GMT 2026 =====
No eligible PDFs to process this run.
===== Run started Mon Mar  2 00:30:00 GMT 2026 =====
No eligible PDFs to process this run.
===== Run started Mon Mar  2 00:45:00 GMT 2026 =====
No eligible PDFs to process this run.
===== Run started Mon Mar  2 01:00:01 GMT 2026 =====
No eligible PDFs to process this run.
===== Run started Mon Mar  2 01:15:00 GMT 2026 =====
No eligible PDFs to process this run.
===== Run started Mon Mar  2 01:30:28 GMT 2026 =====
No eligible PDFs to process this run.
===== Run started Mon Mar  2 01:45:17 GMT 2026 =====
No eligible PDFs to process this run.
===== Run started Mon Mar  2 02:30:00 GMT 2026 =====
No eligible PDFs to process this run.
git push failed at Mon Mar  2 02:45:22 GMT 2026
===== Run started Mon Mar  2 03:00:00 GMT 2026 =====
No eligible PDFs to process this run.
===== Run started Mon Mar  2 03:37:29 GMT 2026 =====
No eligible PDFs to process this run.
===== Run started Mon Mar  2 04:00:00 GMT 2026 =====
No eligible PDFs to process this run.
===== Run started Mon Mar  2 04:15:00 GMT 2026 =====
No eligible PDFs to process this run.
===== Run started Mon Mar  2 04:30:01 GMT 2026 =====
No eligible PDFs to process this run.
===== Run started Mon Mar  2 05:00:29 GMT 2026 =====
No eligible PDFs to process this run.
===== Run started Mon Mar  2 05:30:00 GMT 2026 =====
No eligible PDFs to process this run.
===== Run started Mon Mar  2 06:00:01 GMT 2026 =====
No eligible PDFs to process this run.
===== Run started Mon Mar  2 06:30:00 GMT 2026 =====
No eligible PDFs to process this run.
===== Run started Mon Mar  2 07:02:44 GMT 2026 =====
No eligible PDFs to process this run.
===== Run started Mon Mar  2 07:30:00 GMT 2026 =====
No eligible PDFs to process this run.
===== Run started Mon Mar  2 08:15:00 GMT 2026 =====
No eligible PDFs to process this run.
===== Run started Mon Mar  2 08:30:00 GMT 2026 =====
No eligible PDFs to process this run.
===== Run started Mon Mar  2 08:45:00 GMT 2026 =====
No eligible PDFs to process this run.
===== Run started Mon Mar  2 09:00:00 GMT 2026 =====
No eligible PDFs to process this run.
===== Run started Mon Mar  2 09:15:00 GMT 2026 =====
No eligible PDFs to process this run.
===== Run started Mon Mar  2 09:30:00 GMT 2026 =====
No eligible PDFs to process this run.
===== Run started Mon Mar  2 09:45:00 GMT 2026 =====
No eligible PDFs to process this run.
===== Run started Mon Mar  2 10:00:00 GMT 2026 =====
No eligible PDFs to process this run.
===== Run started Mon Mar  2 10:15:00 GMT 2026 =====
No eligible PDFs to process this run.
===== Run started Mon Mar  2 10:30:01 GMT 2026 =====
No eligible PDFs to process this run.
===== Run started Mon Mar  2 10:45:00 GMT 2026 =====
No eligible PDFs to process this run.
===== Run started Mon Mar  2 11:00:00 GMT 2026 =====
No eligible PDFs to process this run.
===== Run started Mon Mar  2 11:15:00 GMT 2026 =====
No eligible PDFs to process this run.
===== Run started Mon Mar  2 11:30:00 GMT 2026 =====
No eligible PDFs to process this run.
===== Run started Mon Mar  2 11:45:00 GMT 2026 =====
No eligible PDFs to process this run.
===== Run started Mon Mar  2 12:00:00 GMT 2026 =====
No eligible PDFs to process this run.
===== Run started Mon Mar  2 12:15:00 GMT 2026 =====
No eligible PDFs to process this run.
===== Run started Mon Mar  2 12:30:00 GMT 2026 =====
No eligible PDFs to process this run.
===== Run started Mon Mar  2 12:45:00 GMT 2026 =====
No eligible PDFs to process this run.
===== Run started Mon Mar  2 13:00:00 GMT 2026 =====
No eligible PDFs to process this run.
===== Run started Mon Mar  2 13:15:00 GMT 2026 =====
No eligible PDFs to process this run.
===== Run started Mon Mar  2 13:30:00 GMT 2026 =====
No eligible PDFs to process this run.
===== Run started Mon Mar  2 13:45:00 GMT 2026 =====
No eligible PDFs to process this run.
===== Run started Mon Mar  2 14:00:00 GMT 2026 =====
No eligible PDFs to process this run.
===== Run started Mon Mar  2 14:15:00 GMT 2026 =====
No eligible PDFs to process this run.
===== Run started Mon Mar  2 14:30:00 GMT 2026 =====
No eligible PDFs to process this run.
===== Run started Mon Mar  2 14:45:00 GMT 2026 =====
No eligible PDFs to process this run.
===== Run started Mon Mar  2 15:00:00 GMT 2026 =====
No eligible PDFs to process this run.
===== Run started Mon Mar  2 15:15:00 GMT 2026 =====
No eligible PDFs to process this run.
===== Run started Mon Mar  2 16:19:22 GMT 2026 =====
No eligible PDFs to process this run.
===== Run started Mon Mar  2 16:30:01 GMT 2026 =====
No eligible PDFs to process this run.
===== Run started Mon Mar  2 16:45:00 GMT 2026 =====
No eligible PDFs to process this run.
===== Run started Mon Mar  2 17:02:19 GMT 2026 =====
No eligible PDFs to process this run.
===== Run started Mon Mar  2 17:35:41 GMT 2026 =====
No eligible PDFs to process this run.
===== Run started Mon Mar  2 17:45:19 GMT 2026 =====
No eligible PDFs to process this run.
===== Run started Mon Mar  2 18:30:00 GMT 2026 =====
No eligible PDFs to process this run.
===== Run started Mon Mar  2 19:16:50 GMT 2026 =====
No eligible PDFs to process this run.
===== Run started Mon Mar  2 19:30:00 GMT 2026 =====
No eligible PDFs to process this run.
===== Run started Mon Mar  2 19:47:41 GMT 2026 =====
No eligible PDFs to process this run.
===== Run started Mon Mar  2 20:04:35 GMT 2026 =====
No eligible PDFs to process this run.
===== Run started Mon Mar  2 20:30:00 GMT 2026 =====
No eligible PDFs to process this run.
===== Run started Mon Mar  2 20:48:43 GMT 2026 =====
No eligible PDFs to process this run.
===== Run started Mon Mar  2 21:19:31 GMT 2026 =====
No eligible PDFs to process this run.
===== Run started Mon Mar  2 22:17:41 GMT 2026 =====
No eligible PDFs to process this run.
===== Run started Mon Mar  2 22:30:01 GMT 2026 =====
No eligible PDFs to process this run.
===== Run started Mon Mar  2 22:45:00 GMT 2026 =====
No eligible PDFs to process this run.
===== Run started Mon Mar  2 23:00:00 GMT 2026 =====
No eligible PDFs to process this run.
===== Run started Mon Mar  2 23:30:01 GMT 2026 =====
No eligible PDFs to process this run.
git push failed at Mon Mar  2 23:30:05 GMT 2026
===== Run started Tue Mar  3 00:00:00 GMT 2026 =====
No eligible PDFs to process this run.
git push failed at Tue Mar  3 00:00:05 GMT 2026
===== Run started Tue Mar  3 00:15:00 GMT 2026 =====
No eligible PDFs to process this run.
git push failed at Tue Mar  3 00:15:05 GMT 2026
===== Run started Tue Mar  3 00:30:00 GMT 2026 =====
No eligible PDFs to process this run.
git push failed at Tue Mar  3 00:30:04 GMT 2026
===== Run started Tue Mar  3 01:36:22 GMT 2026 =====
No eligible PDFs to process this run.
git push failed at Tue Mar  3 01:36:27 GMT 2026
===== Run started Tue Mar  3 02:15:01 GMT 2026 =====
No eligible PDFs to process this run.
git push failed at Tue Mar  3 02:15:05 GMT 2026
===== Run started Tue Mar  3 02:30:00 GMT 2026 =====
No eligible PDFs to process this run.
git push failed at Tue Mar  3 02:30:04 GMT 2026
===== Run started Tue Mar  3 03:34:32 GMT 2026 =====
No eligible PDFs to process this run.
git push failed at Tue Mar  3 03:34:37 GMT 2026
===== Run started Tue Mar  3 04:00:00 GMT 2026 =====
No eligible PDFs to process this run.
git push failed at Tue Mar  3 04:00:05 GMT 2026
===== Run started Tue Mar  3 04:30:01 GMT 2026 =====
No eligible PDFs to process this run.
git push failed at Tue Mar  3 04:30:05 GMT 2026
===== Run started Tue Mar  3 05:00:00 GMT 2026 =====
No eligible PDFs to process this run.
git push failed at Tue Mar  3 05:00:04 GMT 2026
===== Run started Tue Mar  3 05:30:00 GMT 2026 =====
No eligible PDFs to process this run.
git push failed at Tue Mar  3 05:43:19 GMT 2026
===== Run started Tue Mar  3 05:45:00 GMT 2026 =====
No eligible PDFs to process this run.
git push failed at Tue Mar  3 05:45:04 GMT 2026
===== Run started Tue Mar  3 06:30:00 GMT 2026 =====
No eligible PDFs to process this run.
git push failed at Tue Mar  3 06:30:07 GMT 2026
===== Run started Tue Mar  3 06:50:09 GMT 2026 =====
No eligible PDFs to process this run.
git push failed at Tue Mar  3 06:50:13 GMT 2026
===== Run started Tue Mar  3 07:00:00 GMT 2026 =====
No eligible PDFs to process this run.
git push failed at Tue Mar  3 07:00:05 GMT 2026
===== Run started Tue Mar  3 07:45:01 GMT 2026 =====
No eligible PDFs to process this run.
git push failed at Tue Mar  3 07:45:05 GMT 2026
===== Run started Tue Mar  3 08:30:41 GMT 2026 =====
No eligible PDFs to process this run.
git push failed at Tue Mar  3 08:30:46 GMT 2026
===== Run started Tue Mar  3 08:49:46 GMT 2026 =====
No eligible PDFs to process this run.
git push failed at Tue Mar  3 08:49:50 GMT 2026
===== Run started Tue Mar  3 09:30:00 GMT 2026 =====
No eligible PDFs to process this run.
git push failed at Tue Mar  3 09:30:05 GMT 2026
===== Run started Tue Mar  3 09:45:37 GMT 2026 =====
No eligible PDFs to process this run.
git push failed at Tue Mar  3 09:45:42 GMT 2026
===== Run started Tue Mar  3 10:15:01 GMT 2026 =====
No eligible PDFs to process this run.
git push failed at Tue Mar  3 10:15:05 GMT 2026
===== Run started Tue Mar  3 10:34:08 GMT 2026 =====
No eligible PDFs to process this run.
git push failed at Tue Mar  3 10:34:12 GMT 2026
===== Run started Tue Mar  3 11:00:30 GMT 2026 =====
No eligible PDFs to process this run.
git push failed at Tue Mar  3 11:00:34 GMT 2026
===== Run started Tue Mar  3 11:30:00 GMT 2026 =====
No eligible PDFs to process this run.
git push failed at Tue Mar  3 11:30:04 GMT 2026
===== Run started Tue Mar  3 12:30:00 GMT 2026 =====
No eligible PDFs to process this run.
git push failed at Tue Mar  3 12:30:04 GMT 2026
===== Run started Tue Mar  3 12:45:00 GMT 2026 =====
No eligible PDFs to process this run.
git push failed at Tue Mar  3 12:45:04 GMT 2026
===== Run started Tue Mar  3 13:30:00 GMT 2026 =====
No eligible PDFs to process this run.
git push failed at Tue Mar  3 13:30:04 GMT 2026
===== Run started Tue Mar  3 13:45:00 GMT 2026 =====
No eligible PDFs to process this run.
===== Run started Tue Mar  3 14:00:00 GMT 2026 =====
No eligible PDFs to process this run.
===== Run started Tue Mar  3 14:15:01 GMT 2026 =====
No eligible PDFs to process this run.
===== Run started Tue Mar  3 14:30:00 GMT 2026 =====
No eligible PDFs to process this run.
===== Run started Tue Mar  3 14:45:00 GMT 2026 =====
No eligible PDFs to process this run.
===== Run started Tue Mar  3 15:00:00 GMT 2026 =====
No eligible PDFs to process this run.
===== Run started Tue Mar  3 15:15:00 GMT 2026 =====
No eligible PDFs to process this run.
===== Run started Tue Mar  3 15:30:00 GMT 2026 =====
No eligible PDFs to process this run.
===== Run started Tue Mar  3 15:45:00 GMT 2026 =====
No eligible PDFs to process this run.
===== Run started Tue Mar  3 16:00:00 GMT 2026 =====
No eligible PDFs to process this run.
===== Run started Tue Mar  3 16:15:00 GMT 2026 =====
No eligible PDFs to process this run.
===== Run started Tue Mar  3 16:30:00 GMT 2026 =====
No eligible PDFs to process this run.
===== Run started Tue Mar  3 16:45:00 GMT 2026 =====
No eligible PDFs to process this run.
===== Run started Tue Mar  3 17:00:00 GMT 2026 =====
No eligible PDFs to process this run.
===== Run started Tue Mar  3 17:15:00 GMT 2026 =====
No eligible PDFs to process this run.
===== Run started Tue Mar  3 17:30:00 GMT 2026 =====
No eligible PDFs to process this run.
===== Run started Tue Mar  3 17:45:00 GMT 2026 =====
No eligible PDFs to process this run.
===== Run started Tue Mar  3 18:00:00 GMT 2026 =====
No eligible PDFs to process this run.
===== Run started Tue Mar  3 18:15:00 GMT 2026 =====
No eligible PDFs to process this run.
===== Run started Tue Mar  3 18:30:00 GMT 2026 =====
No eligible PDFs to process this run.
===== Run started Tue Mar  3 18:45:00 GMT 2026 =====
No eligible PDFs to process this run.
===== Run started Tue Mar  3 19:00:00 GMT 2026 =====
No eligible PDFs to process this run.
===== Run started Tue Mar  3 19:15:00 GMT 2026 =====
/Users/juanbeltran/Developer/Honduras_coffee/_r/scripts/run_reports.py:253: FutureWarning: DataFrame.applymap has been deprecated. Use DataFrame.map instead.
  df = df.applymap(lambda x: x.strip() if isinstance(x, str) else x)
/Users/juanbeltran/Developer/Honduras_coffee/_r/scripts/run_reports.py:253: FutureWarning: DataFrame.applymap has been deprecated. Use DataFrame.map instead.
  df = df.applymap(lambda x: x.strip() if isinstance(x, str) else x)
✅ 2026-03-03T14-02 [exporttegus@gmail.com] Boletín Estadístico IHCAFE al 03 de Marzo de 2026.pdf: 12 rows
✅ [exporttegus@gmail.com] 2026-03-03T14-02 Boletin Estadistico Comercialización 03-03-2026.pdf: 12 rows
Saved latest + appended historical. Historical file: /Users/juanbeltran/Developer/Honduras_coffee/_r/outputs/historical/honduras_reports_historical.csv
===== Run started Tue Mar  3 19:30:00 GMT 2026 =====
No eligible PDFs to process this run.
===== Run started Tue Mar  3 19:45:00 GMT 2026 =====
No eligible PDFs to process this run.
===== Run started Tue Mar  3 20:00:00 GMT 2026 =====
No eligible PDFs to process this run.
===== Run started Tue Mar  3 20:15:00 GMT 2026 =====
No eligible PDFs to process this run.
===== Run started Tue Mar  3 20:30:00 GMT 2026 =====
No eligible PDFs to process this run.
===== Run started Tue Mar  3 20:45:00 GMT 2026 =====
No eligible PDFs to process this run.
===== Run started Tue Mar  3 21:00:00 GMT 2026 =====
No eligible PDFs to process this run.
===== Run started Tue Mar  3 21:15:00 GMT 2026 =====
No eligible PDFs to process this run.
===== Run started Tue Mar  3 21:30:00 GMT 2026 =====
No eligible PDFs to process this run.
===== Run started Tue Mar  3 21:45:00 GMT 2026 =====
No eligible PDFs to process this run.
===== Run started Tue Mar  3 22:00:00 GMT 2026 =====
No eligible PDFs to process this run.
===== Run started Tue Mar  3 22:15:01 GMT 2026 =====
No eligible PDFs to process this run.
===== Run started Tue Mar  3 22:30:00 GMT 2026 =====
No eligible PDFs to process this run.
===== Run started Tue Mar  3 22:45:00 GMT 2026 =====
No eligible PDFs to process this run.
===== Run started Tue Mar  3 23:00:00 GMT 2026 =====
No eligible PDFs to process this run.
===== Run started Tue Mar  3 23:15:00 GMT 2026 =====
No eligible PDFs to process this run.
===== Run started Tue Mar  3 23:30:00 GMT 2026 =====
No eligible PDFs to process this run.
===== Run started Tue Mar  3 23:45:01 GMT 2026 =====
No eligible PDFs to process this run.
===== Run started Wed Mar  4 00:00:00 GMT 2026 =====
No eligible PDFs to process this run.
===== Run started Wed Mar  4 00:15:00 GMT 2026 =====
No eligible PDFs to process this run.
===== Run started Wed Mar  4 00:30:00 GMT 2026 =====
No eligible PDFs to process this run.
===== Run started Wed Mar  4 00:45:00 GMT 2026 =====
No eligible PDFs to process this run.
===== Run started Wed Mar  4 01:00:00 GMT 2026 =====
No eligible PDFs to process this run.
===== Run started Wed Mar  4 01:15:00 GMT 2026 =====
No eligible PDFs to process this run.
===== Run started Wed Mar  4 01:30:00 GMT 2026 =====
No eligible PDFs to process this run.
===== Run started Wed Mar  4 01:45:00 GMT 2026 =====
No eligible PDFs to process this run.
===== Run started Wed Mar  4 02:00:00 GMT 2026 =====
No eligible PDFs to process this run.
===== Run started Wed Mar  4 02:30:00 GMT 2026 =====
No eligible PDFs to process this run.
===== Run started Wed Mar  4 03:03:30 GMT 2026 =====
No eligible PDFs to process this run.
===== Run started Wed Mar  4 03:30:00 GMT 2026 =====
No eligible PDFs to process this run.
===== Run started Wed Mar  4 05:30:00 GMT 2026 =====
No eligible PDFs to process this run.
===== Run started Wed Mar  4 06:30:00 GMT 2026 =====
No eligible PDFs to process this run.
===== Run started Wed Mar  4 07:00:00 GMT 2026 =====
No eligible PDFs to process this run.
===== Run started Wed Mar  4 07:30:00 GMT 2026 =====
No eligible PDFs to process this run.
===== Run started Wed Mar  4 08:31:34 GMT 2026 =====
No eligible PDFs to process this run.
===== Run started Wed Mar  4 09:00:00 GMT 2026 =====
No eligible PDFs to process this run.
===== Run started Wed Mar  4 09:15:00 GMT 2026 =====
No eligible PDFs to process this run.
===== Run started Wed Mar  4 09:30:00 GMT 2026 =====
No eligible PDFs to process this run.
===== Run started Wed Mar  4 09:45:00 GMT 2026 =====
No eligible PDFs to process this run.
===== Run started Wed Mar  4 10:00:00 GMT 2026 =====
No eligible PDFs to process this run.
===== Run started Wed Mar  4 10:15:00 GMT 2026 =====
No eligible PDFs to process this run.
===== Run started Wed Mar  4 10:30:01 GMT 2026 =====
No eligible PDFs to process this run.
===== Run started Wed Mar  4 10:45:00 GMT 2026 =====
No eligible PDFs to process this run.
===== Run started Wed Mar  4 11:00:00 GMT 2026 =====
No eligible PDFs to process this run.
===== Run started Wed Mar  4 11:15:00 GMT 2026 =====
No eligible PDFs to process this run.
===== Run started Wed Mar  4 11:30:00 GMT 2026 =====
No eligible PDFs to process this run.
===== Run started Wed Mar  4 11:45:00 GMT 2026 =====
No eligible PDFs to process this run.
===== Run started Wed Mar  4 12:00:00 GMT 2026 =====
No eligible PDFs to process this run.
===== Run started Wed Mar  4 12:15:00 GMT 2026 =====
No eligible PDFs to process this run.
===== Run started Wed Mar  4 12:30:01 GMT 2026 =====
No eligible PDFs to process this run.
===== Run started Wed Mar  4 13:15:00 GMT 2026 =====
No eligible PDFs to process this run.
===== Run started Wed Mar  4 13:45:00 GMT 2026 =====
No eligible PDFs to process this run.
===== Run started Wed Mar  4 14:00:00 GMT 2026 =====
No eligible PDFs to process this run.
===== Run started Wed Mar  4 14:15:00 GMT 2026 =====
No eligible PDFs to process this run.
===== Run started Wed Mar  4 14:30:00 GMT 2026 =====
No eligible PDFs to process this run.
===== Run started Wed Mar  4 14:45:00 GMT 2026 =====
No eligible PDFs to process this run.
===== Run started Wed Mar  4 15:00:01 GMT 2026 =====
No eligible PDFs to process this run.
===== Run started Wed Mar  4 15:15:00 GMT 2026 =====
No eligible PDFs to process this run.
===== Run started Wed Mar  4 15:45:00 GMT 2026 =====
No eligible PDFs to process this run.
===== Run started Wed Mar  4 16:15:00 GMT 2026 =====
No eligible PDFs to process this run.
===== Run started Wed Mar  4 17:00:00 GMT 2026 =====
No eligible PDFs to process this run.
===== Run started Wed Mar  4 17:30:00 GMT 2026 =====
No eligible PDFs to process this run.
===== Run started Wed Mar  4 17:45:00 GMT 2026 =====
No eligible PDFs to process this run.
===== Run started Wed Mar  4 18:00:00 GMT 2026 =====
No eligible PDFs to process this run.
===== Run started Wed Mar  4 18:15:00 GMT 2026 =====
No eligible PDFs to process this run.
===== Run started Wed Mar  4 18:30:01 GMT 2026 =====
No eligible PDFs to process this run.
===== Run started Wed Mar  4 18:45:00 GMT 2026 =====
No eligible PDFs to process this run.
===== Run started Wed Mar  4 19:00:01 GMT 2026 =====
No eligible PDFs to process this run.
===== Run started Wed Mar  4 19:15:01 GMT 2026 =====
/Users/juanbeltran/Developer/Honduras_coffee/_r/scripts/run_reports.py:253: FutureWarning: DataFrame.applymap has been deprecated. Use DataFrame.map instead.
  df = df.applymap(lambda x: x.strip() if isinstance(x, str) else x)
/Users/juanbeltran/Developer/Honduras_coffee/_r/scripts/run_reports.py:253: FutureWarning: DataFrame.applymap has been deprecated. Use DataFrame.map instead.
  df = df.applymap(lambda x: x.strip() if isinstance(x, str) else x)
✅ 2026-03-04T14-01 [exporttegus@gmail.com] Boletín Estadístico IHCAFE al 04 de Marzo de 2026.pdf: 12 rows
✅ [exporttegus@gmail.com] 2026-03-04T14-01 Boletin Estadistico Comercialización 04-03-2026.pdf: 12 rows
Saved latest + appended historical. Historical file: /Users/juanbeltran/Developer/Honduras_coffee/_r/outputs/historical/honduras_reports_historical.csv
===== Run started Wed Mar  4 19:30:00 GMT 2026 =====
No eligible PDFs to process this run.
===== Run started Wed Mar  4 19:45:01 GMT 2026 =====
No eligible PDFs to process this run.
===== Run started Wed Mar  4 20:00:00 GMT 2026 =====
No eligible PDFs to process this run.
===== Run started Wed Mar  4 20:15:00 GMT 2026 =====
No eligible PDFs to process this run.
===== Run started Wed Mar  4 20:30:00 GMT 2026 =====
No eligible PDFs to process this run.
===== Run started Wed Mar  4 20:45:00 GMT 2026 =====
No eligible PDFs to process this run.
===== Run started Wed Mar  4 21:00:00 GMT 2026 =====
No eligible PDFs to process this run.
===== Run started Wed Mar  4 21:15:35 GMT 2026 =====
No eligible PDFs to process this run.
===== Run started Wed Mar  4 21:45:00 GMT 2026 =====
No eligible PDFs to process this run.
===== Run started Wed Mar  4 22:00:00 GMT 2026 =====
No eligible PDFs to process this run.
===== Run started Wed Mar  4 22:15:00 GMT 2026 =====
No eligible PDFs to process this run.
===== Run started Wed Mar  4 22:30:00 GMT 2026 =====
No eligible PDFs to process this run.
===== Run started Wed Mar  4 22:45:00 GMT 2026 =====
No eligible PDFs to process this run.
===== Run started Wed Mar  4 23:00:00 GMT 2026 =====
No eligible PDFs to process this run.
===== Run started Wed Mar  4 23:15:00 GMT 2026 =====
No eligible PDFs to process this run.
===== Run started Wed Mar  4 23:30:00 GMT 2026 =====
No eligible PDFs to process this run.
===== Run started Wed Mar  4 23:45:00 GMT 2026 =====
No eligible PDFs to process this run.
===== Run started Thu Mar  5 00:00:00 GMT 2026 =====
No eligible PDFs to process this run.
===== Run started Thu Mar  5 00:15:00 GMT 2026 =====
No eligible PDFs to process this run.
===== Run started Thu Mar  5 00:30:00 GMT 2026 =====
No eligible PDFs to process this run.
===== Run started Thu Mar  5 00:45:00 GMT 2026 =====
No eligible PDFs to process this run.
===== Run started Thu Mar  5 01:30:00 GMT 2026 =====
No eligible PDFs to process this run.
===== Run started Thu Mar  5 03:49:22 GMT 2026 =====
No eligible PDFs to process this run.
===== Run started Thu Mar  5 04:15:37 GMT 2026 =====
No eligible PDFs to process this run.
===== Run started Thu Mar  5 04:30:00 GMT 2026 =====
No eligible PDFs to process this run.
===== Run started Thu Mar  5 05:30:00 GMT 2026 =====
No eligible PDFs to process this run.
===== Run started Thu Mar  5 06:45:00 GMT 2026 =====
No eligible PDFs to process this run.
===== Run started Thu Mar  5 07:30:00 GMT 2026 =====
No eligible PDFs to process this run.
===== Run started Thu Mar  5 08:30:00 GMT 2026 =====
No eligible PDFs to process this run.
===== Run started Thu Mar  5 08:45:49 GMT 2026 =====
No eligible PDFs to process this run.
===== Run started Thu Mar  5 09:15:00 GMT 2026 =====
No eligible PDFs to process this run.
git push failed at Thu Mar  5 09:15:04 GMT 2026
===== Run started Thu Mar  5 09:30:00 GMT 2026 =====
No eligible PDFs to process this run.
git push failed at Thu Mar  5 09:30:04 GMT 2026
===== Run started Thu Mar  5 09:52:42 GMT 2026 =====
No eligible PDFs to process this run.
git push failed at Thu Mar  5 09:52:46 GMT 2026
===== Run started Thu Mar  5 10:00:00 GMT 2026 =====
No eligible PDFs to process this run.
git push failed at Thu Mar  5 10:00:05 GMT 2026
===== Run started Thu Mar  5 10:15:00 GMT 2026 =====
No eligible PDFs to process this run.
git push failed at Thu Mar  5 10:15:04 GMT 2026
===== Run started Thu Mar  5 10:30:00 GMT 2026 =====
No eligible PDFs to process this run.
===== Run started Thu Mar  5 10:45:01 GMT 2026 =====
No eligible PDFs to process this run.
===== Run started Thu Mar  5 11:00:00 GMT 2026 =====
No eligible PDFs to process this run.
===== Run started Thu Mar  5 11:15:00 GMT 2026 =====
No eligible PDFs to process this run.
===== Run started Thu Mar  5 11:30:01 GMT 2026 =====
No eligible PDFs to process this run.
===== Run started Thu Mar  5 11:45:00 GMT 2026 =====
No eligible PDFs to process this run.
===== Run started Thu Mar  5 12:00:00 GMT 2026 =====
No eligible PDFs to process this run.
===== Run started Thu Mar  5 12:15:00 GMT 2026 =====
No eligible PDFs to process this run.
===== Run started Thu Mar  5 12:30:00 GMT 2026 =====
No eligible PDFs to process this run.
===== Run started Thu Mar  5 12:45:00 GMT 2026 =====
No eligible PDFs to process this run.
===== Run started Thu Mar  5 13:00:00 GMT 2026 =====
No eligible PDFs to process this run.
===== Run started Thu Mar  5 13:15:00 GMT 2026 =====
No eligible PDFs to process this run.
===== Run started Thu Mar  5 13:30:00 GMT 2026 =====
No eligible PDFs to process this run.
===== Run started Thu Mar  5 13:45:00 GMT 2026 =====
No eligible PDFs to process this run.
===== Run started Thu Mar  5 14:00:00 GMT 2026 =====
No eligible PDFs to process this run.
===== Run started Thu Mar  5 14:15:00 GMT 2026 =====
No eligible PDFs to process this run.
===== Run started Thu Mar  5 14:30:00 GMT 2026 =====
No eligible PDFs to process this run.
===== Run started Thu Mar  5 14:45:01 GMT 2026 =====
No eligible PDFs to process this run.
===== Run started Thu Mar  5 15:00:00 GMT 2026 =====
No eligible PDFs to process this run.
===== Run started Thu Mar  5 15:15:00 GMT 2026 =====
No eligible PDFs to process this run.
===== Run started Thu Mar  5 15:30:00 GMT 2026 =====
No eligible PDFs to process this run.
===== Run started Thu Mar  5 15:45:00 GMT 2026 =====
No eligible PDFs to process this run.
===== Run started Thu Mar  5 16:15:00 GMT 2026 =====
No eligible PDFs to process this run.
===== Run started Thu Mar  5 16:30:00 GMT 2026 =====
No eligible PDFs to process this run.
===== Run started Thu Mar  5 16:45:00 GMT 2026 =====
No eligible PDFs to process this run.
===== Run started Thu Mar  5 17:00:00 GMT 2026 =====
No eligible PDFs to process this run.
===== Run started Thu Mar  5 17:15:00 GMT 2026 =====
No eligible PDFs to process this run.
===== Run started Thu Mar  5 17:30:00 GMT 2026 =====
No eligible PDFs to process this run.
===== Run started Thu Mar  5 17:45:01 GMT 2026 =====
No eligible PDFs to process this run.
===== Run started Thu Mar  5 18:00:00 GMT 2026 =====
No eligible PDFs to process this run.
===== Run started Thu Mar  5 18:15:01 GMT 2026 =====
No eligible PDFs to process this run.
===== Run started Thu Mar  5 18:30:00 GMT 2026 =====
No eligible PDFs to process this run.
===== Run started Thu Mar  5 18:45:00 GMT 2026 =====
No eligible PDFs to process this run.
===== Run started Thu Mar  5 19:00:00 GMT 2026 =====
No eligible PDFs to process this run.
===== Run started Thu Mar  5 19:15:00 GMT 2026 =====
/Users/juanbeltran/Developer/Honduras_coffee/_r/scripts/run_reports.py:253: FutureWarning: DataFrame.applymap has been deprecated. Use DataFrame.map instead.
  df = df.applymap(lambda x: x.strip() if isinstance(x, str) else x)
/Users/juanbeltran/Developer/Honduras_coffee/_r/scripts/run_reports.py:253: FutureWarning: DataFrame.applymap has been deprecated. Use DataFrame.map instead.
  df = df.applymap(lambda x: x.strip() if isinstance(x, str) else x)
✅ 2026-03-05T14-06 [exporttegus@gmail.com] Boletín Estadístico IHCAFE al 05 de Marzo de 2026.pdf: 12 rows
✅ [exporttegus@gmail.com] 2026-03-05T14-06 Boletin Estadistico Comercialización 05-03-2026.pdf: 12 rows
Saved latest + appended historical. Historical file: /Users/juanbeltran/Developer/Honduras_coffee/_r/outputs/historical/honduras_reports_historical.csv
===== Run started Thu Mar  5 19:30:00 GMT 2026 =====
No eligible PDFs to process this run.
===== Run started Thu Mar  5 19:45:00 GMT 2026 =====
No eligible PDFs to process this run.
===== Run started Thu Mar  5 20:00:00 GMT 2026 =====
No eligible PDFs to process this run.
===== Run started Thu Mar  5 20:15:00 GMT 2026 =====
No eligible PDFs to process this run.
===== Run started Thu Mar  5 20:32:52 GMT 2026 =====
No eligible PDFs to process this run.
===== Run started Thu Mar  5 21:00:39 GMT 2026 =====
No eligible PDFs to process this run.
===== Run started Thu Mar  5 21:30:00 GMT 2026 =====
No eligible PDFs to process this run.
===== Run started Thu Mar  5 21:48:10 GMT 2026 =====
No eligible PDFs to process this run.
===== Run started Thu Mar  5 22:15:01 GMT 2026 =====
No eligible PDFs to process this run.
===== Run started Thu Mar  5 22:34:17 GMT 2026 =====
No eligible PDFs to process this run.
===== Run started Thu Mar  5 22:46:43 GMT 2026 =====
No eligible PDFs to process this run.
===== Run started Thu Mar  5 23:04:11 GMT 2026 =====
No eligible PDFs to process this run.
===== Run started Thu Mar  5 23:30:01 GMT 2026 =====
No eligible PDFs to process this run.
===== Run started Fri Mar  6 00:15:00 GMT 2026 =====
No eligible PDFs to process this run.
===== Run started Fri Mar  6 00:30:00 GMT 2026 =====
No eligible PDFs to process this run.
===== Run started Fri Mar  6 01:15:08 GMT 2026 =====
No eligible PDFs to process this run.
===== Run started Fri Mar  6 01:30:00 GMT 2026 =====
No eligible PDFs to process this run.
===== Run started Fri Mar  6 02:00:00 GMT 2026 =====
No eligible PDFs to process this run.
===== Run started Fri Mar  6 02:30:00 GMT 2026 =====
No eligible PDFs to process this run.
===== Run started Fri Mar  6 03:00:00 GMT 2026 =====
No eligible PDFs to process this run.
===== Run started Fri Mar  6 03:30:00 GMT 2026 =====
No eligible PDFs to process this run.
===== Run started Fri Mar  6 04:00:00 GMT 2026 =====
No eligible PDFs to process this run.
===== Run started Fri Mar  6 04:30:00 GMT 2026 =====
No eligible PDFs to process this run.
git push failed at Fri Mar  6 04:30:05 GMT 2026
===== Run started Fri Mar  6 05:48:57 GMT 2026 =====
No eligible PDFs to process this run.
git push failed at Fri Mar  6 05:49:02 GMT 2026
===== Run started Fri Mar  6 06:30:58 GMT 2026 =====
No eligible PDFs to process this run.
git push failed at Fri Mar  6 06:31:02 GMT 2026
===== Run started Fri Mar  6 07:33:15 GMT 2026 =====
No eligible PDFs to process this run.
git push failed at Fri Mar  6 07:33:20 GMT 2026
===== Run started Fri Mar  6 07:45:00 GMT 2026 =====
No eligible PDFs to process this run.
git push failed at Fri Mar  6 07:45:04 GMT 2026
===== Run started Fri Mar  6 08:37:58 GMT 2026 =====
No eligible PDFs to process this run.
git push failed at Fri Mar  6 08:38:03 GMT 2026
===== Run started Fri Mar  6 08:45:00 GMT 2026 =====
No eligible PDFs to process this run.
git push failed at Fri Mar  6 08:45:03 GMT 2026
===== Run started Fri Mar  6 09:18:14 GMT 2026 =====
No eligible PDFs to process this run.
git push failed at Fri Mar  6 09:18:18 GMT 2026
===== Run started Fri Mar  6 09:30:00 GMT 2026 =====
No eligible PDFs to process this run.
git push failed at Fri Mar  6 09:30:04 GMT 2026
===== Run started Fri Mar  6 09:47:39 GMT 2026 =====
No eligible PDFs to process this run.
git push failed at Fri Mar  6 09:47:44 GMT 2026
===== Run started Fri Mar  6 10:30:00 GMT 2026 =====
No eligible PDFs to process this run.
git push failed at Fri Mar  6 10:30:04 GMT 2026
===== Run started Fri Mar  6 10:45:00 GMT 2026 =====
No eligible PDFs to process this run.
git push failed at Fri Mar  6 10:45:04 GMT 2026
===== Run started Fri Mar  6 11:00:00 GMT 2026 =====
No eligible PDFs to process this run.
git push failed at Fri Mar  6 11:00:05 GMT 2026
===== Run started Fri Mar  6 11:17:04 GMT 2026 =====
No eligible PDFs to process this run.
git push failed at Fri Mar  6 11:17:08 GMT 2026
===== Run started Fri Mar  6 11:30:00 GMT 2026 =====
No eligible PDFs to process this run.
git push failed at Fri Mar  6 11:30:04 GMT 2026
===== Run started Fri Mar  6 12:30:00 GMT 2026 =====
No eligible PDFs to process this run.
git push failed at Fri Mar  6 12:30:05 GMT 2026
===== Run started Fri Mar  6 13:00:00 GMT 2026 =====
No eligible PDFs to process this run.
git push failed at Fri Mar  6 13:00:04 GMT 2026
===== Run started Fri Mar  6 13:30:01 GMT 2026 =====
Traceback (most recent call last):
  File "/Users/juanbeltran/Developer/Honduras_coffee/_r/scripts/run_reports.py", line 511, in <module>
    run_once(
  File "/Users/juanbeltran/Developer/Honduras_coffee/_r/scripts/run_reports.py", line 346, in run_once
    folder_id = find_folder_id_by_name(service, folder_name)
                ^^^^^^^^^^^^^^^^^^^^^^^^^^^^^^^^^^^^^^^^^^^^
  File "/Users/juanbeltran/Developer/Honduras_coffee/_r/scripts/run_reports.py", line 60, in find_folder_id_by_name
    resp = service.files().list(q=q, fields="files(id, name)").execute()
           ^^^^^^^^^^^^^^^^^^^^^^^^^^^^^^^^^^^^^^^^^^^^^^^^^^^^^^^^^^^^^
  File "/Users/juanbeltran/miniforge3/envs/CCS/lib/python3.12/site-packages/googleapiclient/_helpers.py", line 130, in positional_wrapper
    return wrapped(*args, **kwargs)
           ^^^^^^^^^^^^^^^^^^^^^^^^
  File "/Users/juanbeltran/miniforge3/envs/CCS/lib/python3.12/site-packages/googleapiclient/http.py", line 923, in execute
    resp, content = _retry_request(
                    ^^^^^^^^^^^^^^^
  File "/Users/juanbeltran/miniforge3/envs/CCS/lib/python3.12/site-packages/googleapiclient/http.py", line 222, in _retry_request
    raise exception
  File "/Users/juanbeltran/miniforge3/envs/CCS/lib/python3.12/site-packages/googleapiclient/http.py", line 191, in _retry_request
    resp, content = http.request(uri, method, *args, **kwargs)
                    ^^^^^^^^^^^^^^^^^^^^^^^^^^^^^^^^^^^^^^^^^^
  File "/Users/juanbeltran/miniforge3/envs/CCS/lib/python3.12/site-packages/google_auth_httplib2.py", line 216, in request
    response, content = self.http.request(
                        ^^^^^^^^^^^^^^^^^^
  File "/Users/juanbeltran/miniforge3/envs/CCS/lib/python3.12/site-packages/httplib2/__init__.py", line 1727, in request
    (response, content) = self._request(
                          ^^^^^^^^^^^^^^
  File "/Users/juanbeltran/miniforge3/envs/CCS/lib/python3.12/site-packages/httplib2/__init__.py", line 1447, in _request
    (response, content) = self._conn_request(conn, request_uri, method, body, headers)
                          ^^^^^^^^^^^^^^^^^^^^^^^^^^^^^^^^^^^^^^^^^^^^^^^^^^^^^^^^^^^^
  File "/Users/juanbeltran/miniforge3/envs/CCS/lib/python3.12/site-packages/httplib2/__init__.py", line 1399, in _conn_request
    response = conn.getresponse()
               ^^^^^^^^^^^^^^^^^^
  File "/Users/juanbeltran/miniforge3/envs/CCS/lib/python3.12/http/client.py", line 1428, in getresponse
    response.begin()
  File "/Users/juanbeltran/miniforge3/envs/CCS/lib/python3.12/http/client.py", line 331, in begin
    version, status, reason = self._read_status()
                              ^^^^^^^^^^^^^^^^^^^
  File "/Users/juanbeltran/miniforge3/envs/CCS/lib/python3.12/http/client.py", line 292, in _read_status
    line = str(self.fp.readline(_MAXLINE + 1), "iso-8859-1")
               ^^^^^^^^^^^^^^^^^^^^^^^^^^^^^^
  File "/Users/juanbeltran/miniforge3/envs/CCS/lib/python3.12/socket.py", line 720, in readinto
    return self._sock.recv_into(b)
           ^^^^^^^^^^^^^^^^^^^^^^^
  File "/Users/juanbeltran/miniforge3/envs/CCS/lib/python3.12/ssl.py", line 1252, in recv_into
    return self.read(nbytes, buffer)
           ^^^^^^^^^^^^^^^^^^^^^^^^^
  File "/Users/juanbeltran/miniforge3/envs/CCS/lib/python3.12/ssl.py", line 1104, in read
    return self._sslobj.read(len, buffer)
           ^^^^^^^^^^^^^^^^^^^^^^^^^^^^^^
TimeoutError: The read operation timed out
===== Run started Fri Mar  6 14:15:01 GMT 2026 =====
No eligible PDFs to process this run.
git push failed at Fri Mar  6 14:15:05 GMT 2026
===== Run started Fri Mar  6 14:30:00 GMT 2026 =====
No eligible PDFs to process this run.
git push failed at Fri Mar  6 14:30:04 GMT 2026
===== Run started Fri Mar  6 14:45:00 GMT 2026 =====
No eligible PDFs to process this run.
git push failed at Fri Mar  6 14:45:04 GMT 2026
===== Run started Fri Mar  6 15:00:00 GMT 2026 =====
No eligible PDFs to process this run.
git push failed at Fri Mar  6 15:00:04 GMT 2026
===== Run started Fri Mar  6 15:45:00 GMT 2026 =====
No eligible PDFs to process this run.
git push failed at Fri Mar  6 15:45:05 GMT 2026
===== Run started Fri Mar  6 16:00:00 GMT 2026 =====
No eligible PDFs to process this run.
git push failed at Fri Mar  6 16:00:05 GMT 2026
===== Run started Fri Mar  6 16:15:00 GMT 2026 =====
No eligible PDFs to process this run.
git push failed at Fri Mar  6 16:15:05 GMT 2026
===== Run started Fri Mar  6 16:34:00 GMT 2026 =====
No eligible PDFs to process this run.
git push failed at Fri Mar  6 16:34:05 GMT 2026
===== Run started Fri Mar  6 17:00:00 GMT 2026 =====
No eligible PDFs to process this run.
git push failed at Fri Mar  6 17:00:04 GMT 2026
===== Run started Fri Mar  6 17:15:00 GMT 2026 =====
No eligible PDFs to process this run.
git push failed at Fri Mar  6 17:15:05 GMT 2026
===== Run started Fri Mar  6 17:30:00 GMT 2026 =====
No eligible PDFs to process this run.
git push failed at Fri Mar  6 17:30:04 GMT 2026
===== Run started Fri Mar  6 17:53:26 GMT 2026 =====
No eligible PDFs to process this run.
git push failed at Fri Mar  6 17:53:30 GMT 2026
===== Run started Fri Mar  6 18:05:45 GMT 2026 =====
No eligible PDFs to process this run.
git push failed at Fri Mar  6 18:05:49 GMT 2026
===== Run started Fri Mar  6 18:15:01 GMT 2026 =====
No eligible PDFs to process this run.
git push failed at Fri Mar  6 18:15:05 GMT 2026
===== Run started Fri Mar  6 18:30:00 GMT 2026 =====
No eligible PDFs to process this run.
git push failed at Fri Mar  6 18:30:05 GMT 2026
===== Run started Fri Mar  6 19:00:00 GMT 2026 =====
No eligible PDFs to process this run.
git push failed at Fri Mar  6 19:00:04 GMT 2026
===== Run started Fri Mar  6 19:19:44 GMT 2026 =====
/Users/juanbeltran/Developer/Honduras_coffee/_r/scripts/run_reports.py:253: FutureWarning: DataFrame.applymap has been deprecated. Use DataFrame.map instead.
  df = df.applymap(lambda x: x.strip() if isinstance(x, str) else x)
/Users/juanbeltran/Developer/Honduras_coffee/_r/scripts/run_reports.py:253: FutureWarning: DataFrame.applymap has been deprecated. Use DataFrame.map instead.
  df = df.applymap(lambda x: x.strip() if isinstance(x, str) else x)
✅ 2026-03-06T13-59 [exporttegus@gmail.com] Boletín Estadístico IHCAFE al 06 de Marzo de 2026.pdf: 12 rows
✅ [exporttegus@gmail.com] 2026-03-06T13-59 Boletin Estadistico Comercialización 06-03-2026.pdf: 12 rows
Saved latest + appended historical. Historical file: /Users/juanbeltran/Developer/Honduras_coffee/_r/outputs/historical/honduras_reports_historical.csv
git push failed at Fri Mar  6 19:19:52 GMT 2026
===== Run started Fri Mar  6 19:30:00 GMT 2026 =====
No eligible PDFs to process this run.
git push failed at Fri Mar  6 19:30:06 GMT 2026
===== Run started Fri Mar  6 20:00:01 GMT 2026 =====
No eligible PDFs to process this run.
git push failed at Fri Mar  6 20:00:05 GMT 2026
===== Run started Fri Mar  6 20:15:01 GMT 2026 =====
No eligible PDFs to process this run.
git push failed at Fri Mar  6 20:15:05 GMT 2026
===== Run started Fri Mar  6 20:30:00 GMT 2026 =====
No eligible PDFs to process this run.
git push failed at Fri Mar  6 20:30:04 GMT 2026
===== Run started Fri Mar  6 20:47:54 GMT 2026 =====
No eligible PDFs to process this run.
git push failed at Fri Mar  6 20:47:58 GMT 2026
===== Run started Fri Mar  6 21:01:49 GMT 2026 =====
No eligible PDFs to process this run.
git push failed at Fri Mar  6 21:01:53 GMT 2026
===== Run started Fri Mar  6 21:15:29 GMT 2026 =====
No eligible PDFs to process this run.
git push failed at Fri Mar  6 21:15:33 GMT 2026
===== Run started Fri Mar  6 21:30:00 GMT 2026 =====
No eligible PDFs to process this run.
git push failed at Fri Mar  6 21:30:06 GMT 2026
===== Run started Fri Mar  6 22:19:43 GMT 2026 =====
No eligible PDFs to process this run.
git push failed at Fri Mar  6 22:19:47 GMT 2026
===== Run started Fri Mar  6 22:34:41 GMT 2026 =====
No eligible PDFs to process this run.
git push failed at Fri Mar  6 22:34:45 GMT 2026
===== Run started Fri Mar  6 22:48:00 GMT 2026 =====
No eligible PDFs to process this run.
git push failed at Fri Mar  6 22:48:04 GMT 2026
===== Run started Fri Mar  6 23:15:00 GMT 2026 =====
No eligible PDFs to process this run.
git push failed at Fri Mar  6 23:15:05 GMT 2026
===== Run started Fri Mar  6 23:30:00 GMT 2026 =====
No eligible PDFs to process this run.
git push failed at Fri Mar  6 23:30:04 GMT 2026
===== Run started Fri Mar  6 23:45:27 GMT 2026 =====
No eligible PDFs to process this run.
git push failed at Fri Mar  6 23:45:31 GMT 2026
===== Run started Sat Mar  7 00:22:15 GMT 2026 =====
No eligible PDFs to process this run.
git push failed at Sat Mar  7 00:22:20 GMT 2026
===== Run started Sat Mar  7 00:30:00 GMT 2026 =====
No eligible PDFs to process this run.
git push failed at Sat Mar  7 00:30:05 GMT 2026
===== Run started Sat Mar  7 01:32:23 GMT 2026 =====
No eligible PDFs to process this run.
git push failed at Sat Mar  7 01:32:27 GMT 2026
===== Run started Sat Mar  7 02:17:20 GMT 2026 =====
No eligible PDFs to process this run.
git push failed at Sat Mar  7 02:17:24 GMT 2026
===== Run started Sat Mar  7 02:33:29 GMT 2026 =====
No eligible PDFs to process this run.
git push failed at Sat Mar  7 02:33:33 GMT 2026
===== Run started Sat Mar  7 03:00:00 GMT 2026 =====
No eligible PDFs to process this run.
git push failed at Sat Mar  7 03:00:05 GMT 2026
===== Run started Sat Mar  7 03:30:01 GMT 2026 =====
No eligible PDFs to process this run.
git push failed at Sat Mar  7 03:30:05 GMT 2026
===== Run started Sat Mar  7 04:16:28 GMT 2026 =====
No eligible PDFs to process this run.
git push failed at Sat Mar  7 04:16:32 GMT 2026
===== Run started Sat Mar  7 05:00:36 GMT 2026 =====
No eligible PDFs to process this run.
git push failed at Sat Mar  7 05:00:41 GMT 2026
===== Run started Sat Mar  7 05:45:00 GMT 2026 =====
No eligible PDFs to process this run.
git push failed at Sat Mar  7 05:45:04 GMT 2026
===== Run started Sat Mar  7 06:00:00 GMT 2026 =====
No eligible PDFs to process this run.
git push failed at Sat Mar  7 06:00:04 GMT 2026
===== Run started Sat Mar  7 06:30:00 GMT 2026 =====
No eligible PDFs to process this run.
git push failed at Sat Mar  7 06:30:04 GMT 2026
===== Run started Sat Mar  7 07:30:00 GMT 2026 =====
No eligible PDFs to process this run.
git push failed at Sat Mar  7 07:30:04 GMT 2026
===== Run started Sat Mar  7 08:00:00 GMT 2026 =====
No eligible PDFs to process this run.
git push failed at Sat Mar  7 08:00:06 GMT 2026
===== Run started Sat Mar  7 08:30:01 GMT 2026 =====
No eligible PDFs to process this run.
git push failed at Sat Mar  7 08:30:05 GMT 2026
===== Run started Sat Mar  7 08:45:00 GMT 2026 =====
No eligible PDFs to process this run.
===== Run started Sat Mar  7 09:00:00 GMT 2026 =====
No eligible PDFs to process this run.
===== Run started Sat Mar  7 09:51:16 GMT 2026 =====
No eligible PDFs to process this run.
===== Run started Sat Mar  7 10:05:12 GMT 2026 =====
No eligible PDFs to process this run.
===== Run started Sat Mar  7 11:07:25 GMT 2026 =====
No eligible PDFs to process this run.
===== Run started Sat Mar  7 12:00:00 GMT 2026 =====
No eligible PDFs to process this run.
===== Run started Sat Mar  7 12:35:36 GMT 2026 =====
No eligible PDFs to process this run.
===== Run started Sat Mar  7 13:00:01 GMT 2026 =====
No eligible PDFs to process this run.
===== Run started Sat Mar  7 13:15:00 GMT 2026 =====
No eligible PDFs to process this run.
===== Run started Sat Mar  7 14:00:00 GMT 2026 =====
No eligible PDFs to process this run.
===== Run started Sat Mar  7 14:15:00 GMT 2026 =====
No eligible PDFs to process this run.
===== Run started Sat Mar  7 14:30:00 GMT 2026 =====
No eligible PDFs to process this run.
===== Run started Sat Mar  7 14:45:00 GMT 2026 =====
No eligible PDFs to process this run.
===== Run started Sat Mar  7 15:15:00 GMT 2026 =====
No eligible PDFs to process this run.
===== Run started Sat Mar  7 15:30:00 GMT 2026 =====
No eligible PDFs to process this run.
===== Run started Sat Mar  7 15:45:00 GMT 2026 =====
No eligible PDFs to process this run.
===== Run started Sat Mar  7 16:00:01 GMT 2026 =====
No eligible PDFs to process this run.
===== Run started Sat Mar  7 16:34:53 GMT 2026 =====
No eligible PDFs to process this run.
===== Run started Sat Mar  7 17:30:00 GMT 2026 =====
No eligible PDFs to process this run.
git push failed at Sat Mar  7 17:30:06 GMT 2026
===== Run started Sat Mar  7 18:00:00 GMT 2026 =====
No eligible PDFs to process this run.
git push failed at Sat Mar  7 18:00:04 GMT 2026
===== Run started Sat Mar  7 19:00:00 GMT 2026 =====
No eligible PDFs to process this run.
git push failed at Sat Mar  7 19:00:04 GMT 2026
===== Run started Sat Mar  7 19:15:00 GMT 2026 =====
No eligible PDFs to process this run.
git push failed at Sat Mar  7 19:15:05 GMT 2026
===== Run started Sat Mar  7 20:15:00 GMT 2026 =====
No eligible PDFs to process this run.
git push failed at Sat Mar  7 20:15:05 GMT 2026
===== Run started Sat Mar  7 21:08:35 GMT 2026 =====
No eligible PDFs to process this run.
git push failed at Sat Mar  7 21:08:39 GMT 2026
===== Run started Sat Mar  7 21:15:02 GMT 2026 =====
No eligible PDFs to process this run.
git push failed at Sat Mar  7 21:15:07 GMT 2026
===== Run started Sat Mar  7 22:15:51 GMT 2026 =====
No eligible PDFs to process this run.
git push failed at Sat Mar  7 22:15:55 GMT 2026
===== Run started Sat Mar  7 23:15:00 GMT 2026 =====
No eligible PDFs to process this run.
git push failed at Sat Mar  7 23:15:04 GMT 2026
===== Run started Sun Mar  8 00:15:00 GMT 2026 =====
No eligible PDFs to process this run.
git push failed at Sun Mar  8 00:15:05 GMT 2026
===== Run started Sun Mar  8 01:00:00 GMT 2026 =====
No eligible PDFs to process this run.
git push failed at Sun Mar  8 01:00:04 GMT 2026
===== Run started Sun Mar  8 02:15:01 GMT 2026 =====
No eligible PDFs to process this run.
git push failed at Sun Mar  8 02:15:05 GMT 2026
===== Run started Sun Mar  8 03:00:00 GMT 2026 =====
No eligible PDFs to process this run.
git push failed at Sun Mar  8 03:00:04 GMT 2026
===== Run started Sun Mar  8 03:48:28 GMT 2026 =====
No eligible PDFs to process this run.
git push failed at Sun Mar  8 03:48:32 GMT 2026
===== Run started Sun Mar  8 04:30:00 GMT 2026 =====
No eligible PDFs to process this run.
git push failed at Sun Mar  8 04:30:05 GMT 2026
===== Run started Sun Mar  8 06:00:01 GMT 2026 =====
No eligible PDFs to process this run.
git push failed at Sun Mar  8 06:00:05 GMT 2026
===== Run started Sun Mar  8 06:45:00 GMT 2026 =====
No eligible PDFs to process this run.
git push failed at Sun Mar  8 06:45:04 GMT 2026
===== Run started Sun Mar  8 07:00:00 GMT 2026 =====
No eligible PDFs to process this run.
git push failed at Sun Mar  8 07:00:04 GMT 2026
===== Run started Sun Mar  8 07:30:00 GMT 2026 =====
No eligible PDFs to process this run.
git push failed at Sun Mar  8 07:30:04 GMT 2026
===== Run started Sun Mar  8 08:34:42 GMT 2026 =====
No eligible PDFs to process this run.
git push failed at Sun Mar  8 08:34:48 GMT 2026
===== Run started Sun Mar  8 09:07:12 GMT 2026 =====
No eligible PDFs to process this run.
git push failed at Sun Mar  8 09:07:16 GMT 2026
===== Run started Sun Mar  8 09:35:14 GMT 2026 =====
No eligible PDFs to process this run.
git push failed at Sun Mar  8 09:35:18 GMT 2026
===== Run started Sun Mar  8 10:08:33 GMT 2026 =====
No eligible PDFs to process this run.
git push failed at Sun Mar  8 10:08:38 GMT 2026
===== Run started Sun Mar  8 10:15:00 GMT 2026 =====
No eligible PDFs to process this run.
git push failed at Sun Mar  8 10:15:04 GMT 2026
===== Run started Sun Mar  8 11:08:46 GMT 2026 =====
No eligible PDFs to process this run.
git push failed at Sun Mar  8 11:08:51 GMT 2026
===== Run started Sun Mar  8 13:00:00 GMT 2026 =====
No eligible PDFs to process this run.
git push failed at Sun Mar  8 13:00:04 GMT 2026
===== Run started Sun Mar  8 14:35:58 GMT 2026 =====
No eligible PDFs to process this run.
git push failed at Sun Mar  8 14:36:02 GMT 2026
===== Run started Sun Mar  8 14:45:00 GMT 2026 =====
No eligible PDFs to process this run.
git push failed at Sun Mar  8 14:45:04 GMT 2026
===== Run started Sun Mar  8 15:00:00 GMT 2026 =====
No eligible PDFs to process this run.
git push failed at Sun Mar  8 15:00:03 GMT 2026
===== Run started Sun Mar  8 15:15:00 GMT 2026 =====
No eligible PDFs to process this run.
git push failed at Sun Mar  8 15:15:03 GMT 2026
===== Run started Sun Mar  8 15:30:00 GMT 2026 =====
No eligible PDFs to process this run.
git push failed at Sun Mar  8 15:30:04 GMT 2026
===== Run started Sun Mar  8 16:15:00 GMT 2026 =====
No eligible PDFs to process this run.
git push failed at Sun Mar  8 16:15:05 GMT 2026
===== Run started Sun Mar  8 17:00:00 GMT 2026 =====
No eligible PDFs to process this run.
git push failed at Sun Mar  8 17:00:04 GMT 2026
===== Run started Sun Mar  8 17:19:58 GMT 2026 =====
No eligible PDFs to process this run.
git push failed at Sun Mar  8 17:20:02 GMT 2026
===== Run started Sun Mar  8 17:31:21 GMT 2026 =====
No eligible PDFs to process this run.
git push failed at Sun Mar  8 17:31:26 GMT 2026
===== Run started Sun Mar  8 18:03:28 GMT 2026 =====
No eligible PDFs to process this run.
git push failed at Sun Mar  8 18:03:33 GMT 2026
===== Run started Sun Mar  8 18:15:00 GMT 2026 =====
No eligible PDFs to process this run.
git push failed at Sun Mar  8 18:15:04 GMT 2026
===== Run started Sun Mar  8 19:15:01 GMT 2026 =====
No eligible PDFs to process this run.
git push failed at Sun Mar  8 19:15:05 GMT 2026
===== Run started Sun Mar  8 20:15:00 GMT 2026 =====
No eligible PDFs to process this run.
git push failed at Sun Mar  8 20:15:04 GMT 2026
===== Run started Sun Mar  8 21:00:01 GMT 2026 =====
No eligible PDFs to process this run.
===== Run started Sun Mar  8 21:15:00 GMT 2026 =====
No eligible PDFs to process this run.
===== Run started Sun Mar  8 21:30:01 GMT 2026 =====
No eligible PDFs to process this run.
===== Run started Sun Mar  8 21:45:00 GMT 2026 =====
No eligible PDFs to process this run.
===== Run started Sun Mar  8 22:00:00 GMT 2026 =====
No eligible PDFs to process this run.
===== Run started Sun Mar  8 22:15:00 GMT 2026 =====
No eligible PDFs to process this run.
===== Run started Sun Mar  8 22:30:01 GMT 2026 =====
No eligible PDFs to process this run.
===== Run started Sun Mar  8 22:45:00 GMT 2026 =====
No eligible PDFs to process this run.
===== Run started Sun Mar  8 23:00:00 GMT 2026 =====
No eligible PDFs to process this run.
===== Run started Sun Mar  8 23:15:00 GMT 2026 =====
No eligible PDFs to process this run.
===== Run started Sun Mar  8 23:30:00 GMT 2026 =====
No eligible PDFs to process this run.
===== Run started Sun Mar  8 23:45:00 GMT 2026 =====
No eligible PDFs to process this run.
===== Run started Mon Mar  9 00:00:00 GMT 2026 =====
No eligible PDFs to process this run.
===== Run started Mon Mar  9 00:15:01 GMT 2026 =====
No eligible PDFs to process this run.
===== Run started Mon Mar  9 00:30:00 GMT 2026 =====
No eligible PDFs to process this run.
===== Run started Mon Mar  9 00:45:00 GMT 2026 =====
No eligible PDFs to process this run.
===== Run started Mon Mar  9 01:34:43 GMT 2026 =====
No eligible PDFs to process this run.
===== Run started Mon Mar  9 02:07:49 GMT 2026 =====
No eligible PDFs to process this run.
===== Run started Mon Mar  9 02:30:00 GMT 2026 =====
No eligible PDFs to process this run.
===== Run started Mon Mar  9 02:45:00 GMT 2026 =====
No eligible PDFs to process this run.
===== Run started Mon Mar  9 03:30:00 GMT 2026 =====
No eligible PDFs to process this run.
===== Run started Mon Mar  9 04:00:00 GMT 2026 =====
No eligible PDFs to process this run.
===== Run started Mon Mar  9 04:30:00 GMT 2026 =====
No eligible PDFs to process this run.
===== Run started Mon Mar  9 05:30:00 GMT 2026 =====
No eligible PDFs to process this run.
===== Run started Mon Mar  9 06:15:00 GMT 2026 =====
No eligible PDFs to process this run.
===== Run started Mon Mar  9 06:30:03 GMT 2026 =====
No eligible PDFs to process this run.
===== Run started Mon Mar  9 07:02:37 GMT 2026 =====
No eligible PDFs to process this run.
===== Run started Mon Mar  9 07:15:00 GMT 2026 =====
No eligible PDFs to process this run.
===== Run started Mon Mar  9 07:30:00 GMT 2026 =====
No eligible PDFs to process this run.
===== Run started Mon Mar  9 07:45:19 GMT 2026 =====
No eligible PDFs to process this run.
===== Run started Mon Mar  9 08:00:00 GMT 2026 =====
No eligible PDFs to process this run.
===== Run started Mon Mar  9 08:15:00 GMT 2026 =====
No eligible PDFs to process this run.
===== Run started Mon Mar  9 08:30:00 GMT 2026 =====
No eligible PDFs to process this run.
===== Run started Mon Mar  9 08:45:01 GMT 2026 =====
No eligible PDFs to process this run.
===== Run started Mon Mar  9 09:00:01 GMT 2026 =====
No eligible PDFs to process this run.
===== Run started Mon Mar  9 09:15:01 GMT 2026 =====
No eligible PDFs to process this run.
===== Run started Mon Mar  9 09:30:00 GMT 2026 =====
No eligible PDFs to process this run.
===== Run started Mon Mar  9 09:45:00 GMT 2026 =====
No eligible PDFs to process this run.
===== Run started Mon Mar  9 10:00:00 GMT 2026 =====
No eligible PDFs to process this run.
===== Run started Mon Mar  9 10:15:00 GMT 2026 =====
No eligible PDFs to process this run.
===== Run started Mon Mar  9 10:30:00 GMT 2026 =====
No eligible PDFs to process this run.
===== Run started Mon Mar  9 10:45:00 GMT 2026 =====
No eligible PDFs to process this run.
===== Run started Mon Mar  9 11:00:00 GMT 2026 =====
No eligible PDFs to process this run.
===== Run started Mon Mar  9 11:15:00 GMT 2026 =====
No eligible PDFs to process this run.
===== Run started Mon Mar  9 11:30:00 GMT 2026 =====
No eligible PDFs to process this run.
===== Run started Mon Mar  9 11:45:01 GMT 2026 =====
No eligible PDFs to process this run.
===== Run started Mon Mar  9 12:00:00 GMT 2026 =====
No eligible PDFs to process this run.
===== Run started Mon Mar  9 12:15:00 GMT 2026 =====
No eligible PDFs to process this run.
===== Run started Mon Mar  9 12:30:00 GMT 2026 =====
No eligible PDFs to process this run.
===== Run started Mon Mar  9 12:45:01 GMT 2026 =====
No eligible PDFs to process this run.
===== Run started Mon Mar  9 13:00:00 GMT 2026 =====
No eligible PDFs to process this run.
===== Run started Mon Mar  9 13:15:00 GMT 2026 =====
No eligible PDFs to process this run.
===== Run started Mon Mar  9 13:35:34 GMT 2026 =====
No eligible PDFs to process this run.
===== Run started Mon Mar  9 14:15:00 GMT 2026 =====
No eligible PDFs to process this run.
===== Run started Mon Mar  9 14:30:01 GMT 2026 =====
No eligible PDFs to process this run.
===== Run started Mon Mar  9 14:45:00 GMT 2026 =====
No eligible PDFs to process this run.
===== Run started Mon Mar  9 15:00:00 GMT 2026 =====
No eligible PDFs to process this run.
===== Run started Mon Mar  9 15:30:00 GMT 2026 =====
No eligible PDFs to process this run.
===== Run started Mon Mar  9 15:45:13 GMT 2026 =====
No eligible PDFs to process this run.
===== Run started Mon Mar  9 16:30:00 GMT 2026 =====
No eligible PDFs to process this run.
===== Run started Mon Mar  9 17:15:00 GMT 2026 =====
No eligible PDFs to process this run.
===== Run started Mon Mar  9 17:30:00 GMT 2026 =====
No eligible PDFs to process this run.
===== Run started Mon Mar  9 18:37:30 GMT 2026 =====
No eligible PDFs to process this run.
===== Run started Mon Mar  9 18:47:13 GMT 2026 =====
No eligible PDFs to process this run.
===== Run started Mon Mar  9 19:15:00 GMT 2026 =====
/Users/juanbeltran/Developer/Honduras_coffee/_r/scripts/run_reports.py:253: FutureWarning: DataFrame.applymap has been deprecated. Use DataFrame.map instead.
  df = df.applymap(lambda x: x.strip() if isinstance(x, str) else x)
/Users/juanbeltran/Developer/Honduras_coffee/_r/scripts/run_reports.py:253: FutureWarning: DataFrame.applymap has been deprecated. Use DataFrame.map instead.
  df = df.applymap(lambda x: x.strip() if isinstance(x, str) else x)
✅ 2026-03-09T14-57 [exporttegus@gmail.com] Boletín Estadístico IHCAFE al 09 de Marzo de 2026.pdf: 12 rows
✅ [exporttegus@gmail.com] 2026-03-09T14-57 Boletin Estadistico Comercialización 09-03-2026.pdf: 12 rows
Saved latest + appended historical. Historical file: /Users/juanbeltran/Developer/Honduras_coffee/_r/outputs/historical/honduras_reports_historical.csv
===== Run started Mon Mar  9 19:30:00 GMT 2026 =====
No eligible PDFs to process this run.
===== Run started Mon Mar  9 20:00:00 GMT 2026 =====
No eligible PDFs to process this run.
===== Run started Mon Mar  9 20:15:29 GMT 2026 =====
No eligible PDFs to process this run.
===== Run started Mon Mar  9 20:32:44 GMT 2026 =====
No eligible PDFs to process this run.
===== Run started Mon Mar  9 21:06:05 GMT 2026 =====
No eligible PDFs to process this run.
===== Run started Mon Mar  9 21:30:00 GMT 2026 =====
No eligible PDFs to process this run.
git push failed at Mon Mar  9 21:30:03 GMT 2026
===== Run started Mon Mar  9 22:15:29 GMT 2026 =====
No eligible PDFs to process this run.
git push failed at Mon Mar  9 22:15:33 GMT 2026
===== Run started Mon Mar  9 22:45:00 GMT 2026 =====
No eligible PDFs to process this run.
git push failed at Mon Mar  9 22:45:04 GMT 2026
===== Run started Tue Mar 10 00:21:09 GMT 2026 =====
No eligible PDFs to process this run.
git push failed at Tue Mar 10 00:21:13 GMT 2026
===== Run started Tue Mar 10 01:15:00 GMT 2026 =====
No eligible PDFs to process this run.
git push failed at Tue Mar 10 01:15:05 GMT 2026
===== Run started Tue Mar 10 01:45:03 GMT 2026 =====
No eligible PDFs to process this run.
git push failed at Tue Mar 10 01:45:07 GMT 2026
===== Run started Tue Mar 10 04:00:00 GMT 2026 =====
No eligible PDFs to process this run.
git push failed at Tue Mar 10 04:00:05 GMT 2026
===== Run started Tue Mar 10 05:30:06 GMT 2026 =====
No eligible PDFs to process this run.
git push failed at Tue Mar 10 05:30:11 GMT 2026
===== Run started Tue Mar 10 06:34:13 GMT 2026 =====
No eligible PDFs to process this run.
git push failed at Tue Mar 10 06:34:18 GMT 2026
===== Run started Tue Mar 10 06:49:17 GMT 2026 =====
No eligible PDFs to process this run.
git push failed at Tue Mar 10 06:49:21 GMT 2026
===== Run started Tue Mar 10 07:00:00 GMT 2026 =====
No eligible PDFs to process this run.
git push failed at Tue Mar 10 07:00:03 GMT 2026
===== Run started Tue Mar 10 07:30:00 GMT 2026 =====
No eligible PDFs to process this run.
git push failed at Tue Mar 10 07:30:03 GMT 2026
===== Run started Tue Mar 10 07:45:11 GMT 2026 =====
No eligible PDFs to process this run.
git push failed at Tue Mar 10 07:45:14 GMT 2026
===== Run started Tue Mar 10 08:30:00 GMT 2026 =====
No eligible PDFs to process this run.
git push failed at Tue Mar 10 08:30:03 GMT 2026
===== Run started Tue Mar 10 09:38:53 GMT 2026 =====
No eligible PDFs to process this run.
git push failed at Tue Mar 10 09:38:57 GMT 2026
===== Run started Tue Mar 10 09:45:32 GMT 2026 =====
No eligible PDFs to process this run.
git push failed at Tue Mar 10 09:45:36 GMT 2026
===== Run started Tue Mar 10 10:16:18 GMT 2026 =====
No eligible PDFs to process this run.
git push failed at Tue Mar 10 10:16:23 GMT 2026
===== Run started Tue Mar 10 10:30:02 GMT 2026 =====
No eligible PDFs to process this run.
git push failed at Tue Mar 10 10:30:07 GMT 2026
===== Run started Tue Mar 10 10:45:00 GMT 2026 =====
No eligible PDFs to process this run.
===== Run started Tue Mar 10 11:00:00 GMT 2026 =====
No eligible PDFs to process this run.
===== Run started Tue Mar 10 11:15:00 GMT 2026 =====
No eligible PDFs to process this run.
===== Run started Tue Mar 10 11:30:00 GMT 2026 =====
No eligible PDFs to process this run.
===== Run started Tue Mar 10 11:45:00 GMT 2026 =====
No eligible PDFs to process this run.
===== Run started Tue Mar 10 12:00:00 GMT 2026 =====
No eligible PDFs to process this run.
===== Run started Tue Mar 10 12:15:01 GMT 2026 =====
No eligible PDFs to process this run.
===== Run started Tue Mar 10 12:30:01 GMT 2026 =====
No eligible PDFs to process this run.
===== Run started Tue Mar 10 12:45:00 GMT 2026 =====
No eligible PDFs to process this run.
===== Run started Tue Mar 10 13:00:00 GMT 2026 =====
No eligible PDFs to process this run.
===== Run started Tue Mar 10 13:15:01 GMT 2026 =====
No eligible PDFs to process this run.
===== Run started Tue Mar 10 13:30:00 GMT 2026 =====
No eligible PDFs to process this run.
===== Run started Tue Mar 10 13:45:00 GMT 2026 =====
No eligible PDFs to process this run.
===== Run started Tue Mar 10 14:00:00 GMT 2026 =====
No eligible PDFs to process this run.
===== Run started Tue Mar 10 14:15:01 GMT 2026 =====
No eligible PDFs to process this run.
===== Run started Tue Mar 10 14:30:00 GMT 2026 =====
No eligible PDFs to process this run.
===== Run started Tue Mar 10 14:45:00 GMT 2026 =====
No eligible PDFs to process this run.
===== Run started Tue Mar 10 15:00:00 GMT 2026 =====
No eligible PDFs to process this run.
===== Run started Tue Mar 10 15:15:01 GMT 2026 =====
No eligible PDFs to process this run.
===== Run started Tue Mar 10 15:30:00 GMT 2026 =====
No eligible PDFs to process this run.
===== Run started Tue Mar 10 15:45:00 GMT 2026 =====
No eligible PDFs to process this run.
===== Run started Tue Mar 10 16:00:00 GMT 2026 =====
No eligible PDFs to process this run.
===== Run started Tue Mar 10 16:15:01 GMT 2026 =====
No eligible PDFs to process this run.
===== Run started Tue Mar 10 16:30:00 GMT 2026 =====
No eligible PDFs to process this run.
===== Run started Tue Mar 10 16:45:00 GMT 2026 =====
No eligible PDFs to process this run.
===== Run started Tue Mar 10 17:00:00 GMT 2026 =====
No eligible PDFs to process this run.
===== Run started Tue Mar 10 17:15:00 GMT 2026 =====
No eligible PDFs to process this run.
===== Run started Tue Mar 10 17:30:00 GMT 2026 =====
No eligible PDFs to process this run.
===== Run started Tue Mar 10 17:45:00 GMT 2026 =====
No eligible PDFs to process this run.
===== Run started Tue Mar 10 18:00:01 GMT 2026 =====
No eligible PDFs to process this run.
===== Run started Tue Mar 10 18:15:00 GMT 2026 =====
No eligible PDFs to process this run.
===== Run started Tue Mar 10 18:30:00 GMT 2026 =====
No eligible PDFs to process this run.
===== Run started Tue Mar 10 18:45:00 GMT 2026 =====
No eligible PDFs to process this run.
===== Run started Tue Mar 10 19:00:00 GMT 2026 =====
No eligible PDFs to process this run.
===== Run started Tue Mar 10 19:15:00 GMT 2026 =====
/Users/juanbeltran/Developer/Honduras_coffee/_r/scripts/run_reports.py:253: FutureWarning: DataFrame.applymap has been deprecated. Use DataFrame.map instead.
  df = df.applymap(lambda x: x.strip() if isinstance(x, str) else x)
/Users/juanbeltran/Developer/Honduras_coffee/_r/scripts/run_reports.py:253: FutureWarning: DataFrame.applymap has been deprecated. Use DataFrame.map instead.
  df = df.applymap(lambda x: x.strip() if isinstance(x, str) else x)
✅ 2026-03-10T14-57 [exporttegus@gmail.com] Boletín Estadístico IHCAFE al 10 de Marzo de 2026.pdf: 12 rows
✅ [exporttegus@gmail.com] 2026-03-10T14-57 Boletin Estadistico Comercialización 10-03-2026.pdf: 12 rows
Saved latest + appended historical. Historical file: /Users/juanbeltran/Developer/Honduras_coffee/_r/outputs/historical/honduras_reports_historical.csv
===== Run started Tue Mar 10 19:30:00 GMT 2026 =====
No eligible PDFs to process this run.
===== Run started Tue Mar 10 19:45:00 GMT 2026 =====
No eligible PDFs to process this run.
===== Run started Tue Mar 10 20:00:00 GMT 2026 =====
No eligible PDFs to process this run.
===== Run started Tue Mar 10 20:15:00 GMT 2026 =====
No eligible PDFs to process this run.
===== Run started Tue Mar 10 20:30:00 GMT 2026 =====
No eligible PDFs to process this run.
===== Run started Tue Mar 10 21:00:00 GMT 2026 =====
No eligible PDFs to process this run.
===== Run started Tue Mar 10 21:32:35 GMT 2026 =====
No eligible PDFs to process this run.
===== Run started Tue Mar 10 22:00:00 GMT 2026 =====
No eligible PDFs to process this run.
===== Run started Tue Mar 10 22:30:00 GMT 2026 =====
No eligible PDFs to process this run.
===== Run started Tue Mar 10 23:00:00 GMT 2026 =====
No eligible PDFs to process this run.
===== Run started Tue Mar 10 23:16:45 GMT 2026 =====
No eligible PDFs to process this run.
===== Run started Wed Mar 11 00:00:00 GMT 2026 =====
No eligible PDFs to process this run.
===== Run started Wed Mar 11 01:00:00 GMT 2026 =====
No eligible PDFs to process this run.
===== Run started Wed Mar 11 01:30:00 GMT 2026 =====
No eligible PDFs to process this run.
===== Run started Wed Mar 11 02:00:04 GMT 2026 =====
No eligible PDFs to process this run.
===== Run started Wed Mar 11 03:15:00 GMT 2026 =====
No eligible PDFs to process this run.
===== Run started Wed Mar 11 04:01:20 GMT 2026 =====
No eligible PDFs to process this run.
===== Run started Wed Mar 11 04:30:01 GMT 2026 =====
No eligible PDFs to process this run.
===== Run started Wed Mar 11 05:15:01 GMT 2026 =====
No eligible PDFs to process this run.
git push failed at Wed Mar 11 05:15:05 GMT 2026
===== Run started Wed Mar 11 06:45:00 GMT 2026 =====
No eligible PDFs to process this run.
git push failed at Wed Mar 11 06:45:07 GMT 2026
===== Run started Wed Mar 11 07:01:30 GMT 2026 =====
No eligible PDFs to process this run.
git push failed at Wed Mar 11 07:01:34 GMT 2026
===== Run started Wed Mar 11 07:15:00 GMT 2026 =====
No eligible PDFs to process this run.
===== Run started Wed Mar 11 07:30:00 GMT 2026 =====
No eligible PDFs to process this run.
===== Run started Wed Mar 11 07:45:00 GMT 2026 =====
No eligible PDFs to process this run.
===== Run started Wed Mar 11 08:00:00 GMT 2026 =====
No eligible PDFs to process this run.
===== Run started Wed Mar 11 08:15:00 GMT 2026 =====
No eligible PDFs to process this run.
===== Run started Wed Mar 11 08:30:00 GMT 2026 =====
No eligible PDFs to process this run.
===== Run started Wed Mar 11 08:45:01 GMT 2026 =====
No eligible PDFs to process this run.
===== Run started Wed Mar 11 09:00:00 GMT 2026 =====
No eligible PDFs to process this run.
===== Run started Wed Mar 11 09:15:00 GMT 2026 =====
No eligible PDFs to process this run.
===== Run started Wed Mar 11 09:30:00 GMT 2026 =====
No eligible PDFs to process this run.
===== Run started Wed Mar 11 09:45:00 GMT 2026 =====
No eligible PDFs to process this run.
===== Run started Wed Mar 11 10:00:00 GMT 2026 =====
No eligible PDFs to process this run.
===== Run started Wed Mar 11 10:15:00 GMT 2026 =====
No eligible PDFs to process this run.
===== Run started Wed Mar 11 10:30:00 GMT 2026 =====
No eligible PDFs to process this run.
===== Run started Wed Mar 11 10:45:00 GMT 2026 =====
No eligible PDFs to process this run.
===== Run started Wed Mar 11 11:00:00 GMT 2026 =====
No eligible PDFs to process this run.
===== Run started Wed Mar 11 11:15:00 GMT 2026 =====
No eligible PDFs to process this run.
===== Run started Wed Mar 11 11:30:00 GMT 2026 =====
No eligible PDFs to process this run.
===== Run started Wed Mar 11 11:48:55 GMT 2026 =====
No eligible PDFs to process this run.
===== Run started Wed Mar 11 12:00:00 GMT 2026 =====
No eligible PDFs to process this run.
===== Run started Wed Mar 11 13:15:00 GMT 2026 =====
No eligible PDFs to process this run.
===== Run started Wed Mar 11 13:45:00 GMT 2026 =====
No eligible PDFs to process this run.
===== Run started Wed Mar 11 14:00:00 GMT 2026 =====
No eligible PDFs to process this run.
===== Run started Wed Mar 11 14:15:01 GMT 2026 =====
No eligible PDFs to process this run.
===== Run started Wed Mar 11 14:30:00 GMT 2026 =====
No eligible PDFs to process this run.
===== Run started Wed Mar 11 14:45:00 GMT 2026 =====
No eligible PDFs to process this run.
===== Run started Wed Mar 11 15:00:00 GMT 2026 =====
No eligible PDFs to process this run.
===== Run started Wed Mar 11 15:45:00 GMT 2026 =====
No eligible PDFs to process this run.
===== Run started Wed Mar 11 16:23:37 GMT 2026 =====
No eligible PDFs to process this run.
===== Run started Wed Mar 11 16:49:45 GMT 2026 =====
No eligible PDFs to process this run.
===== Run started Wed Mar 11 17:15:26 GMT 2026 =====
No eligible PDFs to process this run.
===== Run started Wed Mar 11 17:30:00 GMT 2026 =====
No eligible PDFs to process this run.
===== Run started Wed Mar 11 18:15:00 GMT 2026 =====
No eligible PDFs to process this run.
===== Run started Wed Mar 11 18:30:00 GMT 2026 =====
No eligible PDFs to process this run.
===== Run started Wed Mar 11 19:19:29 GMT 2026 =====
/Users/juanbeltran/Developer/Honduras_coffee/_r/scripts/run_reports.py:253: FutureWarning: DataFrame.applymap has been deprecated. Use DataFrame.map instead.
  df = df.applymap(lambda x: x.strip() if isinstance(x, str) else x)
/Users/juanbeltran/Developer/Honduras_coffee/_r/scripts/run_reports.py:253: FutureWarning: DataFrame.applymap has been deprecated. Use DataFrame.map instead.
  df = df.applymap(lambda x: x.strip() if isinstance(x, str) else x)
✅ 2026-03-11T14-58 [exporttegus@gmail.com] Boletín Estadístico IHCAFE al 11 de Marzo de 2026.pdf: 12 rows
✅ [exporttegus@gmail.com] 2026-03-11T14-58 Boletin Estadistico Comercialización 11-03-2026.pdf: 12 rows
Saved latest + appended historical. Historical file: /Users/juanbeltran/Developer/Honduras_coffee/_r/outputs/historical/honduras_reports_historical.csv
===== Run started Wed Mar 11 20:15:00 GMT 2026 =====
No eligible PDFs to process this run.
git push failed at Wed Mar 11 20:15:05 GMT 2026
===== Run started Wed Mar 11 21:45:00 GMT 2026 =====
No eligible PDFs to process this run.
git push failed at Wed Mar 11 21:45:04 GMT 2026
===== Run started Wed Mar 11 22:07:07 GMT 2026 =====
No eligible PDFs to process this run.
git push failed at Wed Mar 11 22:07:11 GMT 2026
===== Run started Wed Mar 11 22:18:30 GMT 2026 =====
No eligible PDFs to process this run.
git push failed at Wed Mar 11 22:18:34 GMT 2026
===== Run started Wed Mar 11 22:45:01 GMT 2026 =====
No eligible PDFs to process this run.
git push failed at Wed Mar 11 22:45:06 GMT 2026
===== Run started Wed Mar 11 23:00:00 GMT 2026 =====
No eligible PDFs to process this run.
git push failed at Wed Mar 11 23:00:06 GMT 2026
===== Run started Wed Mar 11 23:45:00 GMT 2026 =====
No eligible PDFs to process this run.
git push failed at Wed Mar 11 23:45:04 GMT 2026
===== Run started Thu Mar 12 00:23:46 GMT 2026 =====
No eligible PDFs to process this run.
git push failed at Thu Mar 12 00:23:51 GMT 2026
===== Run started Thu Mar 12 00:30:00 GMT 2026 =====
No eligible PDFs to process this run.
git push failed at Thu Mar 12 00:30:04 GMT 2026
===== Run started Thu Mar 12 01:17:23 GMT 2026 =====
No eligible PDFs to process this run.
git push failed at Thu Mar 12 01:17:31 GMT 2026
===== Run started Thu Mar 12 02:15:00 GMT 2026 =====
No eligible PDFs to process this run.
git push failed at Thu Mar 12 02:15:05 GMT 2026
===== Run started Thu Mar 12 02:30:00 GMT 2026 =====
No eligible PDFs to process this run.
git push failed at Thu Mar 12 02:30:04 GMT 2026
===== Run started Thu Mar 12 02:48:57 GMT 2026 =====
No eligible PDFs to process this run.
git push failed at Thu Mar 12 02:49:00 GMT 2026
===== Run started Thu Mar 12 03:30:00 GMT 2026 =====
No eligible PDFs to process this run.
git push failed at Thu Mar 12 03:30:03 GMT 2026
===== Run started Thu Mar 12 04:15:07 GMT 2026 =====
No eligible PDFs to process this run.
git push failed at Thu Mar 12 04:15:10 GMT 2026
===== Run started Thu Mar 12 05:30:00 GMT 2026 =====
No eligible PDFs to process this run.
git push failed at Thu Mar 12 05:30:04 GMT 2026
===== Run started Thu Mar 12 05:45:00 GMT 2026 =====
No eligible PDFs to process this run.
git push failed at Thu Mar 12 05:45:04 GMT 2026
===== Run started Thu Mar 12 07:00:00 GMT 2026 =====
No eligible PDFs to process this run.
git push failed at Thu Mar 12 07:00:03 GMT 2026
===== Run started Thu Mar 12 07:45:00 GMT 2026 =====
No eligible PDFs to process this run.
git push failed at Thu Mar 12 07:45:04 GMT 2026
===== Run started Thu Mar 12 08:00:00 GMT 2026 =====
No eligible PDFs to process this run.
git push failed at Thu Mar 12 08:00:04 GMT 2026
===== Run started Thu Mar 12 08:45:00 GMT 2026 =====
No eligible PDFs to process this run.
git push failed at Thu Mar 12 08:45:03 GMT 2026
===== Run started Thu Mar 12 09:15:00 GMT 2026 =====
No eligible PDFs to process this run.
===== Run started Thu Mar 12 09:30:01 GMT 2026 =====
No eligible PDFs to process this run.
===== Run started Thu Mar 12 09:45:00 GMT 2026 =====
No eligible PDFs to process this run.
===== Run started Thu Mar 12 10:00:00 GMT 2026 =====
No eligible PDFs to process this run.
===== Run started Thu Mar 12 10:15:01 GMT 2026 =====
No eligible PDFs to process this run.
===== Run started Thu Mar 12 10:30:00 GMT 2026 =====
No eligible PDFs to process this run.
===== Run started Thu Mar 12 10:45:00 GMT 2026 =====
No eligible PDFs to process this run.
===== Run started Thu Mar 12 11:00:00 GMT 2026 =====
No eligible PDFs to process this run.
===== Run started Thu Mar 12 11:15:00 GMT 2026 =====
No eligible PDFs to process this run.
===== Run started Thu Mar 12 11:30:00 GMT 2026 =====
No eligible PDFs to process this run.
===== Run started Thu Mar 12 11:45:00 GMT 2026 =====
No eligible PDFs to process this run.
===== Run started Thu Mar 12 12:00:01 GMT 2026 =====
No eligible PDFs to process this run.
===== Run started Thu Mar 12 12:15:00 GMT 2026 =====
No eligible PDFs to process this run.
===== Run started Thu Mar 12 12:30:00 GMT 2026 =====
No eligible PDFs to process this run.
===== Run started Thu Mar 12 12:45:00 GMT 2026 =====
No eligible PDFs to process this run.
===== Run started Thu Mar 12 13:00:01 GMT 2026 =====
No eligible PDFs to process this run.
===== Run started Thu Mar 12 13:15:00 GMT 2026 =====
No eligible PDFs to process this run.
===== Run started Thu Mar 12 13:30:00 GMT 2026 =====
No eligible PDFs to process this run.
===== Run started Thu Mar 12 13:45:00 GMT 2026 =====
No eligible PDFs to process this run.
===== Run started Thu Mar 12 14:00:00 GMT 2026 =====
No eligible PDFs to process this run.
===== Run started Thu Mar 12 14:15:00 GMT 2026 =====
No eligible PDFs to process this run.
===== Run started Thu Mar 12 14:30:00 GMT 2026 =====
No eligible PDFs to process this run.
===== Run started Thu Mar 12 14:45:00 GMT 2026 =====
No eligible PDFs to process this run.
===== Run started Thu Mar 12 15:00:00 GMT 2026 =====
No eligible PDFs to process this run.
===== Run started Thu Mar 12 15:15:00 GMT 2026 =====
No eligible PDFs to process this run.
===== Run started Thu Mar 12 15:30:01 GMT 2026 =====
No eligible PDFs to process this run.
===== Run started Thu Mar 12 15:45:00 GMT 2026 =====
No eligible PDFs to process this run.
===== Run started Thu Mar 12 16:00:00 GMT 2026 =====
No eligible PDFs to process this run.
===== Run started Thu Mar 12 16:15:00 GMT 2026 =====
No eligible PDFs to process this run.
===== Run started Thu Mar 12 16:30:00 GMT 2026 =====
No eligible PDFs to process this run.
===== Run started Thu Mar 12 16:45:00 GMT 2026 =====
No eligible PDFs to process this run.
===== Run started Thu Mar 12 17:00:00 GMT 2026 =====
No eligible PDFs to process this run.
===== Run started Thu Mar 12 17:15:01 GMT 2026 =====
No eligible PDFs to process this run.
===== Run started Thu Mar 12 17:30:00 GMT 2026 =====
No eligible PDFs to process this run.
===== Run started Thu Mar 12 17:45:00 GMT 2026 =====
No eligible PDFs to process this run.
===== Run started Thu Mar 12 18:00:00 GMT 2026 =====
No eligible PDFs to process this run.
===== Run started Thu Mar 12 18:15:00 GMT 2026 =====
No eligible PDFs to process this run.
===== Run started Thu Mar 12 18:30:01 GMT 2026 =====
No eligible PDFs to process this run.
===== Run started Thu Mar 12 18:45:00 GMT 2026 =====
No eligible PDFs to process this run.
===== Run started Thu Mar 12 19:00:00 GMT 2026 =====
No eligible PDFs to process this run.
===== Run started Thu Mar 12 19:15:01 GMT 2026 =====
/Users/juanbeltran/Developer/Honduras_coffee/_r/scripts/run_reports.py:253: FutureWarning: DataFrame.applymap has been deprecated. Use DataFrame.map instead.
  df = df.applymap(lambda x: x.strip() if isinstance(x, str) else x)
/Users/juanbeltran/Developer/Honduras_coffee/_r/scripts/run_reports.py:253: FutureWarning: DataFrame.applymap has been deprecated. Use DataFrame.map instead.
  df = df.applymap(lambda x: x.strip() if isinstance(x, str) else x)
✅ 2026-03-12T14-58 [exporttegus@gmail.com] Boletín Estadístico IHCAFE al 12 de Marzo de 2026.pdf: 12 rows
✅ [exporttegus@gmail.com] 2026-03-12T14-58 Boletin Estadistico Comercialización 12-03-2026.pdf: 12 rows
Saved latest + appended historical. Historical file: /Users/juanbeltran/Developer/Honduras_coffee/_r/outputs/historical/honduras_reports_historical.csv
===== Run started Thu Mar 12 19:30:00 GMT 2026 =====
No eligible PDFs to process this run.
===== Run started Thu Mar 12 19:45:00 GMT 2026 =====
No eligible PDFs to process this run.
===== Run started Thu Mar 12 20:00:00 GMT 2026 =====
No eligible PDFs to process this run.
===== Run started Thu Mar 12 20:15:00 GMT 2026 =====
No eligible PDFs to process this run.
===== Run started Thu Mar 12 20:30:00 GMT 2026 =====
No eligible PDFs to process this run.
===== Run started Thu Mar 12 20:45:00 GMT 2026 =====
No eligible PDFs to process this run.
===== Run started Thu Mar 12 21:00:00 GMT 2026 =====
No eligible PDFs to process this run.
===== Run started Thu Mar 12 21:15:00 GMT 2026 =====
No eligible PDFs to process this run.
===== Run started Thu Mar 12 21:30:00 GMT 2026 =====
No eligible PDFs to process this run.
===== Run started Thu Mar 12 22:18:01 GMT 2026 =====
No eligible PDFs to process this run.
===== Run started Fri Mar 13 00:00:00 GMT 2026 =====
No eligible PDFs to process this run.
===== Run started Fri Mar 13 00:46:37 GMT 2026 =====
No eligible PDFs to process this run.
===== Run started Fri Mar 13 01:17:06 GMT 2026 =====
No eligible PDFs to process this run.
===== Run started Fri Mar 13 02:00:01 GMT 2026 =====
No eligible PDFs to process this run.
===== Run started Fri Mar 13 02:33:13 GMT 2026 =====
No eligible PDFs to process this run.
git push failed at Fri Mar 13 02:49:47 GMT 2026
===== Run started Fri Mar 13 04:19:22 GMT 2026 =====
No eligible PDFs to process this run.
===== Run started Fri Mar 13 04:48:21 GMT 2026 =====
No eligible PDFs to process this run.
===== Run started Fri Mar 13 05:01:59 GMT 2026 =====
No eligible PDFs to process this run.
===== Run started Fri Mar 13 06:09:16 GMT 2026 =====
No eligible PDFs to process this run.
git push failed at Fri Mar 13 06:09:21 GMT 2026
===== Run started Fri Mar 13 07:00:00 GMT 2026 =====
No eligible PDFs to process this run.
git push failed at Fri Mar 13 07:00:04 GMT 2026
===== Run started Fri Mar 13 07:45:00 GMT 2026 =====
No eligible PDFs to process this run.
===== Run started Fri Mar 13 08:00:00 GMT 2026 =====
No eligible PDFs to process this run.
===== Run started Fri Mar 13 08:15:00 GMT 2026 =====
No eligible PDFs to process this run.
===== Run started Fri Mar 13 08:30:00 GMT 2026 =====
No eligible PDFs to process this run.
===== Run started Fri Mar 13 08:45:00 GMT 2026 =====
No eligible PDFs to process this run.
===== Run started Fri Mar 13 09:00:00 GMT 2026 =====
No eligible PDFs to process this run.
===== Run started Fri Mar 13 09:15:01 GMT 2026 =====
No eligible PDFs to process this run.
===== Run started Fri Mar 13 09:30:00 GMT 2026 =====
No eligible PDFs to process this run.
===== Run started Fri Mar 13 09:45:00 GMT 2026 =====
No eligible PDFs to process this run.
===== Run started Fri Mar 13 10:00:00 GMT 2026 =====
No eligible PDFs to process this run.
===== Run started Fri Mar 13 10:15:00 GMT 2026 =====
No eligible PDFs to process this run.
===== Run started Fri Mar 13 10:30:00 GMT 2026 =====
No eligible PDFs to process this run.
===== Run started Fri Mar 13 10:45:00 GMT 2026 =====
No eligible PDFs to process this run.
===== Run started Fri Mar 13 11:00:01 GMT 2026 =====
No eligible PDFs to process this run.
===== Run started Fri Mar 13 11:15:00 GMT 2026 =====
No eligible PDFs to process this run.
===== Run started Fri Mar 13 11:30:00 GMT 2026 =====
No eligible PDFs to process this run.
===== Run started Fri Mar 13 11:45:00 GMT 2026 =====
No eligible PDFs to process this run.
===== Run started Fri Mar 13 12:00:00 GMT 2026 =====
No eligible PDFs to process this run.
===== Run started Fri Mar 13 12:15:00 GMT 2026 =====
No eligible PDFs to process this run.
===== Run started Fri Mar 13 12:30:00 GMT 2026 =====
No eligible PDFs to process this run.
===== Run started Fri Mar 13 12:45:00 GMT 2026 =====
No eligible PDFs to process this run.
===== Run started Fri Mar 13 13:00:00 GMT 2026 =====
No eligible PDFs to process this run.
===== Run started Fri Mar 13 13:15:00 GMT 2026 =====
No eligible PDFs to process this run.
===== Run started Fri Mar 13 13:30:01 GMT 2026 =====
No eligible PDFs to process this run.
===== Run started Fri Mar 13 14:01:38 GMT 2026 =====
No eligible PDFs to process this run.
===== Run started Fri Mar 13 14:15:00 GMT 2026 =====
No eligible PDFs to process this run.
===== Run started Fri Mar 13 14:30:00 GMT 2026 =====
No eligible PDFs to process this run.
===== Run started Fri Mar 13 14:45:00 GMT 2026 =====
No eligible PDFs to process this run.
===== Run started Fri Mar 13 15:00:00 GMT 2026 =====
No eligible PDFs to process this run.
===== Run started Fri Mar 13 15:15:00 GMT 2026 =====
No eligible PDFs to process this run.
===== Run started Fri Mar 13 15:46:11 GMT 2026 =====
No eligible PDFs to process this run.
===== Run started Fri Mar 13 17:30:00 GMT 2026 =====
No eligible PDFs to process this run.
===== Run started Fri Mar 13 18:03:22 GMT 2026 =====
No eligible PDFs to process this run.
===== Run started Fri Mar 13 18:16:50 GMT 2026 =====
No eligible PDFs to process this run.
===== Run started Fri Mar 13 19:06:24 GMT 2026 =====
/Users/juanbeltran/Developer/Honduras_coffee/_r/scripts/run_reports.py:253: FutureWarning: DataFrame.applymap has been deprecated. Use DataFrame.map instead.
  df = df.applymap(lambda x: x.strip() if isinstance(x, str) else x)
/Users/juanbeltran/Developer/Honduras_coffee/_r/scripts/run_reports.py:253: FutureWarning: DataFrame.applymap has been deprecated. Use DataFrame.map instead.
  df = df.applymap(lambda x: x.strip() if isinstance(x, str) else x)
✅ 2026-03-13T14-57 [exporttegus@gmail.com] Boletín Estadístico IHCAFE al 13 de Marzo de 2026.pdf: 12 rows
✅ [exporttegus@gmail.com] 2026-03-13T14-57 Boletin Estadistico Comercialización 13-03-2026.pdf: 12 rows
Saved latest + appended historical. Historical file: /Users/juanbeltran/Developer/Honduras_coffee/_r/outputs/historical/honduras_reports_historical.csv
===== Run started Fri Mar 13 20:07:09 GMT 2026 =====
No eligible PDFs to process this run.
===== Run started Fri Mar 13 20:45:00 GMT 2026 =====
No eligible PDFs to process this run.
===== Run started Fri Mar 13 22:00:00 GMT 2026 =====
No eligible PDFs to process this run.
git push failed at Fri Mar 13 22:00:05 GMT 2026
===== Run started Fri Mar 13 23:00:01 GMT 2026 =====
No eligible PDFs to process this run.
git push failed at Fri Mar 13 23:00:06 GMT 2026
===== Run started Fri Mar 13 23:15:00 GMT 2026 =====
No eligible PDFs to process this run.
git push failed at Fri Mar 13 23:15:04 GMT 2026
git push failed at Fri Mar 13 23:20:31 GMT 2026
===== Run started Fri Mar 13 23:51:27 GMT 2026 =====
No eligible PDFs to process this run.
git push failed at Fri Mar 13 23:51:31 GMT 2026
===== Run started Sat Mar 14 00:15:01 GMT 2026 =====
No eligible PDFs to process this run.
git push failed at Sat Mar 14 00:15:05 GMT 2026
===== Run started Sat Mar 14 01:15:00 GMT 2026 =====
No eligible PDFs to process this run.
git push failed at Sat Mar 14 01:15:05 GMT 2026
===== Run started Sat Mar 14 01:45:07 GMT 2026 =====
No eligible PDFs to process this run.
git push failed at Sat Mar 14 01:45:12 GMT 2026
===== Run started Sat Mar 14 02:30:00 GMT 2026 =====
No eligible PDFs to process this run.
git push failed at Sat Mar 14 02:30:05 GMT 2026
===== Run started Sat Mar 14 03:00:00 GMT 2026 =====
No eligible PDFs to process this run.
git push failed at Sat Mar 14 03:00:05 GMT 2026
===== Run started Sat Mar 14 03:46:20 GMT 2026 =====
No eligible PDFs to process this run.
git push failed at Sat Mar 14 03:46:24 GMT 2026
===== Run started Sat Mar 14 04:15:00 GMT 2026 =====
No eligible PDFs to process this run.
git push failed at Sat Mar 14 04:15:05 GMT 2026
===== Run started Sat Mar 14 05:15:00 GMT 2026 =====
No eligible PDFs to process this run.
git push failed at Sat Mar 14 05:15:04 GMT 2026
===== Run started Sat Mar 14 05:47:55 GMT 2026 =====
No eligible PDFs to process this run.
git push failed at Sat Mar 14 05:47:59 GMT 2026
===== Run started Sat Mar 14 06:00:00 GMT 2026 =====
No eligible PDFs to process this run.
git push failed at Sat Mar 14 06:00:05 GMT 2026
===== Run started Sat Mar 14 10:02:14 GMT 2026 =====
No eligible PDFs to process this run.
git push failed at Sat Mar 14 10:02:18 GMT 2026
===== Run started Sat Mar 14 12:01:17 GMT 2026 =====
No eligible PDFs to process this run.
git push failed at Sat Mar 14 12:01:22 GMT 2026
===== Run started Sat Mar 14 13:49:48 GMT 2026 =====
No eligible PDFs to process this run.
git push failed at Sat Mar 14 13:49:52 GMT 2026
===== Run started Sat Mar 14 14:00:09 GMT 2026 =====
No eligible PDFs to process this run.
git push failed at Sat Mar 14 14:00:14 GMT 2026
===== Run started Sat Mar 14 14:16:15 GMT 2026 =====
No eligible PDFs to process this run.
git push failed at Sat Mar 14 14:16:19 GMT 2026
===== Run started Sat Mar 14 15:20:31 GMT 2026 =====
No eligible PDFs to process this run.
git push failed at Sat Mar 14 15:20:35 GMT 2026
===== Run started Sat Mar 14 21:32:20 GMT 2026 =====
No eligible PDFs to process this run.
git push failed at Sat Mar 14 21:32:24 GMT 2026
===== Run started Sun Mar 15 02:00:00 GMT 2026 =====
No eligible PDFs to process this run.
git push failed at Sun Mar 15 02:00:05 GMT 2026
===== Run started Sun Mar 15 06:45:00 GMT 2026 =====
No eligible PDFs to process this run.
git push failed at Sun Mar 15 06:45:05 GMT 2026
===== Run started Sun Mar 15 07:18:37 GMT 2026 =====
No eligible PDFs to process this run.
git push failed at Sun Mar 15 07:18:41 GMT 2026
===== Run started Sun Mar 15 07:30:00 GMT 2026 =====
No eligible PDFs to process this run.
git push failed at Sun Mar 15 07:30:04 GMT 2026
===== Run started Sun Mar 15 08:18:29 GMT 2026 =====
No eligible PDFs to process this run.
git push failed at Sun Mar 15 08:18:32 GMT 2026
===== Run started Sun Mar 15 09:07:04 GMT 2026 =====
No eligible PDFs to process this run.
git push failed at Sun Mar 15 09:07:09 GMT 2026
===== Run started Sun Mar 15 09:33:51 GMT 2026 =====
No eligible PDFs to process this run.
git push failed at Sun Mar 15 09:33:55 GMT 2026
===== Run started Sun Mar 15 11:21:18 GMT 2026 =====
No eligible PDFs to process this run.
git push failed at Sun Mar 15 11:21:21 GMT 2026
===== Run started Sun Mar 15 14:45:44 GMT 2026 =====
No eligible PDFs to process this run.
git push failed at Sun Mar 15 14:45:49 GMT 2026
===== Run started Sun Mar 15 15:16:10 GMT 2026 =====
No eligible PDFs to process this run.
git push failed at Sun Mar 15 15:16:14 GMT 2026
===== Run started Sun Mar 15 18:19:01 GMT 2026 =====
No eligible PDFs to process this run.
git push failed at Sun Mar 15 18:19:05 GMT 2026
===== Run started Sun Mar 15 21:30:06 GMT 2026 =====
No eligible PDFs to process this run.
git push failed at Sun Mar 15 21:30:11 GMT 2026
===== Run started Sun Mar 15 22:16:16 GMT 2026 =====
No eligible PDFs to process this run.
git push failed at Sun Mar 15 22:16:21 GMT 2026
===== Run started Mon Mar 16 00:00:00 GMT 2026 =====
No eligible PDFs to process this run.
git push failed at Mon Mar 16 00:00:04 GMT 2026
===== Run started Mon Mar 16 06:18:29 GMT 2026 =====
No eligible PDFs to process this run.
git push failed at Mon Mar 16 06:18:35 GMT 2026
===== Run started Mon Mar 16 07:00:53 GMT 2026 =====
No eligible PDFs to process this run.
git push failed at Mon Mar 16 07:00:56 GMT 2026
===== Run started Mon Mar 16 07:37:31 GMT 2026 =====
No eligible PDFs to process this run.
git push failed at Mon Mar 16 07:37:34 GMT 2026
===== Run started Mon Mar 16 08:15:00 GMT 2026 =====
No eligible PDFs to process this run.
===== Run started Mon Mar 16 08:30:00 GMT 2026 =====
No eligible PDFs to process this run.
===== Run started Mon Mar 16 08:45:00 GMT 2026 =====
No eligible PDFs to process this run.
===== Run started Mon Mar 16 09:00:00 GMT 2026 =====
No eligible PDFs to process this run.
===== Run started Mon Mar 16 09:15:01 GMT 2026 =====
No eligible PDFs to process this run.
===== Run started Mon Mar 16 09:30:00 GMT 2026 =====
No eligible PDFs to process this run.
===== Run started Mon Mar 16 09:45:00 GMT 2026 =====
No eligible PDFs to process this run.
===== Run started Mon Mar 16 10:00:00 GMT 2026 =====
No eligible PDFs to process this run.
===== Run started Mon Mar 16 10:15:00 GMT 2026 =====
No eligible PDFs to process this run.
===== Run started Mon Mar 16 10:30:01 GMT 2026 =====
No eligible PDFs to process this run.
===== Run started Mon Mar 16 10:45:00 GMT 2026 =====
No eligible PDFs to process this run.
===== Run started Mon Mar 16 11:00:00 GMT 2026 =====
No eligible PDFs to process this run.
===== Run started Mon Mar 16 11:15:00 GMT 2026 =====
No eligible PDFs to process this run.
===== Run started Mon Mar 16 11:30:00 GMT 2026 =====
No eligible PDFs to process this run.
===== Run started Mon Mar 16 11:51:24 GMT 2026 =====
No eligible PDFs to process this run.
===== Run started Mon Mar 16 12:35:19 GMT 2026 =====
No eligible PDFs to process this run.
===== Run started Mon Mar 16 12:45:01 GMT 2026 =====
No eligible PDFs to process this run.
===== Run started Mon Mar 16 13:15:00 GMT 2026 =====
No eligible PDFs to process this run.
===== Run started Mon Mar 16 13:45:00 GMT 2026 =====
No eligible PDFs to process this run.
===== Run started Mon Mar 16 15:19:25 GMT 2026 =====
No eligible PDFs to process this run.
===== Run started Mon Mar 16 16:00:00 GMT 2026 =====
No eligible PDFs to process this run.
===== Run started Mon Mar 16 18:00:32 GMT 2026 =====
No eligible PDFs to process this run.
===== Run started Mon Mar 16 18:45:01 GMT 2026 =====
No eligible PDFs to process this run.
===== Run started Mon Mar 16 19:00:00 GMT 2026 =====
No eligible PDFs to process this run.
===== Run started Mon Mar 16 19:30:01 GMT 2026 =====
/Users/juanbeltran/Developer/Honduras_coffee/_r/scripts/run_reports.py:253: FutureWarning: DataFrame.applymap has been deprecated. Use DataFrame.map instead.
  df = df.applymap(lambda x: x.strip() if isinstance(x, str) else x)
/Users/juanbeltran/Developer/Honduras_coffee/_r/scripts/run_reports.py:253: FutureWarning: DataFrame.applymap has been deprecated. Use DataFrame.map instead.
  df = df.applymap(lambda x: x.strip() if isinstance(x, str) else x)
✅ 2026-03-16T14-57 [exporttegus@gmail.com] Boletín Estadístico IHCAFE al 16 de Marzo de 2026.pdf: 12 rows
✅ [exporttegus@gmail.com] 2026-03-16T14-57 Boletin Estadistico Comercialización 16-03-2026.pdf: 12 rows
Saved latest + appended historical. Historical file: /Users/juanbeltran/Developer/Honduras_coffee/_r/outputs/historical/honduras_reports_historical.csv
===== Run started Mon Mar 16 20:15:00 GMT 2026 =====
No eligible PDFs to process this run.
git push failed at Mon Mar 16 20:15:05 GMT 2026
===== Run started Mon Mar 16 20:30:00 GMT 2026 =====
No eligible PDFs to process this run.
git push failed at Mon Mar 16 20:30:04 GMT 2026
===== Run started Mon Mar 16 21:06:04 GMT 2026 =====
No eligible PDFs to process this run.
git push failed at Mon Mar 16 21:06:09 GMT 2026
===== Run started Mon Mar 16 21:15:00 GMT 2026 =====
No eligible PDFs to process this run.
git push failed at Mon Mar 16 21:15:05 GMT 2026
===== Run started Mon Mar 16 21:33:08 GMT 2026 =====
No eligible PDFs to process this run.
git push failed at Mon Mar 16 21:33:12 GMT 2026
===== Run started Mon Mar 16 21:52:26 GMT 2026 =====
No eligible PDFs to process this run.
git push failed at Mon Mar 16 21:52:31 GMT 2026
===== Run started Mon Mar 16 22:00:01 GMT 2026 =====
No eligible PDFs to process this run.
===== Run started Mon Mar 16 22:15:00 GMT 2026 =====
No eligible PDFs to process this run.
===== Run started Mon Mar 16 22:30:00 GMT 2026 =====
No eligible PDFs to process this run.
===== Run started Mon Mar 16 22:45:00 GMT 2026 =====
No eligible PDFs to process this run.
===== Run started Mon Mar 16 23:00:01 GMT 2026 =====
No eligible PDFs to process this run.
===== Run started Mon Mar 16 23:15:00 GMT 2026 =====
No eligible PDFs to process this run.
===== Run started Mon Mar 16 23:30:00 GMT 2026 =====
No eligible PDFs to process this run.
===== Run started Mon Mar 16 23:45:00 GMT 2026 =====
No eligible PDFs to process this run.
===== Run started Tue Mar 17 00:00:00 GMT 2026 =====
No eligible PDFs to process this run.
===== Run started Tue Mar 17 00:15:00 GMT 2026 =====
No eligible PDFs to process this run.
===== Run started Tue Mar 17 00:30:00 GMT 2026 =====
No eligible PDFs to process this run.
===== Run started Tue Mar 17 00:45:01 GMT 2026 =====
No eligible PDFs to process this run.
===== Run started Tue Mar 17 01:00:00 GMT 2026 =====
No eligible PDFs to process this run.
===== Run started Tue Mar 17 01:15:00 GMT 2026 =====
No eligible PDFs to process this run.
===== Run started Tue Mar 17 01:46:18 GMT 2026 =====
No eligible PDFs to process this run.
===== Run started Tue Mar 17 03:04:52 GMT 2026 =====
No eligible PDFs to process this run.
===== Run started Tue Mar 17 03:15:00 GMT 2026 =====
No eligible PDFs to process this run.
===== Run started Tue Mar 17 03:30:00 GMT 2026 =====
No eligible PDFs to process this run.
